2026-05-01 23:08:44,067 INFO o.s.b.StartupInfoLogger [main] Starting BackendApplication using Java 21.0.9 with PID 21696 (C:\Projects\prescribe\backend\target\classes started by Pranav in C:\Projects\prescribe\backend)
2026-05-01 23:08:44,072 INFO o.s.b.SpringApplication [main] No active profile set, falling back to 1 default profile: "default"
2026-05-01 23:08:44,914 INFO o.s.d.r.c.RepositoryConfigurationDelegate [main] Bootstrapping Spring Data JPA repositories in DEFAULT mode.
2026-05-01 23:08:45,023 INFO o.s.d.r.c.RepositoryConfigurationDelegate [main] Finished Spring Data repository scanning in 96 ms. Found 9 JPA repository interfaces.
2026-05-01 23:08:45,587 INFO o.s.b.t.TomcatWebServer [main] Tomcat initialized with port 8080 (http)
2026-05-01 23:08:45,605 INFO o.a.j.l.DirectJDKLog [main] Initializing ProtocolHandler ["http-nio-8080"]
2026-05-01 23:08:45,608 INFO o.a.j.l.DirectJDKLog [main] Starting service [Tomcat]
2026-05-01 23:08:45,608 INFO o.a.j.l.DirectJDKLog [main] Starting Servlet engine: [Apache Tomcat/11.0.18]
2026-05-01 23:08:45,670 INFO o.s.b.w.c.s.WebApplicationContextInitializer [main] Root WebApplicationContext: initialization completed in 1548 ms
2026-05-01 23:08:45,816 INFO o.h.j.i.u.LogHelper [main] HHH008540: Processing PersistenceUnitInfo [name: default]
2026-05-01 23:08:45,893 INFO o.h.Version [main] HHH000001: Hibernate ORM core version 7.2.4.Final
2026-05-01 23:08:46,857 INFO o.s.o.j.p.SpringPersistenceUnitInfo [main] No LoadTimeWeaver setup: ignoring JPA class transformer
2026-05-01 23:08:46,925 INFO c.z.h.HikariDataSource [main] HikariPool-1 - Starting...
2026-05-01 23:08:47,390 INFO c.z.h.p.HikariPool [main] HikariPool-1 - Added connection org.postgresql.jdbc.PgConnection@453a30f8
2026-05-01 23:08:47,393 INFO c.z.h.HikariDataSource [main] HikariPool-1 - Start completed.
2026-05-01 23:08:47,489 WARN o.h.e.j.d.i.DialectFactoryImpl [main] HHH90000025: PostgreSQLDialect does not need to be specified explicitly using 'hibernate.dialect' (remove the property setting and it will be selected by default)
2026-05-01 23:08:47,540 INFO o.h.e.j.e.i.JdbcEnvironmentInitiator [main] HHH10001005: Database info:
	Database JDBC URL [jdbc:postgresql://localhost:5432/postgres]
	Database driver: PostgreSQL JDBC Driver
	Database dialect: PostgreSQLDialect
	Database version: 18.3
	Default catalog/schema: postgres/public
	Autocommit mode: undefined/unknown
	Isolation level: READ_COMMITTED [default READ_COMMITTED]
	JDBC fetch size: none
	Pool: DataSourceConnectionProvider
	Minimum pool size: undefined/unknown
	Maximum pool size: undefined/unknown
2026-05-01 23:08:50,068 INFO o.h.e.t.j.p.i.JtaPlatformInitiator [main] HHH000489: No JTA platform available (set 'hibernate.transaction.jta.platform' to enable JTA platform integration)
2026-05-01 23:08:50,388 INFO o.s.o.j.AbstractEntityManagerFactoryBean [main] Initialized JPA EntityManagerFactory for persistence unit 'default'
2026-05-01 23:08:50,538 INFO o.s.d.j.r.q.QueryEnhancerFactories [main] Hibernate is in classpath; If applicable, HQL parser will be used.
2026-05-01 23:08:52,966 INFO c.s.b.s.b.s.s.SubscriptionService [main] Razorpay client initialized successfully
2026-05-01 23:08:53,121 INFO o.s.s.c.a.a.c.InitializeAuthenticationProviderBeanManagerConfigurer$InitializeAuthenticationProviderManagerConfigurer [main] Global AuthenticationManager configured with AuthenticationProvider bean with name authenticationProvider
2026-05-01 23:08:53,122 WARN o.s.s.c.a.a.c.InitializeUserDetailsBeanManagerConfigurer$InitializeUserDetailsManagerConfigurer [main] Global AuthenticationManager configured with an AuthenticationProvider bean. UserDetailsService beans will not be used by Spring Security for automatically configuring username/password login. Consider removing the AuthenticationProvider bean. Alternatively, consider using the UserDetailsService in a manually instantiated DaoAuthenticationProvider. If the current configuration is intentional, to turn off this warning, increase the logging level of 'org.springframework.security.config.annotation.authentication.configuration.InitializeUserDetailsBeanManagerConfigurer' to ERROR
2026-05-01 23:08:53,378 WARN o.s.b.j.a.JpaBaseConfiguration$JpaWebConfiguration [main] spring.jpa.open-in-view is enabled by default. Therefore, database queries may be performed during view rendering. Explicitly configure spring.jpa.open-in-view to disable this warning
2026-05-01 23:08:54,571 INFO o.a.j.l.DirectJDKLog [main] Starting ProtocolHandler ["http-nio-8080"]
2026-05-01 23:08:54,584 WARN o.s.c.s.AbstractApplicationContext [main] Exception encountered during context initialization - cancelling refresh attempt: org.springframework.context.ApplicationContextException: Failed to start bean 'webServerStartStop'
2026-05-01 23:08:54,597 INFO o.s.o.j.AbstractEntityManagerFactoryBean [main] Closing JPA EntityManagerFactory for persistence unit 'default'
2026-05-01 23:08:54,603 INFO c.z.h.HikariDataSource [main] HikariPool-1 - Shutdown initiated...
2026-05-01 23:08:54,615 INFO c.z.h.HikariDataSource [main] HikariPool-1 - Shutdown completed.
2026-05-01 23:08:54,635 INFO o.s.b.a.l.ConditionEvaluationReportLogger [main] 

Error starting ApplicationContext. To display the condition evaluation report re-run your application with 'debug' enabled.
2026-05-01 23:08:54,663 ERROR o.s.b.d.LoggingFailureAnalysisReporter [main] 

***************************
APPLICATION FAILED TO START
***************************

Description:

Web server failed to start. Port 8080 was already in use.

Action:

Identify and stop the process that's listening on port 8080 or configure this application to listen on another port.

2026-05-01 23:12:17,016 INFO o.s.b.StartupInfoLogger [main] Starting BackendApplication using Java 21.0.9 with PID 26480 (C:\Projects\prescribe\backend\target\classes started by Pranav in C:\Projects\prescribe\backend)
2026-05-01 23:12:17,019 INFO o.s.b.SpringApplication [main] No active profile set, falling back to 1 default profile: "default"
2026-05-01 23:12:17,711 INFO o.s.d.r.c.RepositoryConfigurationDelegate [main] Bootstrapping Spring Data JPA repositories in DEFAULT mode.
2026-05-01 23:12:17,801 INFO o.s.d.r.c.RepositoryConfigurationDelegate [main] Finished Spring Data repository scanning in 80 ms. Found 9 JPA repository interfaces.
2026-05-01 23:12:18,270 INFO o.s.b.t.TomcatWebServer [main] Tomcat initialized with port 8080 (http)
2026-05-01 23:12:18,282 INFO o.a.j.l.DirectJDKLog [main] Initializing ProtocolHandler ["http-nio-8080"]
2026-05-01 23:12:18,286 INFO o.a.j.l.DirectJDKLog [main] Starting service [Tomcat]
2026-05-01 23:12:18,287 INFO o.a.j.l.DirectJDKLog [main] Starting Servlet engine: [Apache Tomcat/11.0.18]
2026-05-01 23:12:18,340 INFO o.s.b.w.c.s.WebApplicationContextInitializer [main] Root WebApplicationContext: initialization completed in 1269 ms
2026-05-01 23:12:18,470 INFO o.h.j.i.u.LogHelper [main] HHH008540: Processing PersistenceUnitInfo [name: default]
2026-05-01 23:12:18,517 INFO o.h.Version [main] HHH000001: Hibernate ORM core version 7.2.4.Final
2026-05-01 23:12:18,920 INFO o.s.o.j.p.SpringPersistenceUnitInfo [main] No LoadTimeWeaver setup: ignoring JPA class transformer
2026-05-01 23:12:18,951 INFO c.z.h.HikariDataSource [main] HikariPool-1 - Starting...
2026-05-01 23:12:19,105 INFO c.z.h.p.HikariPool [main] HikariPool-1 - Added connection org.postgresql.jdbc.PgConnection@579dde54
2026-05-01 23:12:19,105 INFO c.z.h.HikariDataSource [main] HikariPool-1 - Start completed.
2026-05-01 23:12:19,139 WARN o.h.e.j.d.i.DialectFactoryImpl [main] HHH90000025: PostgreSQLDialect does not need to be specified explicitly using 'hibernate.dialect' (remove the property setting and it will be selected by default)
2026-05-01 23:12:19,161 INFO o.h.e.j.e.i.JdbcEnvironmentInitiator [main] HHH10001005: Database info:
	Database JDBC URL [jdbc:postgresql://localhost:5432/postgres]
	Database driver: PostgreSQL JDBC Driver
	Database dialect: PostgreSQLDialect
	Database version: 18.3
	Default catalog/schema: postgres/public
	Autocommit mode: undefined/unknown
	Isolation level: READ_COMMITTED [default READ_COMMITTED]
	JDBC fetch size: none
	Pool: DataSourceConnectionProvider
	Minimum pool size: undefined/unknown
	Maximum pool size: undefined/unknown
2026-05-01 23:12:20,305 INFO o.h.e.t.j.p.i.JtaPlatformInitiator [main] HHH000489: No JTA platform available (set 'hibernate.transaction.jta.platform' to enable JTA platform integration)
2026-05-01 23:12:20,402 INFO o.s.o.j.AbstractEntityManagerFactoryBean [main] Initialized JPA EntityManagerFactory for persistence unit 'default'
2026-05-01 23:12:20,454 INFO o.s.d.j.r.q.QueryEnhancerFactories [main] Hibernate is in classpath; If applicable, HQL parser will be used.
2026-05-01 23:12:21,300 INFO c.s.b.s.b.s.s.SubscriptionService [main] Razorpay client initialized successfully
2026-05-01 23:12:21,355 INFO o.s.s.c.a.a.c.InitializeAuthenticationProviderBeanManagerConfigurer$InitializeAuthenticationProviderManagerConfigurer [main] Global AuthenticationManager configured with AuthenticationProvider bean with name authenticationProvider
2026-05-01 23:12:21,355 WARN o.s.s.c.a.a.c.InitializeUserDetailsBeanManagerConfigurer$InitializeUserDetailsManagerConfigurer [main] Global AuthenticationManager configured with an AuthenticationProvider bean. UserDetailsService beans will not be used by Spring Security for automatically configuring username/password login. Consider removing the AuthenticationProvider bean. Alternatively, consider using the UserDetailsService in a manually instantiated DaoAuthenticationProvider. If the current configuration is intentional, to turn off this warning, increase the logging level of 'org.springframework.security.config.annotation.authentication.configuration.InitializeUserDetailsBeanManagerConfigurer' to ERROR
2026-05-01 23:12:21,466 WARN o.s.b.j.a.JpaBaseConfiguration$JpaWebConfiguration [main] spring.jpa.open-in-view is enabled by default. Therefore, database queries may be performed during view rendering. Explicitly configure spring.jpa.open-in-view to disable this warning
2026-05-01 23:12:21,915 INFO o.a.j.l.DirectJDKLog [main] Starting ProtocolHandler ["http-nio-8080"]
2026-05-01 23:12:21,920 INFO o.s.b.t.TomcatWebServer [main] Tomcat started on port 8080 (http) with context path '/'
2026-05-01 23:12:21,933 INFO o.s.b.StartupInfoLogger [main] Started BackendApplication in 5.433 seconds (process running for 5.824)
2026-05-01 23:12:28,222 INFO o.a.j.l.DirectJDKLog [http-nio-8080-exec-1] Initializing Spring DispatcherServlet 'dispatcherServlet'
2026-05-01 23:12:28,223 INFO o.s.w.s.FrameworkServlet [http-nio-8080-exec-1] Initializing Servlet 'dispatcherServlet'
2026-05-01 23:12:28,225 INFO o.s.w.s.FrameworkServlet [http-nio-8080-exec-1] Completed initialization in 2 ms
2026-05-01 23:12:28,395 ERROR o.a.j.l.DirectJDKLog [http-nio-8080-exec-1] Servlet.service() for servlet [dispatcherServlet] in context with path [] threw exception
io.jsonwebtoken.ExpiredJwtException: JWT expired at 2026-04-15T18:10:29Z. Current time: 2026-05-01T17:42:28Z, a difference of 1380719394 milliseconds.  Allowed clock skew: 0 milliseconds.
	at io.jsonwebtoken.impl.DefaultJwtParser.parse(DefaultJwtParser.java:427)
	at io.jsonwebtoken.impl.DefaultJwtParser.parse(DefaultJwtParser.java:529)
	at io.jsonwebtoken.impl.DefaultJwtParser.parseClaimsJws(DefaultJwtParser.java:589)
	at io.jsonwebtoken.impl.ImmutableJwtParser.parseClaimsJws(ImmutableJwtParser.java:173)
	at com.spring.boot.super30.backend.security.jwt.JwtService.extractAllClaims(JwtService.java:87)
	at com.spring.boot.super30.backend.security.jwt.JwtService.extractClaim(JwtService.java:35)
	at com.spring.boot.super30.backend.security.jwt.JwtService.extractUsername(JwtService.java:31)
	at com.spring.boot.super30.backend.security.jwt.JwtAuthenticationFilter.doFilterInternal(JwtAuthenticationFilter.java:48)
	at org.springframework.web.filter.OncePerRequestFilter.doFilter(OncePerRequestFilter.java:116)
	at org.springframework.security.web.FilterChainProxy$VirtualFilterChain.doFilter(FilterChainProxy.java:380)
	at org.springframework.security.web.authentication.AbstractAuthenticationProcessingFilter.doFilter(AbstractAuthenticationProcessingFilter.java:245)
	at org.springframework.security.web.authentication.AbstractAuthenticationProcessingFilter.doFilter(AbstractAuthenticationProcessingFilter.java:239)
	at org.springframework.security.web.FilterChainProxy$VirtualFilterChain.doFilter(FilterChainProxy.java:380)
	at org.springframework.security.oauth2.client.web.OAuth2AuthorizationRequestRedirectFilter.doFilterInternal(OAuth2AuthorizationRequestRedirectFilter.java:195)
	at org.springframework.web.filter.OncePerRequestFilter.doFilter(OncePerRequestFilter.java:116)
	at org.springframework.security.web.FilterChainProxy$VirtualFilterChain.doFilter(FilterChainProxy.java:380)
	at org.springframework.security.web.authentication.logout.LogoutFilter.doFilter(LogoutFilter.java:110)
	at org.springframework.security.web.authentication.logout.LogoutFilter.doFilter(LogoutFilter.java:96)
	at org.springframework.security.web.FilterChainProxy$VirtualFilterChain.doFilter(FilterChainProxy.java:380)
	at org.springframework.web.filter.CorsFilter.doFilterInternal(CorsFilter.java:91)
	at org.springframework.web.filter.OncePerRequestFilter.doFilter(OncePerRequestFilter.java:116)
	at org.springframework.security.web.FilterChainProxy$VirtualFilterChain.doFilter(FilterChainProxy.java:380)
	at org.springframework.security.web.header.HeaderWriterFilter.doHeadersAfter(HeaderWriterFilter.java:90)
	at org.springframework.security.web.header.HeaderWriterFilter.doFilterInternal(HeaderWriterFilter.java:75)
	at org.springframework.web.filter.OncePerRequestFilter.doFilter(OncePerRequestFilter.java:116)
	at org.springframework.security.web.FilterChainProxy$VirtualFilterChain.doFilter(FilterChainProxy.java:380)
	at org.springframework.security.web.context.SecurityContextHolderFilter.doFilter(SecurityContextHolderFilter.java:82)
	at org.springframework.security.web.context.SecurityContextHolderFilter.doFilter(SecurityContextHolderFilter.java:69)
	at org.springframework.security.web.FilterChainProxy$VirtualFilterChain.doFilter(FilterChainProxy.java:380)
	at org.springframework.security.web.context.request.async.WebAsyncManagerIntegrationFilter.doFilterInternal(WebAsyncManagerIntegrationFilter.java:62)
	at org.springframework.web.filter.OncePerRequestFilter.doFilter(OncePerRequestFilter.java:116)
	at org.springframework.security.web.FilterChainProxy$VirtualFilterChain.doFilter(FilterChainProxy.java:380)
	at org.springframework.security.web.session.DisableEncodeUrlFilter.doFilterInternal(DisableEncodeUrlFilter.java:42)
	at org.springframework.web.filter.OncePerRequestFilter.doFilter(OncePerRequestFilter.java:116)
	at org.springframework.security.web.FilterChainProxy$VirtualFilterChain.doFilter(FilterChainProxy.java:380)
	at org.springframework.security.web.FilterChainProxy.doFilterInternal(FilterChainProxy.java:237)
	at org.springframework.security.web.FilterChainProxy.doFilter(FilterChainProxy.java:195)
	at org.springframework.web.filter.CompositeFilter$VirtualFilterChain.doFilter(CompositeFilter.java:113)
	at org.springframework.web.filter.ServletRequestPathFilter.doFilter(ServletRequestPathFilter.java:52)
	at org.springframework.web.filter.CompositeFilter$VirtualFilterChain.doFilter(CompositeFilter.java:113)
	at org.springframework.web.filter.CompositeFilter.doFilter(CompositeFilter.java:74)
	at org.springframework.security.config.annotation.web.configuration.WebSecurityConfiguration$CompositeFilterChainProxy.doFilter(WebSecurityConfiguration.java:317)
	at org.springframework.web.filter.DelegatingFilterProxy.invokeDelegate(DelegatingFilterProxy.java:355)
	at org.springframework.web.filter.DelegatingFilterProxy.doFilter(DelegatingFilterProxy.java:272)
	at org.apache.catalina.core.ApplicationFilterChain.doFilter(ApplicationFilterChain.java:107)
	at org.springframework.web.filter.RequestContextFilter.doFilterInternal(RequestContextFilter.java:100)
	at org.springframework.web.filter.OncePerRequestFilter.doFilter(OncePerRequestFilter.java:116)
	at org.apache.catalina.core.ApplicationFilterChain.doFilter(ApplicationFilterChain.java:107)
	at org.springframework.web.filter.FormContentFilter.doFilterInternal(FormContentFilter.java:93)
	at org.springframework.web.filter.OncePerRequestFilter.doFilter(OncePerRequestFilter.java:116)
	at org.apache.catalina.core.ApplicationFilterChain.doFilter(ApplicationFilterChain.java:107)
	at org.springframework.web.filter.CharacterEncodingFilter.doFilterInternal(CharacterEncodingFilter.java:199)
	at org.springframework.web.filter.OncePerRequestFilter.doFilter(OncePerRequestFilter.java:116)
	at org.apache.catalina.core.ApplicationFilterChain.doFilter(ApplicationFilterChain.java:107)
	at org.apache.catalina.core.StandardWrapperValve.invoke(StandardWrapperValve.java:165)
	at org.apache.catalina.core.StandardContextValve.invoke(StandardContextValve.java:77)
	at org.apache.catalina.authenticator.AuthenticatorBase.invoke(AuthenticatorBase.java:492)
	at org.apache.catalina.core.StandardHostValve.invoke(StandardHostValve.java:113)
	at org.apache.catalina.valves.ErrorReportValve.invoke(ErrorReportValve.java:83)
	at org.apache.catalina.core.StandardEngineValve.invoke(StandardEngineValve.java:72)
	at org.apache.catalina.connector.CoyoteAdapter.service(CoyoteAdapter.java:341)
	at org.apache.coyote.http11.Http11Processor.service(Http11Processor.java:397)
	at org.apache.coyote.AbstractProcessorLight.process(AbstractProcessorLight.java:63)
	at org.apache.coyote.AbstractProtocol$ConnectionHandler.process(AbstractProtocol.java:903)
	at org.apache.tomcat.util.net.NioEndpoint$SocketProcessor.doRun(NioEndpoint.java:1779)
	at org.apache.tomcat.util.net.SocketProcessorBase.run(SocketProcessorBase.java:52)
	at org.apache.tomcat.util.threads.ThreadPoolExecutor.runWorker(ThreadPoolExecutor.java:946)
	at org.apache.tomcat.util.threads.ThreadPoolExecutor$Worker.run(ThreadPoolExecutor.java:480)
	at org.apache.tomcat.util.threads.TaskThread$WrappingRunnable.run(TaskThread.java:57)
	at java.base/java.lang.Thread.run(Thread.java:1583)
2026-05-01 23:12:29,117 ERROR o.a.j.l.DirectJDKLog [http-nio-8080-exec-1] Servlet.service() for servlet [dispatcherServlet] in context with path [] threw exception
io.jsonwebtoken.ExpiredJwtException: JWT expired at 2026-04-15T18:10:29Z. Current time: 2026-05-01T17:42:29Z, a difference of 1380720116 milliseconds.  Allowed clock skew: 0 milliseconds.
	at io.jsonwebtoken.impl.DefaultJwtParser.parse(DefaultJwtParser.java:427)
	at io.jsonwebtoken.impl.DefaultJwtParser.parse(DefaultJwtParser.java:529)
	at io.jsonwebtoken.impl.DefaultJwtParser.parseClaimsJws(DefaultJwtParser.java:589)
	at io.jsonwebtoken.impl.ImmutableJwtParser.parseClaimsJws(ImmutableJwtParser.java:173)
	at com.spring.boot.super30.backend.security.jwt.JwtService.extractAllClaims(JwtService.java:87)
	at com.spring.boot.super30.backend.security.jwt.JwtService.extractClaim(JwtService.java:35)
	at com.spring.boot.super30.backend.security.jwt.JwtService.extractUsername(JwtService.java:31)
	at com.spring.boot.super30.backend.security.jwt.JwtAuthenticationFilter.doFilterInternal(JwtAuthenticationFilter.java:48)
	at org.springframework.web.filter.OncePerRequestFilter.doFilter(OncePerRequestFilter.java:116)
	at org.springframework.security.web.FilterChainProxy$VirtualFilterChain.doFilter(FilterChainProxy.java:380)
	at org.springframework.security.web.authentication.AbstractAuthenticationProcessingFilter.doFilter(AbstractAuthenticationProcessingFilter.java:245)
	at org.springframework.security.web.authentication.AbstractAuthenticationProcessingFilter.doFilter(AbstractAuthenticationProcessingFilter.java:239)
	at org.springframework.security.web.FilterChainProxy$VirtualFilterChain.doFilter(FilterChainProxy.java:380)
	at org.springframework.security.oauth2.client.web.OAuth2AuthorizationRequestRedirectFilter.doFilterInternal(OAuth2AuthorizationRequestRedirectFilter.java:195)
	at org.springframework.web.filter.OncePerRequestFilter.doFilter(OncePerRequestFilter.java:116)
	at org.springframework.security.web.FilterChainProxy$VirtualFilterChain.doFilter(FilterChainProxy.java:380)
	at org.springframework.security.web.authentication.logout.LogoutFilter.doFilter(LogoutFilter.java:110)
	at org.springframework.security.web.authentication.logout.LogoutFilter.doFilter(LogoutFilter.java:96)
	at org.springframework.security.web.FilterChainProxy$VirtualFilterChain.doFilter(FilterChainProxy.java:380)
	at org.springframework.web.filter.CorsFilter.doFilterInternal(CorsFilter.java:91)
	at org.springframework.web.filter.OncePerRequestFilter.doFilter(OncePerRequestFilter.java:116)
	at org.springframework.security.web.FilterChainProxy$VirtualFilterChain.doFilter(FilterChainProxy.java:380)
	at org.springframework.security.web.header.HeaderWriterFilter.doHeadersAfter(HeaderWriterFilter.java:90)
	at org.springframework.security.web.header.HeaderWriterFilter.doFilterInternal(HeaderWriterFilter.java:75)
	at org.springframework.web.filter.OncePerRequestFilter.doFilter(OncePerRequestFilter.java:116)
	at org.springframework.security.web.FilterChainProxy$VirtualFilterChain.doFilter(FilterChainProxy.java:380)
	at org.springframework.security.web.context.SecurityContextHolderFilter.doFilter(SecurityContextHolderFilter.java:82)
	at org.springframework.security.web.context.SecurityContextHolderFilter.doFilter(SecurityContextHolderFilter.java:69)
	at org.springframework.security.web.FilterChainProxy$VirtualFilterChain.doFilter(FilterChainProxy.java:380)
	at org.springframework.security.web.context.request.async.WebAsyncManagerIntegrationFilter.doFilterInternal(WebAsyncManagerIntegrationFilter.java:62)
	at org.springframework.web.filter.OncePerRequestFilter.doFilter(OncePerRequestFilter.java:116)
	at org.springframework.security.web.FilterChainProxy$VirtualFilterChain.doFilter(FilterChainProxy.java:380)
	at org.springframework.security.web.session.DisableEncodeUrlFilter.doFilterInternal(DisableEncodeUrlFilter.java:42)
	at org.springframework.web.filter.OncePerRequestFilter.doFilter(OncePerRequestFilter.java:116)
	at org.springframework.security.web.FilterChainProxy$VirtualFilterChain.doFilter(FilterChainProxy.java:380)
	at org.springframework.security.web.FilterChainProxy.doFilterInternal(FilterChainProxy.java:237)
	at org.springframework.security.web.FilterChainProxy.doFilter(FilterChainProxy.java:195)
	at org.springframework.web.filter.CompositeFilter$VirtualFilterChain.doFilter(CompositeFilter.java:113)
	at org.springframework.web.filter.ServletRequestPathFilter.doFilter(ServletRequestPathFilter.java:52)
	at org.springframework.web.filter.CompositeFilter$VirtualFilterChain.doFilter(CompositeFilter.java:113)
	at org.springframework.web.filter.CompositeFilter.doFilter(CompositeFilter.java:74)
	at org.springframework.security.config.annotation.web.configuration.WebSecurityConfiguration$CompositeFilterChainProxy.doFilter(WebSecurityConfiguration.java:317)
	at org.springframework.web.filter.DelegatingFilterProxy.invokeDelegate(DelegatingFilterProxy.java:355)
	at org.springframework.web.filter.DelegatingFilterProxy.doFilter(DelegatingFilterProxy.java:272)
	at org.apache.catalina.core.ApplicationFilterChain.doFilter(ApplicationFilterChain.java:107)
	at org.springframework.web.filter.RequestContextFilter.doFilterInternal(RequestContextFilter.java:100)
	at org.springframework.web.filter.OncePerRequestFilter.doFilter(OncePerRequestFilter.java:116)
	at org.apache.catalina.core.ApplicationFilterChain.doFilter(ApplicationFilterChain.java:107)
	at org.springframework.web.filter.FormContentFilter.doFilterInternal(FormContentFilter.java:93)
	at org.springframework.web.filter.OncePerRequestFilter.doFilter(OncePerRequestFilter.java:116)
	at org.apache.catalina.core.ApplicationFilterChain.doFilter(ApplicationFilterChain.java:107)
	at org.springframework.web.filter.CharacterEncodingFilter.doFilterInternal(CharacterEncodingFilter.java:199)
	at org.springframework.web.filter.OncePerRequestFilter.doFilter(OncePerRequestFilter.java:116)
	at org.apache.catalina.core.ApplicationFilterChain.doFilter(ApplicationFilterChain.java:107)
	at org.apache.catalina.core.StandardWrapperValve.invoke(StandardWrapperValve.java:165)
	at org.apache.catalina.core.StandardContextValve.invoke(StandardContextValve.java:77)
	at org.apache.catalina.authenticator.AuthenticatorBase.invoke(AuthenticatorBase.java:492)
	at org.apache.catalina.core.StandardHostValve.invoke(StandardHostValve.java:113)
	at org.apache.catalina.valves.ErrorReportValve.invoke(ErrorReportValve.java:83)
	at org.apache.catalina.core.StandardEngineValve.invoke(StandardEngineValve.java:72)
	at org.apache.catalina.connector.CoyoteAdapter.service(CoyoteAdapter.java:341)
	at org.apache.coyote.http11.Http11Processor.service(Http11Processor.java:397)
	at org.apache.coyote.AbstractProcessorLight.process(AbstractProcessorLight.java:63)
	at org.apache.coyote.AbstractProtocol$ConnectionHandler.process(AbstractProtocol.java:903)
	at org.apache.tomcat.util.net.NioEndpoint$SocketProcessor.doRun(NioEndpoint.java:1779)
	at org.apache.tomcat.util.net.SocketProcessorBase.run(SocketProcessorBase.java:52)
	at org.apache.tomcat.util.threads.ThreadPoolExecutor.runWorker(ThreadPoolExecutor.java:946)
	at org.apache.tomcat.util.threads.ThreadPoolExecutor$Worker.run(ThreadPoolExecutor.java:480)
	at org.apache.tomcat.util.threads.TaskThread$WrappingRunnable.run(TaskThread.java:57)
	at java.base/java.lang.Thread.run(Thread.java:1583)
2026-05-01 23:12:29,117 ERROR o.a.j.l.DirectJDKLog [http-nio-8080-exec-3] Servlet.service() for servlet [dispatcherServlet] in context with path [] threw exception
io.jsonwebtoken.ExpiredJwtException: JWT expired at 2026-04-15T18:10:29Z. Current time: 2026-05-01T17:42:29Z, a difference of 1380720115 milliseconds.  Allowed clock skew: 0 milliseconds.
	at io.jsonwebtoken.impl.DefaultJwtParser.parse(DefaultJwtParser.java:427)
	at io.jsonwebtoken.impl.DefaultJwtParser.parse(DefaultJwtParser.java:529)
	at io.jsonwebtoken.impl.DefaultJwtParser.parseClaimsJws(DefaultJwtParser.java:589)
	at io.jsonwebtoken.impl.ImmutableJwtParser.parseClaimsJws(ImmutableJwtParser.java:173)
	at com.spring.boot.super30.backend.security.jwt.JwtService.extractAllClaims(JwtService.java:87)
	at com.spring.boot.super30.backend.security.jwt.JwtService.extractClaim(JwtService.java:35)
	at com.spring.boot.super30.backend.security.jwt.JwtService.extractUsername(JwtService.java:31)
	at com.spring.boot.super30.backend.security.jwt.JwtAuthenticationFilter.doFilterInternal(JwtAuthenticationFilter.java:48)
	at org.springframework.web.filter.OncePerRequestFilter.doFilter(OncePerRequestFilter.java:116)
	at org.springframework.security.web.FilterChainProxy$VirtualFilterChain.doFilter(FilterChainProxy.java:380)
	at org.springframework.security.web.authentication.AbstractAuthenticationProcessingFilter.doFilter(AbstractAuthenticationProcessingFilter.java:245)
	at org.springframework.security.web.authentication.AbstractAuthenticationProcessingFilter.doFilter(AbstractAuthenticationProcessingFilter.java:239)
	at org.springframework.security.web.FilterChainProxy$VirtualFilterChain.doFilter(FilterChainProxy.java:380)
	at org.springframework.security.oauth2.client.web.OAuth2AuthorizationRequestRedirectFilter.doFilterInternal(OAuth2AuthorizationRequestRedirectFilter.java:195)
	at org.springframework.web.filter.OncePerRequestFilter.doFilter(OncePerRequestFilter.java:116)
	at org.springframework.security.web.FilterChainProxy$VirtualFilterChain.doFilter(FilterChainProxy.java:380)
	at org.springframework.security.web.authentication.logout.LogoutFilter.doFilter(LogoutFilter.java:110)
	at org.springframework.security.web.authentication.logout.LogoutFilter.doFilter(LogoutFilter.java:96)
	at org.springframework.security.web.FilterChainProxy$VirtualFilterChain.doFilter(FilterChainProxy.java:380)
	at org.springframework.web.filter.CorsFilter.doFilterInternal(CorsFilter.java:91)
	at org.springframework.web.filter.OncePerRequestFilter.doFilter(OncePerRequestFilter.java:116)
	at org.springframework.security.web.FilterChainProxy$VirtualFilterChain.doFilter(FilterChainProxy.java:380)
	at org.springframework.security.web.header.HeaderWriterFilter.doHeadersAfter(HeaderWriterFilter.java:90)
	at org.springframework.security.web.header.HeaderWriterFilter.doFilterInternal(HeaderWriterFilter.java:75)
	at org.springframework.web.filter.OncePerRequestFilter.doFilter(OncePerRequestFilter.java:116)
	at org.springframework.security.web.FilterChainProxy$VirtualFilterChain.doFilter(FilterChainProxy.java:380)
	at org.springframework.security.web.context.SecurityContextHolderFilter.doFilter(SecurityContextHolderFilter.java:82)
	at org.springframework.security.web.context.SecurityContextHolderFilter.doFilter(SecurityContextHolderFilter.java:69)
	at org.springframework.security.web.FilterChainProxy$VirtualFilterChain.doFilter(FilterChainProxy.java:380)
	at org.springframework.security.web.context.request.async.WebAsyncManagerIntegrationFilter.doFilterInternal(WebAsyncManagerIntegrationFilter.java:62)
	at org.springframework.web.filter.OncePerRequestFilter.doFilter(OncePerRequestFilter.java:116)
	at org.springframework.security.web.FilterChainProxy$VirtualFilterChain.doFilter(FilterChainProxy.java:380)
	at org.springframework.security.web.session.DisableEncodeUrlFilter.doFilterInternal(DisableEncodeUrlFilter.java:42)
	at org.springframework.web.filter.OncePerRequestFilter.doFilter(OncePerRequestFilter.java:116)
	at org.springframework.security.web.FilterChainProxy$VirtualFilterChain.doFilter(FilterChainProxy.java:380)
	at org.springframework.security.web.FilterChainProxy.doFilterInternal(FilterChainProxy.java:237)
	at org.springframework.security.web.FilterChainProxy.doFilter(FilterChainProxy.java:195)
	at org.springframework.web.filter.CompositeFilter$VirtualFilterChain.doFilter(CompositeFilter.java:113)
	at org.springframework.web.filter.ServletRequestPathFilter.doFilter(ServletRequestPathFilter.java:52)
	at org.springframework.web.filter.CompositeFilter$VirtualFilterChain.doFilter(CompositeFilter.java:113)
	at org.springframework.web.filter.CompositeFilter.doFilter(CompositeFilter.java:74)
	at org.springframework.security.config.annotation.web.configuration.WebSecurityConfiguration$CompositeFilterChainProxy.doFilter(WebSecurityConfiguration.java:317)
	at org.springframework.web.filter.DelegatingFilterProxy.invokeDelegate(DelegatingFilterProxy.java:355)
	at org.springframework.web.filter.DelegatingFilterProxy.doFilter(DelegatingFilterProxy.java:272)
	at org.apache.catalina.core.ApplicationFilterChain.doFilter(ApplicationFilterChain.java:107)
	at org.springframework.web.filter.RequestContextFilter.doFilterInternal(RequestContextFilter.java:100)
	at org.springframework.web.filter.OncePerRequestFilter.doFilter(OncePerRequestFilter.java:116)
	at org.apache.catalina.core.ApplicationFilterChain.doFilter(ApplicationFilterChain.java:107)
	at org.springframework.web.filter.FormContentFilter.doFilterInternal(FormContentFilter.java:93)
	at org.springframework.web.filter.OncePerRequestFilter.doFilter(OncePerRequestFilter.java:116)
	at org.apache.catalina.core.ApplicationFilterChain.doFilter(ApplicationFilterChain.java:107)
	at org.springframework.web.filter.CharacterEncodingFilter.doFilterInternal(CharacterEncodingFilter.java:199)
	at org.springframework.web.filter.OncePerRequestFilter.doFilter(OncePerRequestFilter.java:116)
	at org.apache.catalina.core.ApplicationFilterChain.doFilter(ApplicationFilterChain.java:107)
	at org.apache.catalina.core.StandardWrapperValve.invoke(StandardWrapperValve.java:165)
	at org.apache.catalina.core.StandardContextValve.invoke(StandardContextValve.java:77)
	at org.apache.catalina.authenticator.AuthenticatorBase.invoke(AuthenticatorBase.java:492)
	at org.apache.catalina.core.StandardHostValve.invoke(StandardHostValve.java:113)
	at org.apache.catalina.valves.ErrorReportValve.invoke(ErrorReportValve.java:83)
	at org.apache.catalina.core.StandardEngineValve.invoke(StandardEngineValve.java:72)
	at org.apache.catalina.connector.CoyoteAdapter.service(CoyoteAdapter.java:341)
	at org.apache.coyote.http11.Http11Processor.service(Http11Processor.java:397)
	at org.apache.coyote.AbstractProcessorLight.process(AbstractProcessorLight.java:63)
	at org.apache.coyote.AbstractProtocol$ConnectionHandler.process(AbstractProtocol.java:903)
	at org.apache.tomcat.util.net.NioEndpoint$SocketProcessor.doRun(NioEndpoint.java:1779)
	at org.apache.tomcat.util.net.SocketProcessorBase.run(SocketProcessorBase.java:52)
	at org.apache.tomcat.util.threads.ThreadPoolExecutor.runWorker(ThreadPoolExecutor.java:946)
	at org.apache.tomcat.util.threads.ThreadPoolExecutor$Worker.run(ThreadPoolExecutor.java:480)
	at org.apache.tomcat.util.threads.TaskThread$WrappingRunnable.run(TaskThread.java:57)
	at java.base/java.lang.Thread.run(Thread.java:1583)
2026-05-01 23:12:29,117 ERROR o.a.j.l.DirectJDKLog [http-nio-8080-exec-10] Servlet.service() for servlet [dispatcherServlet] in context with path [] threw exception
io.jsonwebtoken.ExpiredJwtException: JWT expired at 2026-04-15T18:10:29Z. Current time: 2026-05-01T17:42:29Z, a difference of 1380720116 milliseconds.  Allowed clock skew: 0 milliseconds.
	at io.jsonwebtoken.impl.DefaultJwtParser.parse(DefaultJwtParser.java:427)
	at io.jsonwebtoken.impl.DefaultJwtParser.parse(DefaultJwtParser.java:529)
	at io.jsonwebtoken.impl.DefaultJwtParser.parseClaimsJws(DefaultJwtParser.java:589)
	at io.jsonwebtoken.impl.ImmutableJwtParser.parseClaimsJws(ImmutableJwtParser.java:173)
	at com.spring.boot.super30.backend.security.jwt.JwtService.extractAllClaims(JwtService.java:87)
	at com.spring.boot.super30.backend.security.jwt.JwtService.extractClaim(JwtService.java:35)
	at com.spring.boot.super30.backend.security.jwt.JwtService.extractUsername(JwtService.java:31)
	at com.spring.boot.super30.backend.security.jwt.JwtAuthenticationFilter.doFilterInternal(JwtAuthenticationFilter.java:48)
	at org.springframework.web.filter.OncePerRequestFilter.doFilter(OncePerRequestFilter.java:116)
	at org.springframework.security.web.FilterChainProxy$VirtualFilterChain.doFilter(FilterChainProxy.java:380)
	at org.springframework.security.web.authentication.AbstractAuthenticationProcessingFilter.doFilter(AbstractAuthenticationProcessingFilter.java:245)
	at org.springframework.security.web.authentication.AbstractAuthenticationProcessingFilter.doFilter(AbstractAuthenticationProcessingFilter.java:239)
	at org.springframework.security.web.FilterChainProxy$VirtualFilterChain.doFilter(FilterChainProxy.java:380)
	at org.springframework.security.oauth2.client.web.OAuth2AuthorizationRequestRedirectFilter.doFilterInternal(OAuth2AuthorizationRequestRedirectFilter.java:195)
	at org.springframework.web.filter.OncePerRequestFilter.doFilter(OncePerRequestFilter.java:116)
	at org.springframework.security.web.FilterChainProxy$VirtualFilterChain.doFilter(FilterChainProxy.java:380)
	at org.springframework.security.web.authentication.logout.LogoutFilter.doFilter(LogoutFilter.java:110)
	at org.springframework.security.web.authentication.logout.LogoutFilter.doFilter(LogoutFilter.java:96)
	at org.springframework.security.web.FilterChainProxy$VirtualFilterChain.doFilter(FilterChainProxy.java:380)
	at org.springframework.web.filter.CorsFilter.doFilterInternal(CorsFilter.java:91)
	at org.springframework.web.filter.OncePerRequestFilter.doFilter(OncePerRequestFilter.java:116)
	at org.springframework.security.web.FilterChainProxy$VirtualFilterChain.doFilter(FilterChainProxy.java:380)
	at org.springframework.security.web.header.HeaderWriterFilter.doHeadersAfter(HeaderWriterFilter.java:90)
	at org.springframework.security.web.header.HeaderWriterFilter.doFilterInternal(HeaderWriterFilter.java:75)
	at org.springframework.web.filter.OncePerRequestFilter.doFilter(OncePerRequestFilter.java:116)
	at org.springframework.security.web.FilterChainProxy$VirtualFilterChain.doFilter(FilterChainProxy.java:380)
	at org.springframework.security.web.context.SecurityContextHolderFilter.doFilter(SecurityContextHolderFilter.java:82)
	at org.springframework.security.web.context.SecurityContextHolderFilter.doFilter(SecurityContextHolderFilter.java:69)
	at org.springframework.security.web.FilterChainProxy$VirtualFilterChain.doFilter(FilterChainProxy.java:380)
	at org.springframework.security.web.context.request.async.WebAsyncManagerIntegrationFilter.doFilterInternal(WebAsyncManagerIntegrationFilter.java:62)
	at org.springframework.web.filter.OncePerRequestFilter.doFilter(OncePerRequestFilter.java:116)
	at org.springframework.security.web.FilterChainProxy$VirtualFilterChain.doFilter(FilterChainProxy.java:380)
	at org.springframework.security.web.session.DisableEncodeUrlFilter.doFilterInternal(DisableEncodeUrlFilter.java:42)
	at org.springframework.web.filter.OncePerRequestFilter.doFilter(OncePerRequestFilter.java:116)
	at org.springframework.security.web.FilterChainProxy$VirtualFilterChain.doFilter(FilterChainProxy.java:380)
	at org.springframework.security.web.FilterChainProxy.doFilterInternal(FilterChainProxy.java:237)
	at org.springframework.security.web.FilterChainProxy.doFilter(FilterChainProxy.java:195)
	at org.springframework.web.filter.CompositeFilter$VirtualFilterChain.doFilter(CompositeFilter.java:113)
	at org.springframework.web.filter.ServletRequestPathFilter.doFilter(ServletRequestPathFilter.java:52)
	at org.springframework.web.filter.CompositeFilter$VirtualFilterChain.doFilter(CompositeFilter.java:113)
	at org.springframework.web.filter.CompositeFilter.doFilter(CompositeFilter.java:74)
	at org.springframework.security.config.annotation.web.configuration.WebSecurityConfiguration$CompositeFilterChainProxy.doFilter(WebSecurityConfiguration.java:317)
	at org.springframework.web.filter.DelegatingFilterProxy.invokeDelegate(DelegatingFilterProxy.java:355)
	at org.springframework.web.filter.DelegatingFilterProxy.doFilter(DelegatingFilterProxy.java:272)
	at org.apache.catalina.core.ApplicationFilterChain.doFilter(ApplicationFilterChain.java:107)
	at org.springframework.web.filter.RequestContextFilter.doFilterInternal(RequestContextFilter.java:100)
	at org.springframework.web.filter.OncePerRequestFilter.doFilter(OncePerRequestFilter.java:116)
	at org.apache.catalina.core.ApplicationFilterChain.doFilter(ApplicationFilterChain.java:107)
	at org.springframework.web.filter.FormContentFilter.doFilterInternal(FormContentFilter.java:93)
	at org.springframework.web.filter.OncePerRequestFilter.doFilter(OncePerRequestFilter.java:116)
	at org.apache.catalina.core.ApplicationFilterChain.doFilter(ApplicationFilterChain.java:107)
	at org.springframework.web.filter.CharacterEncodingFilter.doFilterInternal(CharacterEncodingFilter.java:199)
	at org.springframework.web.filter.OncePerRequestFilter.doFilter(OncePerRequestFilter.java:116)
	at org.apache.catalina.core.ApplicationFilterChain.doFilter(ApplicationFilterChain.java:107)
	at org.apache.catalina.core.StandardWrapperValve.invoke(StandardWrapperValve.java:165)
	at org.apache.catalina.core.StandardContextValve.invoke(StandardContextValve.java:77)
	at org.apache.catalina.authenticator.AuthenticatorBase.invoke(AuthenticatorBase.java:492)
	at org.apache.catalina.core.StandardHostValve.invoke(StandardHostValve.java:113)
	at org.apache.catalina.valves.ErrorReportValve.invoke(ErrorReportValve.java:83)
	at org.apache.catalina.core.StandardEngineValve.invoke(StandardEngineValve.java:72)
	at org.apache.catalina.connector.CoyoteAdapter.service(CoyoteAdapter.java:341)
	at org.apache.coyote.http11.Http11Processor.service(Http11Processor.java:397)
	at org.apache.coyote.AbstractProcessorLight.process(AbstractProcessorLight.java:63)
	at org.apache.coyote.AbstractProtocol$ConnectionHandler.process(AbstractProtocol.java:903)
	at org.apache.tomcat.util.net.NioEndpoint$SocketProcessor.doRun(NioEndpoint.java:1779)
	at org.apache.tomcat.util.net.SocketProcessorBase.run(SocketProcessorBase.java:52)
	at org.apache.tomcat.util.threads.ThreadPoolExecutor.runWorker(ThreadPoolExecutor.java:946)
	at org.apache.tomcat.util.threads.ThreadPoolExecutor$Worker.run(ThreadPoolExecutor.java:480)
	at org.apache.tomcat.util.threads.TaskThread$WrappingRunnable.run(TaskThread.java:57)
	at java.base/java.lang.Thread.run(Thread.java:1583)
2026-05-01 23:12:29,134 ERROR o.a.j.l.DirectJDKLog [http-nio-8080-exec-2] Servlet.service() for servlet [dispatcherServlet] in context with path [] threw exception
io.jsonwebtoken.ExpiredJwtException: JWT expired at 2026-04-15T18:10:29Z. Current time: 2026-05-01T17:42:29Z, a difference of 1380720133 milliseconds.  Allowed clock skew: 0 milliseconds.
	at io.jsonwebtoken.impl.DefaultJwtParser.parse(DefaultJwtParser.java:427)
	at io.jsonwebtoken.impl.DefaultJwtParser.parse(DefaultJwtParser.java:529)
	at io.jsonwebtoken.impl.DefaultJwtParser.parseClaimsJws(DefaultJwtParser.java:589)
	at io.jsonwebtoken.impl.ImmutableJwtParser.parseClaimsJws(ImmutableJwtParser.java:173)
	at com.spring.boot.super30.backend.security.jwt.JwtService.extractAllClaims(JwtService.java:87)
	at com.spring.boot.super30.backend.security.jwt.JwtService.extractClaim(JwtService.java:35)
	at com.spring.boot.super30.backend.security.jwt.JwtService.extractUsername(JwtService.java:31)
	at com.spring.boot.super30.backend.security.jwt.JwtAuthenticationFilter.doFilterInternal(JwtAuthenticationFilter.java:48)
	at org.springframework.web.filter.OncePerRequestFilter.doFilter(OncePerRequestFilter.java:116)
	at org.springframework.security.web.FilterChainProxy$VirtualFilterChain.doFilter(FilterChainProxy.java:380)
	at org.springframework.security.web.authentication.AbstractAuthenticationProcessingFilter.doFilter(AbstractAuthenticationProcessingFilter.java:245)
	at org.springframework.security.web.authentication.AbstractAuthenticationProcessingFilter.doFilter(AbstractAuthenticationProcessingFilter.java:239)
	at org.springframework.security.web.FilterChainProxy$VirtualFilterChain.doFilter(FilterChainProxy.java:380)
	at org.springframework.security.oauth2.client.web.OAuth2AuthorizationRequestRedirectFilter.doFilterInternal(OAuth2AuthorizationRequestRedirectFilter.java:195)
	at org.springframework.web.filter.OncePerRequestFilter.doFilter(OncePerRequestFilter.java:116)
	at org.springframework.security.web.FilterChainProxy$VirtualFilterChain.doFilter(FilterChainProxy.java:380)
	at org.springframework.security.web.authentication.logout.LogoutFilter.doFilter(LogoutFilter.java:110)
	at org.springframework.security.web.authentication.logout.LogoutFilter.doFilter(LogoutFilter.java:96)
	at org.springframework.security.web.FilterChainProxy$VirtualFilterChain.doFilter(FilterChainProxy.java:380)
	at org.springframework.web.filter.CorsFilter.doFilterInternal(CorsFilter.java:91)
	at org.springframework.web.filter.OncePerRequestFilter.doFilter(OncePerRequestFilter.java:116)
	at org.springframework.security.web.FilterChainProxy$VirtualFilterChain.doFilter(FilterChainProxy.java:380)
	at org.springframework.security.web.header.HeaderWriterFilter.doHeadersAfter(HeaderWriterFilter.java:90)
	at org.springframework.security.web.header.HeaderWriterFilter.doFilterInternal(HeaderWriterFilter.java:75)
	at org.springframework.web.filter.OncePerRequestFilter.doFilter(OncePerRequestFilter.java:116)
	at org.springframework.security.web.FilterChainProxy$VirtualFilterChain.doFilter(FilterChainProxy.java:380)
	at org.springframework.security.web.context.SecurityContextHolderFilter.doFilter(SecurityContextHolderFilter.java:82)
	at org.springframework.security.web.context.SecurityContextHolderFilter.doFilter(SecurityContextHolderFilter.java:69)
	at org.springframework.security.web.FilterChainProxy$VirtualFilterChain.doFilter(FilterChainProxy.java:380)
	at org.springframework.security.web.context.request.async.WebAsyncManagerIntegrationFilter.doFilterInternal(WebAsyncManagerIntegrationFilter.java:62)
	at org.springframework.web.filter.OncePerRequestFilter.doFilter(OncePerRequestFilter.java:116)
	at org.springframework.security.web.FilterChainProxy$VirtualFilterChain.doFilter(FilterChainProxy.java:380)
	at org.springframework.security.web.session.DisableEncodeUrlFilter.doFilterInternal(DisableEncodeUrlFilter.java:42)
	at org.springframework.web.filter.OncePerRequestFilter.doFilter(OncePerRequestFilter.java:116)
	at org.springframework.security.web.FilterChainProxy$VirtualFilterChain.doFilter(FilterChainProxy.java:380)
	at org.springframework.security.web.FilterChainProxy.doFilterInternal(FilterChainProxy.java:237)
	at org.springframework.security.web.FilterChainProxy.doFilter(FilterChainProxy.java:195)
	at org.springframework.web.filter.CompositeFilter$VirtualFilterChain.doFilter(CompositeFilter.java:113)
	at org.springframework.web.filter.ServletRequestPathFilter.doFilter(ServletRequestPathFilter.java:52)
	at org.springframework.web.filter.CompositeFilter$VirtualFilterChain.doFilter(CompositeFilter.java:113)
	at org.springframework.web.filter.CompositeFilter.doFilter(CompositeFilter.java:74)
	at org.springframework.security.config.annotation.web.configuration.WebSecurityConfiguration$CompositeFilterChainProxy.doFilter(WebSecurityConfiguration.java:317)
	at org.springframework.web.filter.DelegatingFilterProxy.invokeDelegate(DelegatingFilterProxy.java:355)
	at org.springframework.web.filter.DelegatingFilterProxy.doFilter(DelegatingFilterProxy.java:272)
	at org.apache.catalina.core.ApplicationFilterChain.doFilter(ApplicationFilterChain.java:107)
	at org.springframework.web.filter.RequestContextFilter.doFilterInternal(RequestContextFilter.java:100)
	at org.springframework.web.filter.OncePerRequestFilter.doFilter(OncePerRequestFilter.java:116)
	at org.apache.catalina.core.ApplicationFilterChain.doFilter(ApplicationFilterChain.java:107)
	at org.springframework.web.filter.FormContentFilter.doFilterInternal(FormContentFilter.java:93)
	at org.springframework.web.filter.OncePerRequestFilter.doFilter(OncePerRequestFilter.java:116)
	at org.apache.catalina.core.ApplicationFilterChain.doFilter(ApplicationFilterChain.java:107)
	at org.springframework.web.filter.CharacterEncodingFilter.doFilterInternal(CharacterEncodingFilter.java:199)
	at org.springframework.web.filter.OncePerRequestFilter.doFilter(OncePerRequestFilter.java:116)
	at org.apache.catalina.core.ApplicationFilterChain.doFilter(ApplicationFilterChain.java:107)
	at org.apache.catalina.core.StandardWrapperValve.invoke(StandardWrapperValve.java:165)
	at org.apache.catalina.core.StandardContextValve.invoke(StandardContextValve.java:77)
	at org.apache.catalina.authenticator.AuthenticatorBase.invoke(AuthenticatorBase.java:492)
	at org.apache.catalina.core.StandardHostValve.invoke(StandardHostValve.java:113)
	at org.apache.catalina.valves.ErrorReportValve.invoke(ErrorReportValve.java:83)
	at org.apache.catalina.core.StandardEngineValve.invoke(StandardEngineValve.java:72)
	at org.apache.catalina.connector.CoyoteAdapter.service(CoyoteAdapter.java:341)
	at org.apache.coyote.http11.Http11Processor.service(Http11Processor.java:397)
	at org.apache.coyote.AbstractProcessorLight.process(AbstractProcessorLight.java:63)
	at org.apache.coyote.AbstractProtocol$ConnectionHandler.process(AbstractProtocol.java:903)
	at org.apache.tomcat.util.net.NioEndpoint$SocketProcessor.doRun(NioEndpoint.java:1779)
	at org.apache.tomcat.util.net.SocketProcessorBase.run(SocketProcessorBase.java:52)
	at org.apache.tomcat.util.threads.ThreadPoolExecutor.runWorker(ThreadPoolExecutor.java:946)
	at org.apache.tomcat.util.threads.ThreadPoolExecutor$Worker.run(ThreadPoolExecutor.java:480)
	at org.apache.tomcat.util.threads.TaskThread$WrappingRunnable.run(TaskThread.java:57)
	at java.base/java.lang.Thread.run(Thread.java:1583)
2026-05-01 23:12:29,136 ERROR o.a.j.l.DirectJDKLog [http-nio-8080-exec-8] Servlet.service() for servlet [dispatcherServlet] in context with path [] threw exception
io.jsonwebtoken.ExpiredJwtException: JWT expired at 2026-04-15T18:10:29Z. Current time: 2026-05-01T17:42:29Z, a difference of 1380720133 milliseconds.  Allowed clock skew: 0 milliseconds.
	at io.jsonwebtoken.impl.DefaultJwtParser.parse(DefaultJwtParser.java:427)
	at io.jsonwebtoken.impl.DefaultJwtParser.parse(DefaultJwtParser.java:529)
	at io.jsonwebtoken.impl.DefaultJwtParser.parseClaimsJws(DefaultJwtParser.java:589)
	at io.jsonwebtoken.impl.ImmutableJwtParser.parseClaimsJws(ImmutableJwtParser.java:173)
	at com.spring.boot.super30.backend.security.jwt.JwtService.extractAllClaims(JwtService.java:87)
	at com.spring.boot.super30.backend.security.jwt.JwtService.extractClaim(JwtService.java:35)
	at com.spring.boot.super30.backend.security.jwt.JwtService.extractUsername(JwtService.java:31)
	at com.spring.boot.super30.backend.security.jwt.JwtAuthenticationFilter.doFilterInternal(JwtAuthenticationFilter.java:48)
	at org.springframework.web.filter.OncePerRequestFilter.doFilter(OncePerRequestFilter.java:116)
	at org.springframework.security.web.FilterChainProxy$VirtualFilterChain.doFilter(FilterChainProxy.java:380)
	at org.springframework.security.web.authentication.AbstractAuthenticationProcessingFilter.doFilter(AbstractAuthenticationProcessingFilter.java:245)
	at org.springframework.security.web.authentication.AbstractAuthenticationProcessingFilter.doFilter(AbstractAuthenticationProcessingFilter.java:239)
	at org.springframework.security.web.FilterChainProxy$VirtualFilterChain.doFilter(FilterChainProxy.java:380)
	at org.springframework.security.oauth2.client.web.OAuth2AuthorizationRequestRedirectFilter.doFilterInternal(OAuth2AuthorizationRequestRedirectFilter.java:195)
	at org.springframework.web.filter.OncePerRequestFilter.doFilter(OncePerRequestFilter.java:116)
	at org.springframework.security.web.FilterChainProxy$VirtualFilterChain.doFilter(FilterChainProxy.java:380)
	at org.springframework.security.web.authentication.logout.LogoutFilter.doFilter(LogoutFilter.java:110)
	at org.springframework.security.web.authentication.logout.LogoutFilter.doFilter(LogoutFilter.java:96)
	at org.springframework.security.web.FilterChainProxy$VirtualFilterChain.doFilter(FilterChainProxy.java:380)
	at org.springframework.web.filter.CorsFilter.doFilterInternal(CorsFilter.java:91)
	at org.springframework.web.filter.OncePerRequestFilter.doFilter(OncePerRequestFilter.java:116)
	at org.springframework.security.web.FilterChainProxy$VirtualFilterChain.doFilter(FilterChainProxy.java:380)
	at org.springframework.security.web.header.HeaderWriterFilter.doHeadersAfter(HeaderWriterFilter.java:90)
	at org.springframework.security.web.header.HeaderWriterFilter.doFilterInternal(HeaderWriterFilter.java:75)
	at org.springframework.web.filter.OncePerRequestFilter.doFilter(OncePerRequestFilter.java:116)
	at org.springframework.security.web.FilterChainProxy$VirtualFilterChain.doFilter(FilterChainProxy.java:380)
	at org.springframework.security.web.context.SecurityContextHolderFilter.doFilter(SecurityContextHolderFilter.java:82)
	at org.springframework.security.web.context.SecurityContextHolderFilter.doFilter(SecurityContextHolderFilter.java:69)
	at org.springframework.security.web.FilterChainProxy$VirtualFilterChain.doFilter(FilterChainProxy.java:380)
	at org.springframework.security.web.context.request.async.WebAsyncManagerIntegrationFilter.doFilterInternal(WebAsyncManagerIntegrationFilter.java:62)
	at org.springframework.web.filter.OncePerRequestFilter.doFilter(OncePerRequestFilter.java:116)
	at org.springframework.security.web.FilterChainProxy$VirtualFilterChain.doFilter(FilterChainProxy.java:380)
	at org.springframework.security.web.session.DisableEncodeUrlFilter.doFilterInternal(DisableEncodeUrlFilter.java:42)
	at org.springframework.web.filter.OncePerRequestFilter.doFilter(OncePerRequestFilter.java:116)
	at org.springframework.security.web.FilterChainProxy$VirtualFilterChain.doFilter(FilterChainProxy.java:380)
	at org.springframework.security.web.FilterChainProxy.doFilterInternal(FilterChainProxy.java:237)
	at org.springframework.security.web.FilterChainProxy.doFilter(FilterChainProxy.java:195)
	at org.springframework.web.filter.CompositeFilter$VirtualFilterChain.doFilter(CompositeFilter.java:113)
	at org.springframework.web.filter.ServletRequestPathFilter.doFilter(ServletRequestPathFilter.java:52)
	at org.springframework.web.filter.CompositeFilter$VirtualFilterChain.doFilter(CompositeFilter.java:113)
	at org.springframework.web.filter.CompositeFilter.doFilter(CompositeFilter.java:74)
	at org.springframework.security.config.annotation.web.configuration.WebSecurityConfiguration$CompositeFilterChainProxy.doFilter(WebSecurityConfiguration.java:317)
	at org.springframework.web.filter.DelegatingFilterProxy.invokeDelegate(DelegatingFilterProxy.java:355)
	at org.springframework.web.filter.DelegatingFilterProxy.doFilter(DelegatingFilterProxy.java:272)
	at org.apache.catalina.core.ApplicationFilterChain.doFilter(ApplicationFilterChain.java:107)
	at org.springframework.web.filter.RequestContextFilter.doFilterInternal(RequestContextFilter.java:100)
	at org.springframework.web.filter.OncePerRequestFilter.doFilter(OncePerRequestFilter.java:116)
	at org.apache.catalina.core.ApplicationFilterChain.doFilter(ApplicationFilterChain.java:107)
	at org.springframework.web.filter.FormContentFilter.doFilterInternal(FormContentFilter.java:93)
	at org.springframework.web.filter.OncePerRequestFilter.doFilter(OncePerRequestFilter.java:116)
	at org.apache.catalina.core.ApplicationFilterChain.doFilter(ApplicationFilterChain.java:107)
	at org.springframework.web.filter.CharacterEncodingFilter.doFilterInternal(CharacterEncodingFilter.java:199)
	at org.springframework.web.filter.OncePerRequestFilter.doFilter(OncePerRequestFilter.java:116)
	at org.apache.catalina.core.ApplicationFilterChain.doFilter(ApplicationFilterChain.java:107)
	at org.apache.catalina.core.StandardWrapperValve.invoke(StandardWrapperValve.java:165)
	at org.apache.catalina.core.StandardContextValve.invoke(StandardContextValve.java:77)
	at org.apache.catalina.authenticator.AuthenticatorBase.invoke(AuthenticatorBase.java:492)
	at org.apache.catalina.core.StandardHostValve.invoke(StandardHostValve.java:113)
	at org.apache.catalina.valves.ErrorReportValve.invoke(ErrorReportValve.java:83)
	at org.apache.catalina.core.StandardEngineValve.invoke(StandardEngineValve.java:72)
	at org.apache.catalina.connector.CoyoteAdapter.service(CoyoteAdapter.java:341)
	at org.apache.coyote.http11.Http11Processor.service(Http11Processor.java:397)
	at org.apache.coyote.AbstractProcessorLight.process(AbstractProcessorLight.java:63)
	at org.apache.coyote.AbstractProtocol$ConnectionHandler.process(AbstractProtocol.java:903)
	at org.apache.tomcat.util.net.NioEndpoint$SocketProcessor.doRun(NioEndpoint.java:1779)
	at org.apache.tomcat.util.net.SocketProcessorBase.run(SocketProcessorBase.java:52)
	at org.apache.tomcat.util.threads.ThreadPoolExecutor.runWorker(ThreadPoolExecutor.java:946)
	at org.apache.tomcat.util.threads.ThreadPoolExecutor$Worker.run(ThreadPoolExecutor.java:480)
	at org.apache.tomcat.util.threads.TaskThread$WrappingRunnable.run(TaskThread.java:57)
	at java.base/java.lang.Thread.run(Thread.java:1583)
2026-05-01 23:12:29,138 ERROR o.a.j.l.DirectJDKLog [http-nio-8080-exec-7] Servlet.service() for servlet [dispatcherServlet] in context with path [] threw exception
io.jsonwebtoken.ExpiredJwtException: JWT expired at 2026-04-15T18:10:29Z. Current time: 2026-05-01T17:42:29Z, a difference of 1380720135 milliseconds.  Allowed clock skew: 0 milliseconds.
	at io.jsonwebtoken.impl.DefaultJwtParser.parse(DefaultJwtParser.java:427)
	at io.jsonwebtoken.impl.DefaultJwtParser.parse(DefaultJwtParser.java:529)
	at io.jsonwebtoken.impl.DefaultJwtParser.parseClaimsJws(DefaultJwtParser.java:589)
	at io.jsonwebtoken.impl.ImmutableJwtParser.parseClaimsJws(ImmutableJwtParser.java:173)
	at com.spring.boot.super30.backend.security.jwt.JwtService.extractAllClaims(JwtService.java:87)
	at com.spring.boot.super30.backend.security.jwt.JwtService.extractClaim(JwtService.java:35)
	at com.spring.boot.super30.backend.security.jwt.JwtService.extractUsername(JwtService.java:31)
	at com.spring.boot.super30.backend.security.jwt.JwtAuthenticationFilter.doFilterInternal(JwtAuthenticationFilter.java:48)
	at org.springframework.web.filter.OncePerRequestFilter.doFilter(OncePerRequestFilter.java:116)
	at org.springframework.security.web.FilterChainProxy$VirtualFilterChain.doFilter(FilterChainProxy.java:380)
	at org.springframework.security.web.authentication.AbstractAuthenticationProcessingFilter.doFilter(AbstractAuthenticationProcessingFilter.java:245)
	at org.springframework.security.web.authentication.AbstractAuthenticationProcessingFilter.doFilter(AbstractAuthenticationProcessingFilter.java:239)
	at org.springframework.security.web.FilterChainProxy$VirtualFilterChain.doFilter(FilterChainProxy.java:380)
	at org.springframework.security.oauth2.client.web.OAuth2AuthorizationRequestRedirectFilter.doFilterInternal(OAuth2AuthorizationRequestRedirectFilter.java:195)
	at org.springframework.web.filter.OncePerRequestFilter.doFilter(OncePerRequestFilter.java:116)
	at org.springframework.security.web.FilterChainProxy$VirtualFilterChain.doFilter(FilterChainProxy.java:380)
	at org.springframework.security.web.authentication.logout.LogoutFilter.doFilter(LogoutFilter.java:110)
	at org.springframework.security.web.authentication.logout.LogoutFilter.doFilter(LogoutFilter.java:96)
	at org.springframework.security.web.FilterChainProxy$VirtualFilterChain.doFilter(FilterChainProxy.java:380)
	at org.springframework.web.filter.CorsFilter.doFilterInternal(CorsFilter.java:91)
	at org.springframework.web.filter.OncePerRequestFilter.doFilter(OncePerRequestFilter.java:116)
	at org.springframework.security.web.FilterChainProxy$VirtualFilterChain.doFilter(FilterChainProxy.java:380)
	at org.springframework.security.web.header.HeaderWriterFilter.doHeadersAfter(HeaderWriterFilter.java:90)
	at org.springframework.security.web.header.HeaderWriterFilter.doFilterInternal(HeaderWriterFilter.java:75)
	at org.springframework.web.filter.OncePerRequestFilter.doFilter(OncePerRequestFilter.java:116)
	at org.springframework.security.web.FilterChainProxy$VirtualFilterChain.doFilter(FilterChainProxy.java:380)
	at org.springframework.security.web.context.SecurityContextHolderFilter.doFilter(SecurityContextHolderFilter.java:82)
	at org.springframework.security.web.context.SecurityContextHolderFilter.doFilter(SecurityContextHolderFilter.java:69)
	at org.springframework.security.web.FilterChainProxy$VirtualFilterChain.doFilter(FilterChainProxy.java:380)
	at org.springframework.security.web.context.request.async.WebAsyncManagerIntegrationFilter.doFilterInternal(WebAsyncManagerIntegrationFilter.java:62)
	at org.springframework.web.filter.OncePerRequestFilter.doFilter(OncePerRequestFilter.java:116)
	at org.springframework.security.web.FilterChainProxy$VirtualFilterChain.doFilter(FilterChainProxy.java:380)
	at org.springframework.security.web.session.DisableEncodeUrlFilter.doFilterInternal(DisableEncodeUrlFilter.java:42)
	at org.springframework.web.filter.OncePerRequestFilter.doFilter(OncePerRequestFilter.java:116)
	at org.springframework.security.web.FilterChainProxy$VirtualFilterChain.doFilter(FilterChainProxy.java:380)
	at org.springframework.security.web.FilterChainProxy.doFilterInternal(FilterChainProxy.java:237)
	at org.springframework.security.web.FilterChainProxy.doFilter(FilterChainProxy.java:195)
	at org.springframework.web.filter.CompositeFilter$VirtualFilterChain.doFilter(CompositeFilter.java:113)
	at org.springframework.web.filter.ServletRequestPathFilter.doFilter(ServletRequestPathFilter.java:52)
	at org.springframework.web.filter.CompositeFilter$VirtualFilterChain.doFilter(CompositeFilter.java:113)
	at org.springframework.web.filter.CompositeFilter.doFilter(CompositeFilter.java:74)
	at org.springframework.security.config.annotation.web.configuration.WebSecurityConfiguration$CompositeFilterChainProxy.doFilter(WebSecurityConfiguration.java:317)
	at org.springframework.web.filter.DelegatingFilterProxy.invokeDelegate(DelegatingFilterProxy.java:355)
	at org.springframework.web.filter.DelegatingFilterProxy.doFilter(DelegatingFilterProxy.java:272)
	at org.apache.catalina.core.ApplicationFilterChain.doFilter(ApplicationFilterChain.java:107)
	at org.springframework.web.filter.RequestContextFilter.doFilterInternal(RequestContextFilter.java:100)
	at org.springframework.web.filter.OncePerRequestFilter.doFilter(OncePerRequestFilter.java:116)
	at org.apache.catalina.core.ApplicationFilterChain.doFilter(ApplicationFilterChain.java:107)
	at org.springframework.web.filter.FormContentFilter.doFilterInternal(FormContentFilter.java:93)
	at org.springframework.web.filter.OncePerRequestFilter.doFilter(OncePerRequestFilter.java:116)
	at org.apache.catalina.core.ApplicationFilterChain.doFilter(ApplicationFilterChain.java:107)
	at org.springframework.web.filter.CharacterEncodingFilter.doFilterInternal(CharacterEncodingFilter.java:199)
	at org.springframework.web.filter.OncePerRequestFilter.doFilter(OncePerRequestFilter.java:116)
	at org.apache.catalina.core.ApplicationFilterChain.doFilter(ApplicationFilterChain.java:107)
	at org.apache.catalina.core.StandardWrapperValve.invoke(StandardWrapperValve.java:165)
	at org.apache.catalina.core.StandardContextValve.invoke(StandardContextValve.java:77)
	at org.apache.catalina.authenticator.AuthenticatorBase.invoke(AuthenticatorBase.java:492)
	at org.apache.catalina.core.StandardHostValve.invoke(StandardHostValve.java:113)
	at org.apache.catalina.valves.ErrorReportValve.invoke(ErrorReportValve.java:83)
	at org.apache.catalina.core.StandardEngineValve.invoke(StandardEngineValve.java:72)
	at org.apache.catalina.connector.CoyoteAdapter.service(CoyoteAdapter.java:341)
	at org.apache.coyote.http11.Http11Processor.service(Http11Processor.java:397)
	at org.apache.coyote.AbstractProcessorLight.process(AbstractProcessorLight.java:63)
	at org.apache.coyote.AbstractProtocol$ConnectionHandler.process(AbstractProtocol.java:903)
	at org.apache.tomcat.util.net.NioEndpoint$SocketProcessor.doRun(NioEndpoint.java:1779)
	at org.apache.tomcat.util.net.SocketProcessorBase.run(SocketProcessorBase.java:52)
	at org.apache.tomcat.util.threads.ThreadPoolExecutor.runWorker(ThreadPoolExecutor.java:946)
	at org.apache.tomcat.util.threads.ThreadPoolExecutor$Worker.run(ThreadPoolExecutor.java:480)
	at org.apache.tomcat.util.threads.TaskThread$WrappingRunnable.run(TaskThread.java:57)
	at java.base/java.lang.Thread.run(Thread.java:1583)
2026-05-01 23:12:29,149 ERROR o.a.j.l.DirectJDKLog [http-nio-8080-exec-9] Servlet.service() for servlet [dispatcherServlet] in context with path [] threw exception
io.jsonwebtoken.ExpiredJwtException: JWT expired at 2026-04-15T18:10:29Z. Current time: 2026-05-01T17:42:29Z, a difference of 1380720147 milliseconds.  Allowed clock skew: 0 milliseconds.
	at io.jsonwebtoken.impl.DefaultJwtParser.parse(DefaultJwtParser.java:427)
	at io.jsonwebtoken.impl.DefaultJwtParser.parse(DefaultJwtParser.java:529)
	at io.jsonwebtoken.impl.DefaultJwtParser.parseClaimsJws(DefaultJwtParser.java:589)
	at io.jsonwebtoken.impl.ImmutableJwtParser.parseClaimsJws(ImmutableJwtParser.java:173)
	at com.spring.boot.super30.backend.security.jwt.JwtService.extractAllClaims(JwtService.java:87)
	at com.spring.boot.super30.backend.security.jwt.JwtService.extractClaim(JwtService.java:35)
	at com.spring.boot.super30.backend.security.jwt.JwtService.extractUsername(JwtService.java:31)
	at com.spring.boot.super30.backend.security.jwt.JwtAuthenticationFilter.doFilterInternal(JwtAuthenticationFilter.java:48)
	at org.springframework.web.filter.OncePerRequestFilter.doFilter(OncePerRequestFilter.java:116)
	at org.springframework.security.web.FilterChainProxy$VirtualFilterChain.doFilter(FilterChainProxy.java:380)
	at org.springframework.security.web.authentication.AbstractAuthenticationProcessingFilter.doFilter(AbstractAuthenticationProcessingFilter.java:245)
	at org.springframework.security.web.authentication.AbstractAuthenticationProcessingFilter.doFilter(AbstractAuthenticationProcessingFilter.java:239)
	at org.springframework.security.web.FilterChainProxy$VirtualFilterChain.doFilter(FilterChainProxy.java:380)
	at org.springframework.security.oauth2.client.web.OAuth2AuthorizationRequestRedirectFilter.doFilterInternal(OAuth2AuthorizationRequestRedirectFilter.java:195)
	at org.springframework.web.filter.OncePerRequestFilter.doFilter(OncePerRequestFilter.java:116)
	at org.springframework.security.web.FilterChainProxy$VirtualFilterChain.doFilter(FilterChainProxy.java:380)
	at org.springframework.security.web.authentication.logout.LogoutFilter.doFilter(LogoutFilter.java:110)
	at org.springframework.security.web.authentication.logout.LogoutFilter.doFilter(LogoutFilter.java:96)
	at org.springframework.security.web.FilterChainProxy$VirtualFilterChain.doFilter(FilterChainProxy.java:380)
	at org.springframework.web.filter.CorsFilter.doFilterInternal(CorsFilter.java:91)
	at org.springframework.web.filter.OncePerRequestFilter.doFilter(OncePerRequestFilter.java:116)
	at org.springframework.security.web.FilterChainProxy$VirtualFilterChain.doFilter(FilterChainProxy.java:380)
	at org.springframework.security.web.header.HeaderWriterFilter.doHeadersAfter(HeaderWriterFilter.java:90)
	at org.springframework.security.web.header.HeaderWriterFilter.doFilterInternal(HeaderWriterFilter.java:75)
	at org.springframework.web.filter.OncePerRequestFilter.doFilter(OncePerRequestFilter.java:116)
	at org.springframework.security.web.FilterChainProxy$VirtualFilterChain.doFilter(FilterChainProxy.java:380)
	at org.springframework.security.web.context.SecurityContextHolderFilter.doFilter(SecurityContextHolderFilter.java:82)
	at org.springframework.security.web.context.SecurityContextHolderFilter.doFilter(SecurityContextHolderFilter.java:69)
	at org.springframework.security.web.FilterChainProxy$VirtualFilterChain.doFilter(FilterChainProxy.java:380)
	at org.springframework.security.web.context.request.async.WebAsyncManagerIntegrationFilter.doFilterInternal(WebAsyncManagerIntegrationFilter.java:62)
	at org.springframework.web.filter.OncePerRequestFilter.doFilter(OncePerRequestFilter.java:116)
	at org.springframework.security.web.FilterChainProxy$VirtualFilterChain.doFilter(FilterChainProxy.java:380)
	at org.springframework.security.web.session.DisableEncodeUrlFilter.doFilterInternal(DisableEncodeUrlFilter.java:42)
	at org.springframework.web.filter.OncePerRequestFilter.doFilter(OncePerRequestFilter.java:116)
	at org.springframework.security.web.FilterChainProxy$VirtualFilterChain.doFilter(FilterChainProxy.java:380)
	at org.springframework.security.web.FilterChainProxy.doFilterInternal(FilterChainProxy.java:237)
	at org.springframework.security.web.FilterChainProxy.doFilter(FilterChainProxy.java:195)
	at org.springframework.web.filter.CompositeFilter$VirtualFilterChain.doFilter(CompositeFilter.java:113)
	at org.springframework.web.filter.ServletRequestPathFilter.doFilter(ServletRequestPathFilter.java:52)
	at org.springframework.web.filter.CompositeFilter$VirtualFilterChain.doFilter(CompositeFilter.java:113)
	at org.springframework.web.filter.CompositeFilter.doFilter(CompositeFilter.java:74)
	at org.springframework.security.config.annotation.web.configuration.WebSecurityConfiguration$CompositeFilterChainProxy.doFilter(WebSecurityConfiguration.java:317)
	at org.springframework.web.filter.DelegatingFilterProxy.invokeDelegate(DelegatingFilterProxy.java:355)
	at org.springframework.web.filter.DelegatingFilterProxy.doFilter(DelegatingFilterProxy.java:272)
	at org.apache.catalina.core.ApplicationFilterChain.doFilter(ApplicationFilterChain.java:107)
	at org.springframework.web.filter.RequestContextFilter.doFilterInternal(RequestContextFilter.java:100)
	at org.springframework.web.filter.OncePerRequestFilter.doFilter(OncePerRequestFilter.java:116)
	at org.apache.catalina.core.ApplicationFilterChain.doFilter(ApplicationFilterChain.java:107)
	at org.springframework.web.filter.FormContentFilter.doFilterInternal(FormContentFilter.java:93)
	at org.springframework.web.filter.OncePerRequestFilter.doFilter(OncePerRequestFilter.java:116)
	at org.apache.catalina.core.ApplicationFilterChain.doFilter(ApplicationFilterChain.java:107)
	at org.springframework.web.filter.CharacterEncodingFilter.doFilterInternal(CharacterEncodingFilter.java:199)
	at org.springframework.web.filter.OncePerRequestFilter.doFilter(OncePerRequestFilter.java:116)
	at org.apache.catalina.core.ApplicationFilterChain.doFilter(ApplicationFilterChain.java:107)
	at org.apache.catalina.core.StandardWrapperValve.invoke(StandardWrapperValve.java:165)
	at org.apache.catalina.core.StandardContextValve.invoke(StandardContextValve.java:77)
	at org.apache.catalina.authenticator.AuthenticatorBase.invoke(AuthenticatorBase.java:492)
	at org.apache.catalina.core.StandardHostValve.invoke(StandardHostValve.java:113)
	at org.apache.catalina.valves.ErrorReportValve.invoke(ErrorReportValve.java:83)
	at org.apache.catalina.core.StandardEngineValve.invoke(StandardEngineValve.java:72)
	at org.apache.catalina.connector.CoyoteAdapter.service(CoyoteAdapter.java:341)
	at org.apache.coyote.http11.Http11Processor.service(Http11Processor.java:397)
	at org.apache.coyote.AbstractProcessorLight.process(AbstractProcessorLight.java:63)
	at org.apache.coyote.AbstractProtocol$ConnectionHandler.process(AbstractProtocol.java:903)
	at org.apache.tomcat.util.net.NioEndpoint$SocketProcessor.doRun(NioEndpoint.java:1779)
	at org.apache.tomcat.util.net.SocketProcessorBase.run(SocketProcessorBase.java:52)
	at org.apache.tomcat.util.threads.ThreadPoolExecutor.runWorker(ThreadPoolExecutor.java:946)
	at org.apache.tomcat.util.threads.ThreadPoolExecutor$Worker.run(ThreadPoolExecutor.java:480)
	at org.apache.tomcat.util.threads.TaskThread$WrappingRunnable.run(TaskThread.java:57)
	at java.base/java.lang.Thread.run(Thread.java:1583)
2026-05-01 23:12:29,160 ERROR o.a.j.l.DirectJDKLog [http-nio-8080-exec-5] Servlet.service() for servlet [dispatcherServlet] in context with path [] threw exception
io.jsonwebtoken.ExpiredJwtException: JWT expired at 2026-04-15T18:10:29Z. Current time: 2026-05-01T17:42:29Z, a difference of 1380720158 milliseconds.  Allowed clock skew: 0 milliseconds.
	at io.jsonwebtoken.impl.DefaultJwtParser.parse(DefaultJwtParser.java:427)
	at io.jsonwebtoken.impl.DefaultJwtParser.parse(DefaultJwtParser.java:529)
	at io.jsonwebtoken.impl.DefaultJwtParser.parseClaimsJws(DefaultJwtParser.java:589)
	at io.jsonwebtoken.impl.ImmutableJwtParser.parseClaimsJws(ImmutableJwtParser.java:173)
	at com.spring.boot.super30.backend.security.jwt.JwtService.extractAllClaims(JwtService.java:87)
	at com.spring.boot.super30.backend.security.jwt.JwtService.extractClaim(JwtService.java:35)
	at com.spring.boot.super30.backend.security.jwt.JwtService.extractUsername(JwtService.java:31)
	at com.spring.boot.super30.backend.security.jwt.JwtAuthenticationFilter.doFilterInternal(JwtAuthenticationFilter.java:48)
	at org.springframework.web.filter.OncePerRequestFilter.doFilter(OncePerRequestFilter.java:116)
	at org.springframework.security.web.FilterChainProxy$VirtualFilterChain.doFilter(FilterChainProxy.java:380)
	at org.springframework.security.web.authentication.AbstractAuthenticationProcessingFilter.doFilter(AbstractAuthenticationProcessingFilter.java:245)
	at org.springframework.security.web.authentication.AbstractAuthenticationProcessingFilter.doFilter(AbstractAuthenticationProcessingFilter.java:239)
	at org.springframework.security.web.FilterChainProxy$VirtualFilterChain.doFilter(FilterChainProxy.java:380)
	at org.springframework.security.oauth2.client.web.OAuth2AuthorizationRequestRedirectFilter.doFilterInternal(OAuth2AuthorizationRequestRedirectFilter.java:195)
	at org.springframework.web.filter.OncePerRequestFilter.doFilter(OncePerRequestFilter.java:116)
	at org.springframework.security.web.FilterChainProxy$VirtualFilterChain.doFilter(FilterChainProxy.java:380)
	at org.springframework.security.web.authentication.logout.LogoutFilter.doFilter(LogoutFilter.java:110)
	at org.springframework.security.web.authentication.logout.LogoutFilter.doFilter(LogoutFilter.java:96)
	at org.springframework.security.web.FilterChainProxy$VirtualFilterChain.doFilter(FilterChainProxy.java:380)
	at org.springframework.web.filter.CorsFilter.doFilterInternal(CorsFilter.java:91)
	at org.springframework.web.filter.OncePerRequestFilter.doFilter(OncePerRequestFilter.java:116)
	at org.springframework.security.web.FilterChainProxy$VirtualFilterChain.doFilter(FilterChainProxy.java:380)
	at org.springframework.security.web.header.HeaderWriterFilter.doHeadersAfter(HeaderWriterFilter.java:90)
	at org.springframework.security.web.header.HeaderWriterFilter.doFilterInternal(HeaderWriterFilter.java:75)
	at org.springframework.web.filter.OncePerRequestFilter.doFilter(OncePerRequestFilter.java:116)
	at org.springframework.security.web.FilterChainProxy$VirtualFilterChain.doFilter(FilterChainProxy.java:380)
	at org.springframework.security.web.context.SecurityContextHolderFilter.doFilter(SecurityContextHolderFilter.java:82)
	at org.springframework.security.web.context.SecurityContextHolderFilter.doFilter(SecurityContextHolderFilter.java:69)
	at org.springframework.security.web.FilterChainProxy$VirtualFilterChain.doFilter(FilterChainProxy.java:380)
	at org.springframework.security.web.context.request.async.WebAsyncManagerIntegrationFilter.doFilterInternal(WebAsyncManagerIntegrationFilter.java:62)
	at org.springframework.web.filter.OncePerRequestFilter.doFilter(OncePerRequestFilter.java:116)
	at org.springframework.security.web.FilterChainProxy$VirtualFilterChain.doFilter(FilterChainProxy.java:380)
	at org.springframework.security.web.session.DisableEncodeUrlFilter.doFilterInternal(DisableEncodeUrlFilter.java:42)
	at org.springframework.web.filter.OncePerRequestFilter.doFilter(OncePerRequestFilter.java:116)
	at org.springframework.security.web.FilterChainProxy$VirtualFilterChain.doFilter(FilterChainProxy.java:380)
	at org.springframework.security.web.FilterChainProxy.doFilterInternal(FilterChainProxy.java:237)
	at org.springframework.security.web.FilterChainProxy.doFilter(FilterChainProxy.java:195)
	at org.springframework.web.filter.CompositeFilter$VirtualFilterChain.doFilter(CompositeFilter.java:113)
	at org.springframework.web.filter.ServletRequestPathFilter.doFilter(ServletRequestPathFilter.java:52)
	at org.springframework.web.filter.CompositeFilter$VirtualFilterChain.doFilter(CompositeFilter.java:113)
	at org.springframework.web.filter.CompositeFilter.doFilter(CompositeFilter.java:74)
	at org.springframework.security.config.annotation.web.configuration.WebSecurityConfiguration$CompositeFilterChainProxy.doFilter(WebSecurityConfiguration.java:317)
	at org.springframework.web.filter.DelegatingFilterProxy.invokeDelegate(DelegatingFilterProxy.java:355)
	at org.springframework.web.filter.DelegatingFilterProxy.doFilter(DelegatingFilterProxy.java:272)
	at org.apache.catalina.core.ApplicationFilterChain.doFilter(ApplicationFilterChain.java:107)
	at org.springframework.web.filter.RequestContextFilter.doFilterInternal(RequestContextFilter.java:100)
	at org.springframework.web.filter.OncePerRequestFilter.doFilter(OncePerRequestFilter.java:116)
	at org.apache.catalina.core.ApplicationFilterChain.doFilter(ApplicationFilterChain.java:107)
	at org.springframework.web.filter.FormContentFilter.doFilterInternal(FormContentFilter.java:93)
	at org.springframework.web.filter.OncePerRequestFilter.doFilter(OncePerRequestFilter.java:116)
	at org.apache.catalina.core.ApplicationFilterChain.doFilter(ApplicationFilterChain.java:107)
	at org.springframework.web.filter.CharacterEncodingFilter.doFilterInternal(CharacterEncodingFilter.java:199)
	at org.springframework.web.filter.OncePerRequestFilter.doFilter(OncePerRequestFilter.java:116)
	at org.apache.catalina.core.ApplicationFilterChain.doFilter(ApplicationFilterChain.java:107)
	at org.apache.catalina.core.StandardWrapperValve.invoke(StandardWrapperValve.java:165)
	at org.apache.catalina.core.StandardContextValve.invoke(StandardContextValve.java:77)
	at org.apache.catalina.authenticator.AuthenticatorBase.invoke(AuthenticatorBase.java:492)
	at org.apache.catalina.core.StandardHostValve.invoke(StandardHostValve.java:113)
	at org.apache.catalina.valves.ErrorReportValve.invoke(ErrorReportValve.java:83)
	at org.apache.catalina.core.StandardEngineValve.invoke(StandardEngineValve.java:72)
	at org.apache.catalina.connector.CoyoteAdapter.service(CoyoteAdapter.java:341)
	at org.apache.coyote.http11.Http11Processor.service(Http11Processor.java:397)
	at org.apache.coyote.AbstractProcessorLight.process(AbstractProcessorLight.java:63)
	at org.apache.coyote.AbstractProtocol$ConnectionHandler.process(AbstractProtocol.java:903)
	at org.apache.tomcat.util.net.NioEndpoint$SocketProcessor.doRun(NioEndpoint.java:1779)
	at org.apache.tomcat.util.net.SocketProcessorBase.run(SocketProcessorBase.java:52)
	at org.apache.tomcat.util.threads.ThreadPoolExecutor.runWorker(ThreadPoolExecutor.java:946)
	at org.apache.tomcat.util.threads.ThreadPoolExecutor$Worker.run(ThreadPoolExecutor.java:480)
	at org.apache.tomcat.util.threads.TaskThread$WrappingRunnable.run(TaskThread.java:57)
	at java.base/java.lang.Thread.run(Thread.java:1583)
2026-05-01 23:12:39,432 ERROR o.a.j.l.DirectJDKLog [http-nio-8080-exec-2] Servlet.service() for servlet [dispatcherServlet] in context with path [] threw exception
io.jsonwebtoken.ExpiredJwtException: JWT expired at 2026-04-15T18:10:29Z. Current time: 2026-05-01T17:42:39Z, a difference of 1380730432 milliseconds.  Allowed clock skew: 0 milliseconds.
	at io.jsonwebtoken.impl.DefaultJwtParser.parse(DefaultJwtParser.java:427)
	at io.jsonwebtoken.impl.DefaultJwtParser.parse(DefaultJwtParser.java:529)
	at io.jsonwebtoken.impl.DefaultJwtParser.parseClaimsJws(DefaultJwtParser.java:589)
	at io.jsonwebtoken.impl.ImmutableJwtParser.parseClaimsJws(ImmutableJwtParser.java:173)
	at com.spring.boot.super30.backend.security.jwt.JwtService.extractAllClaims(JwtService.java:87)
	at com.spring.boot.super30.backend.security.jwt.JwtService.extractClaim(JwtService.java:35)
	at com.spring.boot.super30.backend.security.jwt.JwtService.extractUsername(JwtService.java:31)
	at com.spring.boot.super30.backend.security.jwt.JwtAuthenticationFilter.doFilterInternal(JwtAuthenticationFilter.java:48)
	at org.springframework.web.filter.OncePerRequestFilter.doFilter(OncePerRequestFilter.java:116)
	at org.springframework.security.web.FilterChainProxy$VirtualFilterChain.doFilter(FilterChainProxy.java:380)
	at org.springframework.security.web.authentication.AbstractAuthenticationProcessingFilter.doFilter(AbstractAuthenticationProcessingFilter.java:245)
	at org.springframework.security.web.authentication.AbstractAuthenticationProcessingFilter.doFilter(AbstractAuthenticationProcessingFilter.java:239)
	at org.springframework.security.web.FilterChainProxy$VirtualFilterChain.doFilter(FilterChainProxy.java:380)
	at org.springframework.security.oauth2.client.web.OAuth2AuthorizationRequestRedirectFilter.doFilterInternal(OAuth2AuthorizationRequestRedirectFilter.java:195)
	at org.springframework.web.filter.OncePerRequestFilter.doFilter(OncePerRequestFilter.java:116)
	at org.springframework.security.web.FilterChainProxy$VirtualFilterChain.doFilter(FilterChainProxy.java:380)
	at org.springframework.security.web.authentication.logout.LogoutFilter.doFilter(LogoutFilter.java:110)
	at org.springframework.security.web.authentication.logout.LogoutFilter.doFilter(LogoutFilter.java:96)
	at org.springframework.security.web.FilterChainProxy$VirtualFilterChain.doFilter(FilterChainProxy.java:380)
	at org.springframework.web.filter.CorsFilter.doFilterInternal(CorsFilter.java:91)
	at org.springframework.web.filter.OncePerRequestFilter.doFilter(OncePerRequestFilter.java:116)
	at org.springframework.security.web.FilterChainProxy$VirtualFilterChain.doFilter(FilterChainProxy.java:380)
	at org.springframework.security.web.header.HeaderWriterFilter.doHeadersAfter(HeaderWriterFilter.java:90)
	at org.springframework.security.web.header.HeaderWriterFilter.doFilterInternal(HeaderWriterFilter.java:75)
	at org.springframework.web.filter.OncePerRequestFilter.doFilter(OncePerRequestFilter.java:116)
	at org.springframework.security.web.FilterChainProxy$VirtualFilterChain.doFilter(FilterChainProxy.java:380)
	at org.springframework.security.web.context.SecurityContextHolderFilter.doFilter(SecurityContextHolderFilter.java:82)
	at org.springframework.security.web.context.SecurityContextHolderFilter.doFilter(SecurityContextHolderFilter.java:69)
	at org.springframework.security.web.FilterChainProxy$VirtualFilterChain.doFilter(FilterChainProxy.java:380)
	at org.springframework.security.web.context.request.async.WebAsyncManagerIntegrationFilter.doFilterInternal(WebAsyncManagerIntegrationFilter.java:62)
	at org.springframework.web.filter.OncePerRequestFilter.doFilter(OncePerRequestFilter.java:116)
	at org.springframework.security.web.FilterChainProxy$VirtualFilterChain.doFilter(FilterChainProxy.java:380)
	at org.springframework.security.web.session.DisableEncodeUrlFilter.doFilterInternal(DisableEncodeUrlFilter.java:42)
	at org.springframework.web.filter.OncePerRequestFilter.doFilter(OncePerRequestFilter.java:116)
	at org.springframework.security.web.FilterChainProxy$VirtualFilterChain.doFilter(FilterChainProxy.java:380)
	at org.springframework.security.web.FilterChainProxy.doFilterInternal(FilterChainProxy.java:237)
	at org.springframework.security.web.FilterChainProxy.doFilter(FilterChainProxy.java:195)
	at org.springframework.web.filter.CompositeFilter$VirtualFilterChain.doFilter(CompositeFilter.java:113)
	at org.springframework.web.filter.ServletRequestPathFilter.doFilter(ServletRequestPathFilter.java:52)
	at org.springframework.web.filter.CompositeFilter$VirtualFilterChain.doFilter(CompositeFilter.java:113)
	at org.springframework.web.filter.CompositeFilter.doFilter(CompositeFilter.java:74)
	at org.springframework.security.config.annotation.web.configuration.WebSecurityConfiguration$CompositeFilterChainProxy.doFilter(WebSecurityConfiguration.java:317)
	at org.springframework.web.filter.DelegatingFilterProxy.invokeDelegate(DelegatingFilterProxy.java:355)
	at org.springframework.web.filter.DelegatingFilterProxy.doFilter(DelegatingFilterProxy.java:272)
	at org.apache.catalina.core.ApplicationFilterChain.doFilter(ApplicationFilterChain.java:107)
	at org.springframework.web.filter.RequestContextFilter.doFilterInternal(RequestContextFilter.java:100)
	at org.springframework.web.filter.OncePerRequestFilter.doFilter(OncePerRequestFilter.java:116)
	at org.apache.catalina.core.ApplicationFilterChain.doFilter(ApplicationFilterChain.java:107)
	at org.springframework.web.filter.FormContentFilter.doFilterInternal(FormContentFilter.java:93)
	at org.springframework.web.filter.OncePerRequestFilter.doFilter(OncePerRequestFilter.java:116)
	at org.apache.catalina.core.ApplicationFilterChain.doFilter(ApplicationFilterChain.java:107)
	at org.springframework.web.filter.CharacterEncodingFilter.doFilterInternal(CharacterEncodingFilter.java:199)
	at org.springframework.web.filter.OncePerRequestFilter.doFilter(OncePerRequestFilter.java:116)
	at org.apache.catalina.core.ApplicationFilterChain.doFilter(ApplicationFilterChain.java:107)
	at org.apache.catalina.core.StandardWrapperValve.invoke(StandardWrapperValve.java:165)
	at org.apache.catalina.core.StandardContextValve.invoke(StandardContextValve.java:77)
	at org.apache.catalina.authenticator.AuthenticatorBase.invoke(AuthenticatorBase.java:492)
	at org.apache.catalina.core.StandardHostValve.invoke(StandardHostValve.java:113)
	at org.apache.catalina.valves.ErrorReportValve.invoke(ErrorReportValve.java:83)
	at org.apache.catalina.core.StandardEngineValve.invoke(StandardEngineValve.java:72)
	at org.apache.catalina.connector.CoyoteAdapter.service(CoyoteAdapter.java:341)
	at org.apache.coyote.http11.Http11Processor.service(Http11Processor.java:397)
	at org.apache.coyote.AbstractProcessorLight.process(AbstractProcessorLight.java:63)
	at org.apache.coyote.AbstractProtocol$ConnectionHandler.process(AbstractProtocol.java:903)
	at org.apache.tomcat.util.net.NioEndpoint$SocketProcessor.doRun(NioEndpoint.java:1779)
	at org.apache.tomcat.util.net.SocketProcessorBase.run(SocketProcessorBase.java:52)
	at org.apache.tomcat.util.threads.ThreadPoolExecutor.runWorker(ThreadPoolExecutor.java:946)
	at org.apache.tomcat.util.threads.ThreadPoolExecutor$Worker.run(ThreadPoolExecutor.java:480)
	at org.apache.tomcat.util.threads.TaskThread$WrappingRunnable.run(TaskThread.java:57)
	at java.base/java.lang.Thread.run(Thread.java:1583)
2026-05-01 23:12:41,786 ERROR o.a.j.l.DirectJDKLog [http-nio-8080-exec-7] Servlet.service() for servlet [dispatcherServlet] in context with path [] threw exception
io.jsonwebtoken.ExpiredJwtException: JWT expired at 2026-04-15T18:10:29Z. Current time: 2026-05-01T17:42:41Z, a difference of 1380732785 milliseconds.  Allowed clock skew: 0 milliseconds.
	at io.jsonwebtoken.impl.DefaultJwtParser.parse(DefaultJwtParser.java:427)
	at io.jsonwebtoken.impl.DefaultJwtParser.parse(DefaultJwtParser.java:529)
	at io.jsonwebtoken.impl.DefaultJwtParser.parseClaimsJws(DefaultJwtParser.java:589)
	at io.jsonwebtoken.impl.ImmutableJwtParser.parseClaimsJws(ImmutableJwtParser.java:173)
	at com.spring.boot.super30.backend.security.jwt.JwtService.extractAllClaims(JwtService.java:87)
	at com.spring.boot.super30.backend.security.jwt.JwtService.extractClaim(JwtService.java:35)
	at com.spring.boot.super30.backend.security.jwt.JwtService.extractUsername(JwtService.java:31)
	at com.spring.boot.super30.backend.security.jwt.JwtAuthenticationFilter.doFilterInternal(JwtAuthenticationFilter.java:48)
	at org.springframework.web.filter.OncePerRequestFilter.doFilter(OncePerRequestFilter.java:116)
	at org.springframework.security.web.FilterChainProxy$VirtualFilterChain.doFilter(FilterChainProxy.java:380)
	at org.springframework.security.web.authentication.AbstractAuthenticationProcessingFilter.doFilter(AbstractAuthenticationProcessingFilter.java:245)
	at org.springframework.security.web.authentication.AbstractAuthenticationProcessingFilter.doFilter(AbstractAuthenticationProcessingFilter.java:239)
	at org.springframework.security.web.FilterChainProxy$VirtualFilterChain.doFilter(FilterChainProxy.java:380)
	at org.springframework.security.oauth2.client.web.OAuth2AuthorizationRequestRedirectFilter.doFilterInternal(OAuth2AuthorizationRequestRedirectFilter.java:195)
	at org.springframework.web.filter.OncePerRequestFilter.doFilter(OncePerRequestFilter.java:116)
	at org.springframework.security.web.FilterChainProxy$VirtualFilterChain.doFilter(FilterChainProxy.java:380)
	at org.springframework.security.web.authentication.logout.LogoutFilter.doFilter(LogoutFilter.java:110)
	at org.springframework.security.web.authentication.logout.LogoutFilter.doFilter(LogoutFilter.java:96)
	at org.springframework.security.web.FilterChainProxy$VirtualFilterChain.doFilter(FilterChainProxy.java:380)
	at org.springframework.web.filter.CorsFilter.doFilterInternal(CorsFilter.java:91)
	at org.springframework.web.filter.OncePerRequestFilter.doFilter(OncePerRequestFilter.java:116)
	at org.springframework.security.web.FilterChainProxy$VirtualFilterChain.doFilter(FilterChainProxy.java:380)
	at org.springframework.security.web.header.HeaderWriterFilter.doHeadersAfter(HeaderWriterFilter.java:90)
	at org.springframework.security.web.header.HeaderWriterFilter.doFilterInternal(HeaderWriterFilter.java:75)
	at org.springframework.web.filter.OncePerRequestFilter.doFilter(OncePerRequestFilter.java:116)
	at org.springframework.security.web.FilterChainProxy$VirtualFilterChain.doFilter(FilterChainProxy.java:380)
	at org.springframework.security.web.context.SecurityContextHolderFilter.doFilter(SecurityContextHolderFilter.java:82)
	at org.springframework.security.web.context.SecurityContextHolderFilter.doFilter(SecurityContextHolderFilter.java:69)
	at org.springframework.security.web.FilterChainProxy$VirtualFilterChain.doFilter(FilterChainProxy.java:380)
	at org.springframework.security.web.context.request.async.WebAsyncManagerIntegrationFilter.doFilterInternal(WebAsyncManagerIntegrationFilter.java:62)
	at org.springframework.web.filter.OncePerRequestFilter.doFilter(OncePerRequestFilter.java:116)
	at org.springframework.security.web.FilterChainProxy$VirtualFilterChain.doFilter(FilterChainProxy.java:380)
	at org.springframework.security.web.session.DisableEncodeUrlFilter.doFilterInternal(DisableEncodeUrlFilter.java:42)
	at org.springframework.web.filter.OncePerRequestFilter.doFilter(OncePerRequestFilter.java:116)
	at org.springframework.security.web.FilterChainProxy$VirtualFilterChain.doFilter(FilterChainProxy.java:380)
	at org.springframework.security.web.FilterChainProxy.doFilterInternal(FilterChainProxy.java:237)
	at org.springframework.security.web.FilterChainProxy.doFilter(FilterChainProxy.java:195)
	at org.springframework.web.filter.CompositeFilter$VirtualFilterChain.doFilter(CompositeFilter.java:113)
	at org.springframework.web.filter.ServletRequestPathFilter.doFilter(ServletRequestPathFilter.java:52)
	at org.springframework.web.filter.CompositeFilter$VirtualFilterChain.doFilter(CompositeFilter.java:113)
	at org.springframework.web.filter.CompositeFilter.doFilter(CompositeFilter.java:74)
	at org.springframework.security.config.annotation.web.configuration.WebSecurityConfiguration$CompositeFilterChainProxy.doFilter(WebSecurityConfiguration.java:317)
	at org.springframework.web.filter.DelegatingFilterProxy.invokeDelegate(DelegatingFilterProxy.java:355)
	at org.springframework.web.filter.DelegatingFilterProxy.doFilter(DelegatingFilterProxy.java:272)
	at org.apache.catalina.core.ApplicationFilterChain.doFilter(ApplicationFilterChain.java:107)
	at org.springframework.web.filter.RequestContextFilter.doFilterInternal(RequestContextFilter.java:100)
	at org.springframework.web.filter.OncePerRequestFilter.doFilter(OncePerRequestFilter.java:116)
	at org.apache.catalina.core.ApplicationFilterChain.doFilter(ApplicationFilterChain.java:107)
	at org.springframework.web.filter.FormContentFilter.doFilterInternal(FormContentFilter.java:93)
	at org.springframework.web.filter.OncePerRequestFilter.doFilter(OncePerRequestFilter.java:116)
	at org.apache.catalina.core.ApplicationFilterChain.doFilter(ApplicationFilterChain.java:107)
	at org.springframework.web.filter.CharacterEncodingFilter.doFilterInternal(CharacterEncodingFilter.java:199)
	at org.springframework.web.filter.OncePerRequestFilter.doFilter(OncePerRequestFilter.java:116)
	at org.apache.catalina.core.ApplicationFilterChain.doFilter(ApplicationFilterChain.java:107)
	at org.apache.catalina.core.StandardWrapperValve.invoke(StandardWrapperValve.java:165)
	at org.apache.catalina.core.StandardContextValve.invoke(StandardContextValve.java:77)
	at org.apache.catalina.authenticator.AuthenticatorBase.invoke(AuthenticatorBase.java:492)
	at org.apache.catalina.core.StandardHostValve.invoke(StandardHostValve.java:113)
	at org.apache.catalina.valves.ErrorReportValve.invoke(ErrorReportValve.java:83)
	at org.apache.catalina.core.StandardEngineValve.invoke(StandardEngineValve.java:72)
	at org.apache.catalina.connector.CoyoteAdapter.service(CoyoteAdapter.java:341)
	at org.apache.coyote.http11.Http11Processor.service(Http11Processor.java:397)
	at org.apache.coyote.AbstractProcessorLight.process(AbstractProcessorLight.java:63)
	at org.apache.coyote.AbstractProtocol$ConnectionHandler.process(AbstractProtocol.java:903)
	at org.apache.tomcat.util.net.NioEndpoint$SocketProcessor.doRun(NioEndpoint.java:1779)
	at org.apache.tomcat.util.net.SocketProcessorBase.run(SocketProcessorBase.java:52)
	at org.apache.tomcat.util.threads.ThreadPoolExecutor.runWorker(ThreadPoolExecutor.java:946)
	at org.apache.tomcat.util.threads.ThreadPoolExecutor$Worker.run(ThreadPoolExecutor.java:480)
	at org.apache.tomcat.util.threads.TaskThread$WrappingRunnable.run(TaskThread.java:57)
	at java.base/java.lang.Thread.run(Thread.java:1583)
2026-05-01 23:12:41,785 ERROR o.a.j.l.DirectJDKLog [http-nio-8080-exec-2] Servlet.service() for servlet [dispatcherServlet] in context with path [] threw exception
io.jsonwebtoken.ExpiredJwtException: JWT expired at 2026-04-15T18:10:29Z. Current time: 2026-05-01T17:42:41Z, a difference of 1380732784 milliseconds.  Allowed clock skew: 0 milliseconds.
	at io.jsonwebtoken.impl.DefaultJwtParser.parse(DefaultJwtParser.java:427)
	at io.jsonwebtoken.impl.DefaultJwtParser.parse(DefaultJwtParser.java:529)
	at io.jsonwebtoken.impl.DefaultJwtParser.parseClaimsJws(DefaultJwtParser.java:589)
	at io.jsonwebtoken.impl.ImmutableJwtParser.parseClaimsJws(ImmutableJwtParser.java:173)
	at com.spring.boot.super30.backend.security.jwt.JwtService.extractAllClaims(JwtService.java:87)
	at com.spring.boot.super30.backend.security.jwt.JwtService.extractClaim(JwtService.java:35)
	at com.spring.boot.super30.backend.security.jwt.JwtService.extractUsername(JwtService.java:31)
	at com.spring.boot.super30.backend.security.jwt.JwtAuthenticationFilter.doFilterInternal(JwtAuthenticationFilter.java:48)
	at org.springframework.web.filter.OncePerRequestFilter.doFilter(OncePerRequestFilter.java:116)
	at org.springframework.security.web.FilterChainProxy$VirtualFilterChain.doFilter(FilterChainProxy.java:380)
	at org.springframework.security.web.authentication.AbstractAuthenticationProcessingFilter.doFilter(AbstractAuthenticationProcessingFilter.java:245)
	at org.springframework.security.web.authentication.AbstractAuthenticationProcessingFilter.doFilter(AbstractAuthenticationProcessingFilter.java:239)
	at org.springframework.security.web.FilterChainProxy$VirtualFilterChain.doFilter(FilterChainProxy.java:380)
	at org.springframework.security.oauth2.client.web.OAuth2AuthorizationRequestRedirectFilter.doFilterInternal(OAuth2AuthorizationRequestRedirectFilter.java:195)
	at org.springframework.web.filter.OncePerRequestFilter.doFilter(OncePerRequestFilter.java:116)
	at org.springframework.security.web.FilterChainProxy$VirtualFilterChain.doFilter(FilterChainProxy.java:380)
	at org.springframework.security.web.authentication.logout.LogoutFilter.doFilter(LogoutFilter.java:110)
	at org.springframework.security.web.authentication.logout.LogoutFilter.doFilter(LogoutFilter.java:96)
	at org.springframework.security.web.FilterChainProxy$VirtualFilterChain.doFilter(FilterChainProxy.java:380)
	at org.springframework.web.filter.CorsFilter.doFilterInternal(CorsFilter.java:91)
	at org.springframework.web.filter.OncePerRequestFilter.doFilter(OncePerRequestFilter.java:116)
	at org.springframework.security.web.FilterChainProxy$VirtualFilterChain.doFilter(FilterChainProxy.java:380)
	at org.springframework.security.web.header.HeaderWriterFilter.doHeadersAfter(HeaderWriterFilter.java:90)
	at org.springframework.security.web.header.HeaderWriterFilter.doFilterInternal(HeaderWriterFilter.java:75)
	at org.springframework.web.filter.OncePerRequestFilter.doFilter(OncePerRequestFilter.java:116)
	at org.springframework.security.web.FilterChainProxy$VirtualFilterChain.doFilter(FilterChainProxy.java:380)
	at org.springframework.security.web.context.SecurityContextHolderFilter.doFilter(SecurityContextHolderFilter.java:82)
	at org.springframework.security.web.context.SecurityContextHolderFilter.doFilter(SecurityContextHolderFilter.java:69)
	at org.springframework.security.web.FilterChainProxy$VirtualFilterChain.doFilter(FilterChainProxy.java:380)
	at org.springframework.security.web.context.request.async.WebAsyncManagerIntegrationFilter.doFilterInternal(WebAsyncManagerIntegrationFilter.java:62)
	at org.springframework.web.filter.OncePerRequestFilter.doFilter(OncePerRequestFilter.java:116)
	at org.springframework.security.web.FilterChainProxy$VirtualFilterChain.doFilter(FilterChainProxy.java:380)
	at org.springframework.security.web.session.DisableEncodeUrlFilter.doFilterInternal(DisableEncodeUrlFilter.java:42)
	at org.springframework.web.filter.OncePerRequestFilter.doFilter(OncePerRequestFilter.java:116)
	at org.springframework.security.web.FilterChainProxy$VirtualFilterChain.doFilter(FilterChainProxy.java:380)
	at org.springframework.security.web.FilterChainProxy.doFilterInternal(FilterChainProxy.java:237)
	at org.springframework.security.web.FilterChainProxy.doFilter(FilterChainProxy.java:195)
	at org.springframework.web.filter.CompositeFilter$VirtualFilterChain.doFilter(CompositeFilter.java:113)
	at org.springframework.web.filter.ServletRequestPathFilter.doFilter(ServletRequestPathFilter.java:52)
	at org.springframework.web.filter.CompositeFilter$VirtualFilterChain.doFilter(CompositeFilter.java:113)
	at org.springframework.web.filter.CompositeFilter.doFilter(CompositeFilter.java:74)
	at org.springframework.security.config.annotation.web.configuration.WebSecurityConfiguration$CompositeFilterChainProxy.doFilter(WebSecurityConfiguration.java:317)
	at org.springframework.web.filter.DelegatingFilterProxy.invokeDelegate(DelegatingFilterProxy.java:355)
	at org.springframework.web.filter.DelegatingFilterProxy.doFilter(DelegatingFilterProxy.java:272)
	at org.apache.catalina.core.ApplicationFilterChain.doFilter(ApplicationFilterChain.java:107)
	at org.springframework.web.filter.RequestContextFilter.doFilterInternal(RequestContextFilter.java:100)
	at org.springframework.web.filter.OncePerRequestFilter.doFilter(OncePerRequestFilter.java:116)
	at org.apache.catalina.core.ApplicationFilterChain.doFilter(ApplicationFilterChain.java:107)
	at org.springframework.web.filter.FormContentFilter.doFilterInternal(FormContentFilter.java:93)
	at org.springframework.web.filter.OncePerRequestFilter.doFilter(OncePerRequestFilter.java:116)
	at org.apache.catalina.core.ApplicationFilterChain.doFilter(ApplicationFilterChain.java:107)
	at org.springframework.web.filter.CharacterEncodingFilter.doFilterInternal(CharacterEncodingFilter.java:199)
	at org.springframework.web.filter.OncePerRequestFilter.doFilter(OncePerRequestFilter.java:116)
	at org.apache.catalina.core.ApplicationFilterChain.doFilter(ApplicationFilterChain.java:107)
	at org.apache.catalina.core.StandardWrapperValve.invoke(StandardWrapperValve.java:165)
	at org.apache.catalina.core.StandardContextValve.invoke(StandardContextValve.java:77)
	at org.apache.catalina.authenticator.AuthenticatorBase.invoke(AuthenticatorBase.java:492)
	at org.apache.catalina.core.StandardHostValve.invoke(StandardHostValve.java:113)
	at org.apache.catalina.valves.ErrorReportValve.invoke(ErrorReportValve.java:83)
	at org.apache.catalina.core.StandardEngineValve.invoke(StandardEngineValve.java:72)
	at org.apache.catalina.connector.CoyoteAdapter.service(CoyoteAdapter.java:341)
	at org.apache.coyote.http11.Http11Processor.service(Http11Processor.java:397)
	at org.apache.coyote.AbstractProcessorLight.process(AbstractProcessorLight.java:63)
	at org.apache.coyote.AbstractProtocol$ConnectionHandler.process(AbstractProtocol.java:903)
	at org.apache.tomcat.util.net.NioEndpoint$SocketProcessor.doRun(NioEndpoint.java:1779)
	at org.apache.tomcat.util.net.SocketProcessorBase.run(SocketProcessorBase.java:52)
	at org.apache.tomcat.util.threads.ThreadPoolExecutor.runWorker(ThreadPoolExecutor.java:946)
	at org.apache.tomcat.util.threads.ThreadPoolExecutor$Worker.run(ThreadPoolExecutor.java:480)
	at org.apache.tomcat.util.threads.TaskThread$WrappingRunnable.run(TaskThread.java:57)
	at java.base/java.lang.Thread.run(Thread.java:1583)
2026-05-01 23:12:41,791 ERROR o.a.j.l.DirectJDKLog [http-nio-8080-exec-8] Servlet.service() for servlet [dispatcherServlet] in context with path [] threw exception
io.jsonwebtoken.ExpiredJwtException: JWT expired at 2026-04-15T18:10:29Z. Current time: 2026-05-01T17:42:41Z, a difference of 1380732790 milliseconds.  Allowed clock skew: 0 milliseconds.
	at io.jsonwebtoken.impl.DefaultJwtParser.parse(DefaultJwtParser.java:427)
	at io.jsonwebtoken.impl.DefaultJwtParser.parse(DefaultJwtParser.java:529)
	at io.jsonwebtoken.impl.DefaultJwtParser.parseClaimsJws(DefaultJwtParser.java:589)
	at io.jsonwebtoken.impl.ImmutableJwtParser.parseClaimsJws(ImmutableJwtParser.java:173)
	at com.spring.boot.super30.backend.security.jwt.JwtService.extractAllClaims(JwtService.java:87)
	at com.spring.boot.super30.backend.security.jwt.JwtService.extractClaim(JwtService.java:35)
	at com.spring.boot.super30.backend.security.jwt.JwtService.extractUsername(JwtService.java:31)
	at com.spring.boot.super30.backend.security.jwt.JwtAuthenticationFilter.doFilterInternal(JwtAuthenticationFilter.java:48)
	at org.springframework.web.filter.OncePerRequestFilter.doFilter(OncePerRequestFilter.java:116)
	at org.springframework.security.web.FilterChainProxy$VirtualFilterChain.doFilter(FilterChainProxy.java:380)
	at org.springframework.security.web.authentication.AbstractAuthenticationProcessingFilter.doFilter(AbstractAuthenticationProcessingFilter.java:245)
	at org.springframework.security.web.authentication.AbstractAuthenticationProcessingFilter.doFilter(AbstractAuthenticationProcessingFilter.java:239)
	at org.springframework.security.web.FilterChainProxy$VirtualFilterChain.doFilter(FilterChainProxy.java:380)
	at org.springframework.security.oauth2.client.web.OAuth2AuthorizationRequestRedirectFilter.doFilterInternal(OAuth2AuthorizationRequestRedirectFilter.java:195)
	at org.springframework.web.filter.OncePerRequestFilter.doFilter(OncePerRequestFilter.java:116)
	at org.springframework.security.web.FilterChainProxy$VirtualFilterChain.doFilter(FilterChainProxy.java:380)
	at org.springframework.security.web.authentication.logout.LogoutFilter.doFilter(LogoutFilter.java:110)
	at org.springframework.security.web.authentication.logout.LogoutFilter.doFilter(LogoutFilter.java:96)
	at org.springframework.security.web.FilterChainProxy$VirtualFilterChain.doFilter(FilterChainProxy.java:380)
	at org.springframework.web.filter.CorsFilter.doFilterInternal(CorsFilter.java:91)
	at org.springframework.web.filter.OncePerRequestFilter.doFilter(OncePerRequestFilter.java:116)
	at org.springframework.security.web.FilterChainProxy$VirtualFilterChain.doFilter(FilterChainProxy.java:380)
	at org.springframework.security.web.header.HeaderWriterFilter.doHeadersAfter(HeaderWriterFilter.java:90)
	at org.springframework.security.web.header.HeaderWriterFilter.doFilterInternal(HeaderWriterFilter.java:75)
	at org.springframework.web.filter.OncePerRequestFilter.doFilter(OncePerRequestFilter.java:116)
	at org.springframework.security.web.FilterChainProxy$VirtualFilterChain.doFilter(FilterChainProxy.java:380)
	at org.springframework.security.web.context.SecurityContextHolderFilter.doFilter(SecurityContextHolderFilter.java:82)
	at org.springframework.security.web.context.SecurityContextHolderFilter.doFilter(SecurityContextHolderFilter.java:69)
	at org.springframework.security.web.FilterChainProxy$VirtualFilterChain.doFilter(FilterChainProxy.java:380)
	at org.springframework.security.web.context.request.async.WebAsyncManagerIntegrationFilter.doFilterInternal(WebAsyncManagerIntegrationFilter.java:62)
	at org.springframework.web.filter.OncePerRequestFilter.doFilter(OncePerRequestFilter.java:116)
	at org.springframework.security.web.FilterChainProxy$VirtualFilterChain.doFilter(FilterChainProxy.java:380)
	at org.springframework.security.web.session.DisableEncodeUrlFilter.doFilterInternal(DisableEncodeUrlFilter.java:42)
	at org.springframework.web.filter.OncePerRequestFilter.doFilter(OncePerRequestFilter.java:116)
	at org.springframework.security.web.FilterChainProxy$VirtualFilterChain.doFilter(FilterChainProxy.java:380)
	at org.springframework.security.web.FilterChainProxy.doFilterInternal(FilterChainProxy.java:237)
	at org.springframework.security.web.FilterChainProxy.doFilter(FilterChainProxy.java:195)
	at org.springframework.web.filter.CompositeFilter$VirtualFilterChain.doFilter(CompositeFilter.java:113)
	at org.springframework.web.filter.ServletRequestPathFilter.doFilter(ServletRequestPathFilter.java:52)
	at org.springframework.web.filter.CompositeFilter$VirtualFilterChain.doFilter(CompositeFilter.java:113)
	at org.springframework.web.filter.CompositeFilter.doFilter(CompositeFilter.java:74)
	at org.springframework.security.config.annotation.web.configuration.WebSecurityConfiguration$CompositeFilterChainProxy.doFilter(WebSecurityConfiguration.java:317)
	at org.springframework.web.filter.DelegatingFilterProxy.invokeDelegate(DelegatingFilterProxy.java:355)
	at org.springframework.web.filter.DelegatingFilterProxy.doFilter(DelegatingFilterProxy.java:272)
	at org.apache.catalina.core.ApplicationFilterChain.doFilter(ApplicationFilterChain.java:107)
	at org.springframework.web.filter.RequestContextFilter.doFilterInternal(RequestContextFilter.java:100)
	at org.springframework.web.filter.OncePerRequestFilter.doFilter(OncePerRequestFilter.java:116)
	at org.apache.catalina.core.ApplicationFilterChain.doFilter(ApplicationFilterChain.java:107)
	at org.springframework.web.filter.FormContentFilter.doFilterInternal(FormContentFilter.java:93)
	at org.springframework.web.filter.OncePerRequestFilter.doFilter(OncePerRequestFilter.java:116)
	at org.apache.catalina.core.ApplicationFilterChain.doFilter(ApplicationFilterChain.java:107)
	at org.springframework.web.filter.CharacterEncodingFilter.doFilterInternal(CharacterEncodingFilter.java:199)
	at org.springframework.web.filter.OncePerRequestFilter.doFilter(OncePerRequestFilter.java:116)
	at org.apache.catalina.core.ApplicationFilterChain.doFilter(ApplicationFilterChain.java:107)
	at org.apache.catalina.core.StandardWrapperValve.invoke(StandardWrapperValve.java:165)
	at org.apache.catalina.core.StandardContextValve.invoke(StandardContextValve.java:77)
	at org.apache.catalina.authenticator.AuthenticatorBase.invoke(AuthenticatorBase.java:492)
	at org.apache.catalina.core.StandardHostValve.invoke(StandardHostValve.java:113)
	at org.apache.catalina.valves.ErrorReportValve.invoke(ErrorReportValve.java:83)
	at org.apache.catalina.core.StandardEngineValve.invoke(StandardEngineValve.java:72)
	at org.apache.catalina.connector.CoyoteAdapter.service(CoyoteAdapter.java:341)
	at org.apache.coyote.http11.Http11Processor.service(Http11Processor.java:397)
	at org.apache.coyote.AbstractProcessorLight.process(AbstractProcessorLight.java:63)
	at org.apache.coyote.AbstractProtocol$ConnectionHandler.process(AbstractProtocol.java:903)
	at org.apache.tomcat.util.net.NioEndpoint$SocketProcessor.doRun(NioEndpoint.java:1779)
	at org.apache.tomcat.util.net.SocketProcessorBase.run(SocketProcessorBase.java:52)
	at org.apache.tomcat.util.threads.ThreadPoolExecutor.runWorker(ThreadPoolExecutor.java:946)
	at org.apache.tomcat.util.threads.ThreadPoolExecutor$Worker.run(ThreadPoolExecutor.java:480)
	at org.apache.tomcat.util.threads.TaskThread$WrappingRunnable.run(TaskThread.java:57)
	at java.base/java.lang.Thread.run(Thread.java:1583)
2026-05-01 23:12:41,803 ERROR o.a.j.l.DirectJDKLog [http-nio-8080-exec-1] Servlet.service() for servlet [dispatcherServlet] in context with path [] threw exception
io.jsonwebtoken.ExpiredJwtException: JWT expired at 2026-04-15T18:10:29Z. Current time: 2026-05-01T17:42:41Z, a difference of 1380732803 milliseconds.  Allowed clock skew: 0 milliseconds.
	at io.jsonwebtoken.impl.DefaultJwtParser.parse(DefaultJwtParser.java:427)
	at io.jsonwebtoken.impl.DefaultJwtParser.parse(DefaultJwtParser.java:529)
	at io.jsonwebtoken.impl.DefaultJwtParser.parseClaimsJws(DefaultJwtParser.java:589)
	at io.jsonwebtoken.impl.ImmutableJwtParser.parseClaimsJws(ImmutableJwtParser.java:173)
	at com.spring.boot.super30.backend.security.jwt.JwtService.extractAllClaims(JwtService.java:87)
	at com.spring.boot.super30.backend.security.jwt.JwtService.extractClaim(JwtService.java:35)
	at com.spring.boot.super30.backend.security.jwt.JwtService.extractUsername(JwtService.java:31)
	at com.spring.boot.super30.backend.security.jwt.JwtAuthenticationFilter.doFilterInternal(JwtAuthenticationFilter.java:48)
	at org.springframework.web.filter.OncePerRequestFilter.doFilter(OncePerRequestFilter.java:116)
	at org.springframework.security.web.FilterChainProxy$VirtualFilterChain.doFilter(FilterChainProxy.java:380)
	at org.springframework.security.web.authentication.AbstractAuthenticationProcessingFilter.doFilter(AbstractAuthenticationProcessingFilter.java:245)
	at org.springframework.security.web.authentication.AbstractAuthenticationProcessingFilter.doFilter(AbstractAuthenticationProcessingFilter.java:239)
	at org.springframework.security.web.FilterChainProxy$VirtualFilterChain.doFilter(FilterChainProxy.java:380)
	at org.springframework.security.oauth2.client.web.OAuth2AuthorizationRequestRedirectFilter.doFilterInternal(OAuth2AuthorizationRequestRedirectFilter.java:195)
	at org.springframework.web.filter.OncePerRequestFilter.doFilter(OncePerRequestFilter.java:116)
	at org.springframework.security.web.FilterChainProxy$VirtualFilterChain.doFilter(FilterChainProxy.java:380)
	at org.springframework.security.web.authentication.logout.LogoutFilter.doFilter(LogoutFilter.java:110)
	at org.springframework.security.web.authentication.logout.LogoutFilter.doFilter(LogoutFilter.java:96)
	at org.springframework.security.web.FilterChainProxy$VirtualFilterChain.doFilter(FilterChainProxy.java:380)
	at org.springframework.web.filter.CorsFilter.doFilterInternal(CorsFilter.java:91)
	at org.springframework.web.filter.OncePerRequestFilter.doFilter(OncePerRequestFilter.java:116)
	at org.springframework.security.web.FilterChainProxy$VirtualFilterChain.doFilter(FilterChainProxy.java:380)
	at org.springframework.security.web.header.HeaderWriterFilter.doHeadersAfter(HeaderWriterFilter.java:90)
	at org.springframework.security.web.header.HeaderWriterFilter.doFilterInternal(HeaderWriterFilter.java:75)
	at org.springframework.web.filter.OncePerRequestFilter.doFilter(OncePerRequestFilter.java:116)
	at org.springframework.security.web.FilterChainProxy$VirtualFilterChain.doFilter(FilterChainProxy.java:380)
	at org.springframework.security.web.context.SecurityContextHolderFilter.doFilter(SecurityContextHolderFilter.java:82)
	at org.springframework.security.web.context.SecurityContextHolderFilter.doFilter(SecurityContextHolderFilter.java:69)
	at org.springframework.security.web.FilterChainProxy$VirtualFilterChain.doFilter(FilterChainProxy.java:380)
	at org.springframework.security.web.context.request.async.WebAsyncManagerIntegrationFilter.doFilterInternal(WebAsyncManagerIntegrationFilter.java:62)
	at org.springframework.web.filter.OncePerRequestFilter.doFilter(OncePerRequestFilter.java:116)
	at org.springframework.security.web.FilterChainProxy$VirtualFilterChain.doFilter(FilterChainProxy.java:380)
	at org.springframework.security.web.session.DisableEncodeUrlFilter.doFilterInternal(DisableEncodeUrlFilter.java:42)
	at org.springframework.web.filter.OncePerRequestFilter.doFilter(OncePerRequestFilter.java:116)
	at org.springframework.security.web.FilterChainProxy$VirtualFilterChain.doFilter(FilterChainProxy.java:380)
	at org.springframework.security.web.FilterChainProxy.doFilterInternal(FilterChainProxy.java:237)
	at org.springframework.security.web.FilterChainProxy.doFilter(FilterChainProxy.java:195)
	at org.springframework.web.filter.CompositeFilter$VirtualFilterChain.doFilter(CompositeFilter.java:113)
	at org.springframework.web.filter.ServletRequestPathFilter.doFilter(ServletRequestPathFilter.java:52)
	at org.springframework.web.filter.CompositeFilter$VirtualFilterChain.doFilter(CompositeFilter.java:113)
	at org.springframework.web.filter.CompositeFilter.doFilter(CompositeFilter.java:74)
	at org.springframework.security.config.annotation.web.configuration.WebSecurityConfiguration$CompositeFilterChainProxy.doFilter(WebSecurityConfiguration.java:317)
	at org.springframework.web.filter.DelegatingFilterProxy.invokeDelegate(DelegatingFilterProxy.java:355)
	at org.springframework.web.filter.DelegatingFilterProxy.doFilter(DelegatingFilterProxy.java:272)
	at org.apache.catalina.core.ApplicationFilterChain.doFilter(ApplicationFilterChain.java:107)
	at org.springframework.web.filter.RequestContextFilter.doFilterInternal(RequestContextFilter.java:100)
	at org.springframework.web.filter.OncePerRequestFilter.doFilter(OncePerRequestFilter.java:116)
	at org.apache.catalina.core.ApplicationFilterChain.doFilter(ApplicationFilterChain.java:107)
	at org.springframework.web.filter.FormContentFilter.doFilterInternal(FormContentFilter.java:93)
	at org.springframework.web.filter.OncePerRequestFilter.doFilter(OncePerRequestFilter.java:116)
	at org.apache.catalina.core.ApplicationFilterChain.doFilter(ApplicationFilterChain.java:107)
	at org.springframework.web.filter.CharacterEncodingFilter.doFilterInternal(CharacterEncodingFilter.java:199)
	at org.springframework.web.filter.OncePerRequestFilter.doFilter(OncePerRequestFilter.java:116)
	at org.apache.catalina.core.ApplicationFilterChain.doFilter(ApplicationFilterChain.java:107)
	at org.apache.catalina.core.StandardWrapperValve.invoke(StandardWrapperValve.java:165)
	at org.apache.catalina.core.StandardContextValve.invoke(StandardContextValve.java:77)
	at org.apache.catalina.authenticator.AuthenticatorBase.invoke(AuthenticatorBase.java:492)
	at org.apache.catalina.core.StandardHostValve.invoke(StandardHostValve.java:113)
	at org.apache.catalina.valves.ErrorReportValve.invoke(ErrorReportValve.java:83)
	at org.apache.catalina.core.StandardEngineValve.invoke(StandardEngineValve.java:72)
	at org.apache.catalina.connector.CoyoteAdapter.service(CoyoteAdapter.java:341)
	at org.apache.coyote.http11.Http11Processor.service(Http11Processor.java:397)
	at org.apache.coyote.AbstractProcessorLight.process(AbstractProcessorLight.java:63)
	at org.apache.coyote.AbstractProtocol$ConnectionHandler.process(AbstractProtocol.java:903)
	at org.apache.tomcat.util.net.NioEndpoint$SocketProcessor.doRun(NioEndpoint.java:1779)
	at org.apache.tomcat.util.net.SocketProcessorBase.run(SocketProcessorBase.java:52)
	at org.apache.tomcat.util.threads.ThreadPoolExecutor.runWorker(ThreadPoolExecutor.java:946)
	at org.apache.tomcat.util.threads.ThreadPoolExecutor$Worker.run(ThreadPoolExecutor.java:480)
	at org.apache.tomcat.util.threads.TaskThread$WrappingRunnable.run(TaskThread.java:57)
	at java.base/java.lang.Thread.run(Thread.java:1583)
2026-05-01 23:12:41,806 ERROR o.a.j.l.DirectJDKLog [http-nio-8080-exec-9] Servlet.service() for servlet [dispatcherServlet] in context with path [] threw exception
io.jsonwebtoken.ExpiredJwtException: JWT expired at 2026-04-15T18:10:29Z. Current time: 2026-05-01T17:42:41Z, a difference of 1380732803 milliseconds.  Allowed clock skew: 0 milliseconds.
	at io.jsonwebtoken.impl.DefaultJwtParser.parse(DefaultJwtParser.java:427)
	at io.jsonwebtoken.impl.DefaultJwtParser.parse(DefaultJwtParser.java:529)
	at io.jsonwebtoken.impl.DefaultJwtParser.parseClaimsJws(DefaultJwtParser.java:589)
	at io.jsonwebtoken.impl.ImmutableJwtParser.parseClaimsJws(ImmutableJwtParser.java:173)
	at com.spring.boot.super30.backend.security.jwt.JwtService.extractAllClaims(JwtService.java:87)
	at com.spring.boot.super30.backend.security.jwt.JwtService.extractClaim(JwtService.java:35)
	at com.spring.boot.super30.backend.security.jwt.JwtService.extractUsername(JwtService.java:31)
	at com.spring.boot.super30.backend.security.jwt.JwtAuthenticationFilter.doFilterInternal(JwtAuthenticationFilter.java:48)
	at org.springframework.web.filter.OncePerRequestFilter.doFilter(OncePerRequestFilter.java:116)
	at org.springframework.security.web.FilterChainProxy$VirtualFilterChain.doFilter(FilterChainProxy.java:380)
	at org.springframework.security.web.authentication.AbstractAuthenticationProcessingFilter.doFilter(AbstractAuthenticationProcessingFilter.java:245)
	at org.springframework.security.web.authentication.AbstractAuthenticationProcessingFilter.doFilter(AbstractAuthenticationProcessingFilter.java:239)
	at org.springframework.security.web.FilterChainProxy$VirtualFilterChain.doFilter(FilterChainProxy.java:380)
	at org.springframework.security.oauth2.client.web.OAuth2AuthorizationRequestRedirectFilter.doFilterInternal(OAuth2AuthorizationRequestRedirectFilter.java:195)
	at org.springframework.web.filter.OncePerRequestFilter.doFilter(OncePerRequestFilter.java:116)
	at org.springframework.security.web.FilterChainProxy$VirtualFilterChain.doFilter(FilterChainProxy.java:380)
	at org.springframework.security.web.authentication.logout.LogoutFilter.doFilter(LogoutFilter.java:110)
	at org.springframework.security.web.authentication.logout.LogoutFilter.doFilter(LogoutFilter.java:96)
	at org.springframework.security.web.FilterChainProxy$VirtualFilterChain.doFilter(FilterChainProxy.java:380)
	at org.springframework.web.filter.CorsFilter.doFilterInternal(CorsFilter.java:91)
	at org.springframework.web.filter.OncePerRequestFilter.doFilter(OncePerRequestFilter.java:116)
	at org.springframework.security.web.FilterChainProxy$VirtualFilterChain.doFilter(FilterChainProxy.java:380)
	at org.springframework.security.web.header.HeaderWriterFilter.doHeadersAfter(HeaderWriterFilter.java:90)
	at org.springframework.security.web.header.HeaderWriterFilter.doFilterInternal(HeaderWriterFilter.java:75)
	at org.springframework.web.filter.OncePerRequestFilter.doFilter(OncePerRequestFilter.java:116)
	at org.springframework.security.web.FilterChainProxy$VirtualFilterChain.doFilter(FilterChainProxy.java:380)
	at org.springframework.security.web.context.SecurityContextHolderFilter.doFilter(SecurityContextHolderFilter.java:82)
	at org.springframework.security.web.context.SecurityContextHolderFilter.doFilter(SecurityContextHolderFilter.java:69)
	at org.springframework.security.web.FilterChainProxy$VirtualFilterChain.doFilter(FilterChainProxy.java:380)
	at org.springframework.security.web.context.request.async.WebAsyncManagerIntegrationFilter.doFilterInternal(WebAsyncManagerIntegrationFilter.java:62)
	at org.springframework.web.filter.OncePerRequestFilter.doFilter(OncePerRequestFilter.java:116)
	at org.springframework.security.web.FilterChainProxy$VirtualFilterChain.doFilter(FilterChainProxy.java:380)
	at org.springframework.security.web.session.DisableEncodeUrlFilter.doFilterInternal(DisableEncodeUrlFilter.java:42)
	at org.springframework.web.filter.OncePerRequestFilter.doFilter(OncePerRequestFilter.java:116)
	at org.springframework.security.web.FilterChainProxy$VirtualFilterChain.doFilter(FilterChainProxy.java:380)
	at org.springframework.security.web.FilterChainProxy.doFilterInternal(FilterChainProxy.java:237)
	at org.springframework.security.web.FilterChainProxy.doFilter(FilterChainProxy.java:195)
	at org.springframework.web.filter.CompositeFilter$VirtualFilterChain.doFilter(CompositeFilter.java:113)
	at org.springframework.web.filter.ServletRequestPathFilter.doFilter(ServletRequestPathFilter.java:52)
	at org.springframework.web.filter.CompositeFilter$VirtualFilterChain.doFilter(CompositeFilter.java:113)
	at org.springframework.web.filter.CompositeFilter.doFilter(CompositeFilter.java:74)
	at org.springframework.security.config.annotation.web.configuration.WebSecurityConfiguration$CompositeFilterChainProxy.doFilter(WebSecurityConfiguration.java:317)
	at org.springframework.web.filter.DelegatingFilterProxy.invokeDelegate(DelegatingFilterProxy.java:355)
	at org.springframework.web.filter.DelegatingFilterProxy.doFilter(DelegatingFilterProxy.java:272)
	at org.apache.catalina.core.ApplicationFilterChain.doFilter(ApplicationFilterChain.java:107)
	at org.springframework.web.filter.RequestContextFilter.doFilterInternal(RequestContextFilter.java:100)
	at org.springframework.web.filter.OncePerRequestFilter.doFilter(OncePerRequestFilter.java:116)
	at org.apache.catalina.core.ApplicationFilterChain.doFilter(ApplicationFilterChain.java:107)
	at org.springframework.web.filter.FormContentFilter.doFilterInternal(FormContentFilter.java:93)
	at org.springframework.web.filter.OncePerRequestFilter.doFilter(OncePerRequestFilter.java:116)
	at org.apache.catalina.core.ApplicationFilterChain.doFilter(ApplicationFilterChain.java:107)
	at org.springframework.web.filter.CharacterEncodingFilter.doFilterInternal(CharacterEncodingFilter.java:199)
	at org.springframework.web.filter.OncePerRequestFilter.doFilter(OncePerRequestFilter.java:116)
	at org.apache.catalina.core.ApplicationFilterChain.doFilter(ApplicationFilterChain.java:107)
	at org.apache.catalina.core.StandardWrapperValve.invoke(StandardWrapperValve.java:165)
	at org.apache.catalina.core.StandardContextValve.invoke(StandardContextValve.java:77)
	at org.apache.catalina.authenticator.AuthenticatorBase.invoke(AuthenticatorBase.java:492)
	at org.apache.catalina.core.StandardHostValve.invoke(StandardHostValve.java:113)
	at org.apache.catalina.valves.ErrorReportValve.invoke(ErrorReportValve.java:83)
	at org.apache.catalina.core.StandardEngineValve.invoke(StandardEngineValve.java:72)
	at org.apache.catalina.connector.CoyoteAdapter.service(CoyoteAdapter.java:341)
	at org.apache.coyote.http11.Http11Processor.service(Http11Processor.java:397)
	at org.apache.coyote.AbstractProcessorLight.process(AbstractProcessorLight.java:63)
	at org.apache.coyote.AbstractProtocol$ConnectionHandler.process(AbstractProtocol.java:903)
	at org.apache.tomcat.util.net.NioEndpoint$SocketProcessor.doRun(NioEndpoint.java:1779)
	at org.apache.tomcat.util.net.SocketProcessorBase.run(SocketProcessorBase.java:52)
	at org.apache.tomcat.util.threads.ThreadPoolExecutor.runWorker(ThreadPoolExecutor.java:946)
	at org.apache.tomcat.util.threads.ThreadPoolExecutor$Worker.run(ThreadPoolExecutor.java:480)
	at org.apache.tomcat.util.threads.TaskThread$WrappingRunnable.run(TaskThread.java:57)
	at java.base/java.lang.Thread.run(Thread.java:1583)
2026-05-01 23:12:41,810 ERROR o.a.j.l.DirectJDKLog [http-nio-8080-exec-3] Servlet.service() for servlet [dispatcherServlet] in context with path [] threw exception
io.jsonwebtoken.ExpiredJwtException: JWT expired at 2026-04-15T18:10:29Z. Current time: 2026-05-01T17:42:41Z, a difference of 1380732809 milliseconds.  Allowed clock skew: 0 milliseconds.
	at io.jsonwebtoken.impl.DefaultJwtParser.parse(DefaultJwtParser.java:427)
	at io.jsonwebtoken.impl.DefaultJwtParser.parse(DefaultJwtParser.java:529)
	at io.jsonwebtoken.impl.DefaultJwtParser.parseClaimsJws(DefaultJwtParser.java:589)
	at io.jsonwebtoken.impl.ImmutableJwtParser.parseClaimsJws(ImmutableJwtParser.java:173)
	at com.spring.boot.super30.backend.security.jwt.JwtService.extractAllClaims(JwtService.java:87)
	at com.spring.boot.super30.backend.security.jwt.JwtService.extractClaim(JwtService.java:35)
	at com.spring.boot.super30.backend.security.jwt.JwtService.extractUsername(JwtService.java:31)
	at com.spring.boot.super30.backend.security.jwt.JwtAuthenticationFilter.doFilterInternal(JwtAuthenticationFilter.java:48)
	at org.springframework.web.filter.OncePerRequestFilter.doFilter(OncePerRequestFilter.java:116)
	at org.springframework.security.web.FilterChainProxy$VirtualFilterChain.doFilter(FilterChainProxy.java:380)
	at org.springframework.security.web.authentication.AbstractAuthenticationProcessingFilter.doFilter(AbstractAuthenticationProcessingFilter.java:245)
	at org.springframework.security.web.authentication.AbstractAuthenticationProcessingFilter.doFilter(AbstractAuthenticationProcessingFilter.java:239)
	at org.springframework.security.web.FilterChainProxy$VirtualFilterChain.doFilter(FilterChainProxy.java:380)
	at org.springframework.security.oauth2.client.web.OAuth2AuthorizationRequestRedirectFilter.doFilterInternal(OAuth2AuthorizationRequestRedirectFilter.java:195)
	at org.springframework.web.filter.OncePerRequestFilter.doFilter(OncePerRequestFilter.java:116)
	at org.springframework.security.web.FilterChainProxy$VirtualFilterChain.doFilter(FilterChainProxy.java:380)
	at org.springframework.security.web.authentication.logout.LogoutFilter.doFilter(LogoutFilter.java:110)
	at org.springframework.security.web.authentication.logout.LogoutFilter.doFilter(LogoutFilter.java:96)
	at org.springframework.security.web.FilterChainProxy$VirtualFilterChain.doFilter(FilterChainProxy.java:380)
	at org.springframework.web.filter.CorsFilter.doFilterInternal(CorsFilter.java:91)
	at org.springframework.web.filter.OncePerRequestFilter.doFilter(OncePerRequestFilter.java:116)
	at org.springframework.security.web.FilterChainProxy$VirtualFilterChain.doFilter(FilterChainProxy.java:380)
	at org.springframework.security.web.header.HeaderWriterFilter.doHeadersAfter(HeaderWriterFilter.java:90)
	at org.springframework.security.web.header.HeaderWriterFilter.doFilterInternal(HeaderWriterFilter.java:75)
	at org.springframework.web.filter.OncePerRequestFilter.doFilter(OncePerRequestFilter.java:116)
	at org.springframework.security.web.FilterChainProxy$VirtualFilterChain.doFilter(FilterChainProxy.java:380)
	at org.springframework.security.web.context.SecurityContextHolderFilter.doFilter(SecurityContextHolderFilter.java:82)
	at org.springframework.security.web.context.SecurityContextHolderFilter.doFilter(SecurityContextHolderFilter.java:69)
	at org.springframework.security.web.FilterChainProxy$VirtualFilterChain.doFilter(FilterChainProxy.java:380)
	at org.springframework.security.web.context.request.async.WebAsyncManagerIntegrationFilter.doFilterInternal(WebAsyncManagerIntegrationFilter.java:62)
	at org.springframework.web.filter.OncePerRequestFilter.doFilter(OncePerRequestFilter.java:116)
	at org.springframework.security.web.FilterChainProxy$VirtualFilterChain.doFilter(FilterChainProxy.java:380)
	at org.springframework.security.web.session.DisableEncodeUrlFilter.doFilterInternal(DisableEncodeUrlFilter.java:42)
	at org.springframework.web.filter.OncePerRequestFilter.doFilter(OncePerRequestFilter.java:116)
	at org.springframework.security.web.FilterChainProxy$VirtualFilterChain.doFilter(FilterChainProxy.java:380)
	at org.springframework.security.web.FilterChainProxy.doFilterInternal(FilterChainProxy.java:237)
	at org.springframework.security.web.FilterChainProxy.doFilter(FilterChainProxy.java:195)
	at org.springframework.web.filter.CompositeFilter$VirtualFilterChain.doFilter(CompositeFilter.java:113)
	at org.springframework.web.filter.ServletRequestPathFilter.doFilter(ServletRequestPathFilter.java:52)
	at org.springframework.web.filter.CompositeFilter$VirtualFilterChain.doFilter(CompositeFilter.java:113)
	at org.springframework.web.filter.CompositeFilter.doFilter(CompositeFilter.java:74)
	at org.springframework.security.config.annotation.web.configuration.WebSecurityConfiguration$CompositeFilterChainProxy.doFilter(WebSecurityConfiguration.java:317)
	at org.springframework.web.filter.DelegatingFilterProxy.invokeDelegate(DelegatingFilterProxy.java:355)
	at org.springframework.web.filter.DelegatingFilterProxy.doFilter(DelegatingFilterProxy.java:272)
	at org.apache.catalina.core.ApplicationFilterChain.doFilter(ApplicationFilterChain.java:107)
	at org.springframework.web.filter.RequestContextFilter.doFilterInternal(RequestContextFilter.java:100)
	at org.springframework.web.filter.OncePerRequestFilter.doFilter(OncePerRequestFilter.java:116)
	at org.apache.catalina.core.ApplicationFilterChain.doFilter(ApplicationFilterChain.java:107)
	at org.springframework.web.filter.FormContentFilter.doFilterInternal(FormContentFilter.java:93)
	at org.springframework.web.filter.OncePerRequestFilter.doFilter(OncePerRequestFilter.java:116)
	at org.apache.catalina.core.ApplicationFilterChain.doFilter(ApplicationFilterChain.java:107)
	at org.springframework.web.filter.CharacterEncodingFilter.doFilterInternal(CharacterEncodingFilter.java:199)
	at org.springframework.web.filter.OncePerRequestFilter.doFilter(OncePerRequestFilter.java:116)
	at org.apache.catalina.core.ApplicationFilterChain.doFilter(ApplicationFilterChain.java:107)
	at org.apache.catalina.core.StandardWrapperValve.invoke(StandardWrapperValve.java:165)
	at org.apache.catalina.core.StandardContextValve.invoke(StandardContextValve.java:77)
	at org.apache.catalina.authenticator.AuthenticatorBase.invoke(AuthenticatorBase.java:492)
	at org.apache.catalina.core.StandardHostValve.invoke(StandardHostValve.java:113)
	at org.apache.catalina.valves.ErrorReportValve.invoke(ErrorReportValve.java:83)
	at org.apache.catalina.core.StandardEngineValve.invoke(StandardEngineValve.java:72)
	at org.apache.catalina.connector.CoyoteAdapter.service(CoyoteAdapter.java:341)
	at org.apache.coyote.http11.Http11Processor.service(Http11Processor.java:397)
	at org.apache.coyote.AbstractProcessorLight.process(AbstractProcessorLight.java:63)
	at org.apache.coyote.AbstractProtocol$ConnectionHandler.process(AbstractProtocol.java:903)
	at org.apache.tomcat.util.net.NioEndpoint$SocketProcessor.doRun(NioEndpoint.java:1779)
	at org.apache.tomcat.util.net.SocketProcessorBase.run(SocketProcessorBase.java:52)
	at org.apache.tomcat.util.threads.ThreadPoolExecutor.runWorker(ThreadPoolExecutor.java:946)
	at org.apache.tomcat.util.threads.ThreadPoolExecutor$Worker.run(ThreadPoolExecutor.java:480)
	at org.apache.tomcat.util.threads.TaskThread$WrappingRunnable.run(TaskThread.java:57)
	at java.base/java.lang.Thread.run(Thread.java:1583)
2026-05-01 23:12:41,820 ERROR o.a.j.l.DirectJDKLog [http-nio-8080-exec-4] Servlet.service() for servlet [dispatcherServlet] in context with path [] threw exception
io.jsonwebtoken.ExpiredJwtException: JWT expired at 2026-04-15T18:10:29Z. Current time: 2026-05-01T17:42:41Z, a difference of 1380732818 milliseconds.  Allowed clock skew: 0 milliseconds.
	at io.jsonwebtoken.impl.DefaultJwtParser.parse(DefaultJwtParser.java:427)
	at io.jsonwebtoken.impl.DefaultJwtParser.parse(DefaultJwtParser.java:529)
	at io.jsonwebtoken.impl.DefaultJwtParser.parseClaimsJws(DefaultJwtParser.java:589)
	at io.jsonwebtoken.impl.ImmutableJwtParser.parseClaimsJws(ImmutableJwtParser.java:173)
	at com.spring.boot.super30.backend.security.jwt.JwtService.extractAllClaims(JwtService.java:87)
	at com.spring.boot.super30.backend.security.jwt.JwtService.extractClaim(JwtService.java:35)
	at com.spring.boot.super30.backend.security.jwt.JwtService.extractUsername(JwtService.java:31)
	at com.spring.boot.super30.backend.security.jwt.JwtAuthenticationFilter.doFilterInternal(JwtAuthenticationFilter.java:48)
	at org.springframework.web.filter.OncePerRequestFilter.doFilter(OncePerRequestFilter.java:116)
	at org.springframework.security.web.FilterChainProxy$VirtualFilterChain.doFilter(FilterChainProxy.java:380)
	at org.springframework.security.web.authentication.AbstractAuthenticationProcessingFilter.doFilter(AbstractAuthenticationProcessingFilter.java:245)
	at org.springframework.security.web.authentication.AbstractAuthenticationProcessingFilter.doFilter(AbstractAuthenticationProcessingFilter.java:239)
	at org.springframework.security.web.FilterChainProxy$VirtualFilterChain.doFilter(FilterChainProxy.java:380)
	at org.springframework.security.oauth2.client.web.OAuth2AuthorizationRequestRedirectFilter.doFilterInternal(OAuth2AuthorizationRequestRedirectFilter.java:195)
	at org.springframework.web.filter.OncePerRequestFilter.doFilter(OncePerRequestFilter.java:116)
	at org.springframework.security.web.FilterChainProxy$VirtualFilterChain.doFilter(FilterChainProxy.java:380)
	at org.springframework.security.web.authentication.logout.LogoutFilter.doFilter(LogoutFilter.java:110)
	at org.springframework.security.web.authentication.logout.LogoutFilter.doFilter(LogoutFilter.java:96)
	at org.springframework.security.web.FilterChainProxy$VirtualFilterChain.doFilter(FilterChainProxy.java:380)
	at org.springframework.web.filter.CorsFilter.doFilterInternal(CorsFilter.java:91)
	at org.springframework.web.filter.OncePerRequestFilter.doFilter(OncePerRequestFilter.java:116)
	at org.springframework.security.web.FilterChainProxy$VirtualFilterChain.doFilter(FilterChainProxy.java:380)
	at org.springframework.security.web.header.HeaderWriterFilter.doHeadersAfter(HeaderWriterFilter.java:90)
	at org.springframework.security.web.header.HeaderWriterFilter.doFilterInternal(HeaderWriterFilter.java:75)
	at org.springframework.web.filter.OncePerRequestFilter.doFilter(OncePerRequestFilter.java:116)
	at org.springframework.security.web.FilterChainProxy$VirtualFilterChain.doFilter(FilterChainProxy.java:380)
	at org.springframework.security.web.context.SecurityContextHolderFilter.doFilter(SecurityContextHolderFilter.java:82)
	at org.springframework.security.web.context.SecurityContextHolderFilter.doFilter(SecurityContextHolderFilter.java:69)
	at org.springframework.security.web.FilterChainProxy$VirtualFilterChain.doFilter(FilterChainProxy.java:380)
	at org.springframework.security.web.context.request.async.WebAsyncManagerIntegrationFilter.doFilterInternal(WebAsyncManagerIntegrationFilter.java:62)
	at org.springframework.web.filter.OncePerRequestFilter.doFilter(OncePerRequestFilter.java:116)
	at org.springframework.security.web.FilterChainProxy$VirtualFilterChain.doFilter(FilterChainProxy.java:380)
	at org.springframework.security.web.session.DisableEncodeUrlFilter.doFilterInternal(DisableEncodeUrlFilter.java:42)
	at org.springframework.web.filter.OncePerRequestFilter.doFilter(OncePerRequestFilter.java:116)
	at org.springframework.security.web.FilterChainProxy$VirtualFilterChain.doFilter(FilterChainProxy.java:380)
	at org.springframework.security.web.FilterChainProxy.doFilterInternal(FilterChainProxy.java:237)
	at org.springframework.security.web.FilterChainProxy.doFilter(FilterChainProxy.java:195)
	at org.springframework.web.filter.CompositeFilter$VirtualFilterChain.doFilter(CompositeFilter.java:113)
	at org.springframework.web.filter.ServletRequestPathFilter.doFilter(ServletRequestPathFilter.java:52)
	at org.springframework.web.filter.CompositeFilter$VirtualFilterChain.doFilter(CompositeFilter.java:113)
	at org.springframework.web.filter.CompositeFilter.doFilter(CompositeFilter.java:74)
	at org.springframework.security.config.annotation.web.configuration.WebSecurityConfiguration$CompositeFilterChainProxy.doFilter(WebSecurityConfiguration.java:317)
	at org.springframework.web.filter.DelegatingFilterProxy.invokeDelegate(DelegatingFilterProxy.java:355)
	at org.springframework.web.filter.DelegatingFilterProxy.doFilter(DelegatingFilterProxy.java:272)
	at org.apache.catalina.core.ApplicationFilterChain.doFilter(ApplicationFilterChain.java:107)
	at org.springframework.web.filter.RequestContextFilter.doFilterInternal(RequestContextFilter.java:100)
	at org.springframework.web.filter.OncePerRequestFilter.doFilter(OncePerRequestFilter.java:116)
	at org.apache.catalina.core.ApplicationFilterChain.doFilter(ApplicationFilterChain.java:107)
	at org.springframework.web.filter.FormContentFilter.doFilterInternal(FormContentFilter.java:93)
	at org.springframework.web.filter.OncePerRequestFilter.doFilter(OncePerRequestFilter.java:116)
	at org.apache.catalina.core.ApplicationFilterChain.doFilter(ApplicationFilterChain.java:107)
	at org.springframework.web.filter.CharacterEncodingFilter.doFilterInternal(CharacterEncodingFilter.java:199)
	at org.springframework.web.filter.OncePerRequestFilter.doFilter(OncePerRequestFilter.java:116)
	at org.apache.catalina.core.ApplicationFilterChain.doFilter(ApplicationFilterChain.java:107)
	at org.apache.catalina.core.StandardWrapperValve.invoke(StandardWrapperValve.java:165)
	at org.apache.catalina.core.StandardContextValve.invoke(StandardContextValve.java:77)
	at org.apache.catalina.authenticator.AuthenticatorBase.invoke(AuthenticatorBase.java:492)
	at org.apache.catalina.core.StandardHostValve.invoke(StandardHostValve.java:113)
	at org.apache.catalina.valves.ErrorReportValve.invoke(ErrorReportValve.java:83)
	at org.apache.catalina.core.StandardEngineValve.invoke(StandardEngineValve.java:72)
	at org.apache.catalina.connector.CoyoteAdapter.service(CoyoteAdapter.java:341)
	at org.apache.coyote.http11.Http11Processor.service(Http11Processor.java:397)
	at org.apache.coyote.AbstractProcessorLight.process(AbstractProcessorLight.java:63)
	at org.apache.coyote.AbstractProtocol$ConnectionHandler.process(AbstractProtocol.java:903)
	at org.apache.tomcat.util.net.NioEndpoint$SocketProcessor.doRun(NioEndpoint.java:1779)
	at org.apache.tomcat.util.net.SocketProcessorBase.run(SocketProcessorBase.java:52)
	at org.apache.tomcat.util.threads.ThreadPoolExecutor.runWorker(ThreadPoolExecutor.java:946)
	at org.apache.tomcat.util.threads.ThreadPoolExecutor$Worker.run(ThreadPoolExecutor.java:480)
	at org.apache.tomcat.util.threads.TaskThread$WrappingRunnable.run(TaskThread.java:57)
	at java.base/java.lang.Thread.run(Thread.java:1583)
2026-05-01 23:12:41,829 ERROR o.a.j.l.DirectJDKLog [http-nio-8080-exec-5] Servlet.service() for servlet [dispatcherServlet] in context with path [] threw exception
io.jsonwebtoken.ExpiredJwtException: JWT expired at 2026-04-15T18:10:29Z. Current time: 2026-05-01T17:42:41Z, a difference of 1380732828 milliseconds.  Allowed clock skew: 0 milliseconds.
	at io.jsonwebtoken.impl.DefaultJwtParser.parse(DefaultJwtParser.java:427)
	at io.jsonwebtoken.impl.DefaultJwtParser.parse(DefaultJwtParser.java:529)
	at io.jsonwebtoken.impl.DefaultJwtParser.parseClaimsJws(DefaultJwtParser.java:589)
	at io.jsonwebtoken.impl.ImmutableJwtParser.parseClaimsJws(ImmutableJwtParser.java:173)
	at com.spring.boot.super30.backend.security.jwt.JwtService.extractAllClaims(JwtService.java:87)
	at com.spring.boot.super30.backend.security.jwt.JwtService.extractClaim(JwtService.java:35)
	at com.spring.boot.super30.backend.security.jwt.JwtService.extractUsername(JwtService.java:31)
	at com.spring.boot.super30.backend.security.jwt.JwtAuthenticationFilter.doFilterInternal(JwtAuthenticationFilter.java:48)
	at org.springframework.web.filter.OncePerRequestFilter.doFilter(OncePerRequestFilter.java:116)
	at org.springframework.security.web.FilterChainProxy$VirtualFilterChain.doFilter(FilterChainProxy.java:380)
	at org.springframework.security.web.authentication.AbstractAuthenticationProcessingFilter.doFilter(AbstractAuthenticationProcessingFilter.java:245)
	at org.springframework.security.web.authentication.AbstractAuthenticationProcessingFilter.doFilter(AbstractAuthenticationProcessingFilter.java:239)
	at org.springframework.security.web.FilterChainProxy$VirtualFilterChain.doFilter(FilterChainProxy.java:380)
	at org.springframework.security.oauth2.client.web.OAuth2AuthorizationRequestRedirectFilter.doFilterInternal(OAuth2AuthorizationRequestRedirectFilter.java:195)
	at org.springframework.web.filter.OncePerRequestFilter.doFilter(OncePerRequestFilter.java:116)
	at org.springframework.security.web.FilterChainProxy$VirtualFilterChain.doFilter(FilterChainProxy.java:380)
	at org.springframework.security.web.authentication.logout.LogoutFilter.doFilter(LogoutFilter.java:110)
	at org.springframework.security.web.authentication.logout.LogoutFilter.doFilter(LogoutFilter.java:96)
	at org.springframework.security.web.FilterChainProxy$VirtualFilterChain.doFilter(FilterChainProxy.java:380)
	at org.springframework.web.filter.CorsFilter.doFilterInternal(CorsFilter.java:91)
	at org.springframework.web.filter.OncePerRequestFilter.doFilter(OncePerRequestFilter.java:116)
	at org.springframework.security.web.FilterChainProxy$VirtualFilterChain.doFilter(FilterChainProxy.java:380)
	at org.springframework.security.web.header.HeaderWriterFilter.doHeadersAfter(HeaderWriterFilter.java:90)
	at org.springframework.security.web.header.HeaderWriterFilter.doFilterInternal(HeaderWriterFilter.java:75)
	at org.springframework.web.filter.OncePerRequestFilter.doFilter(OncePerRequestFilter.java:116)
	at org.springframework.security.web.FilterChainProxy$VirtualFilterChain.doFilter(FilterChainProxy.java:380)
	at org.springframework.security.web.context.SecurityContextHolderFilter.doFilter(SecurityContextHolderFilter.java:82)
	at org.springframework.security.web.context.SecurityContextHolderFilter.doFilter(SecurityContextHolderFilter.java:69)
	at org.springframework.security.web.FilterChainProxy$VirtualFilterChain.doFilter(FilterChainProxy.java:380)
	at org.springframework.security.web.context.request.async.WebAsyncManagerIntegrationFilter.doFilterInternal(WebAsyncManagerIntegrationFilter.java:62)
	at org.springframework.web.filter.OncePerRequestFilter.doFilter(OncePerRequestFilter.java:116)
	at org.springframework.security.web.FilterChainProxy$VirtualFilterChain.doFilter(FilterChainProxy.java:380)
	at org.springframework.security.web.session.DisableEncodeUrlFilter.doFilterInternal(DisableEncodeUrlFilter.java:42)
	at org.springframework.web.filter.OncePerRequestFilter.doFilter(OncePerRequestFilter.java:116)
	at org.springframework.security.web.FilterChainProxy$VirtualFilterChain.doFilter(FilterChainProxy.java:380)
	at org.springframework.security.web.FilterChainProxy.doFilterInternal(FilterChainProxy.java:237)
	at org.springframework.security.web.FilterChainProxy.doFilter(FilterChainProxy.java:195)
	at org.springframework.web.filter.CompositeFilter$VirtualFilterChain.doFilter(CompositeFilter.java:113)
	at org.springframework.web.filter.ServletRequestPathFilter.doFilter(ServletRequestPathFilter.java:52)
	at org.springframework.web.filter.CompositeFilter$VirtualFilterChain.doFilter(CompositeFilter.java:113)
	at org.springframework.web.filter.CompositeFilter.doFilter(CompositeFilter.java:74)
	at org.springframework.security.config.annotation.web.configuration.WebSecurityConfiguration$CompositeFilterChainProxy.doFilter(WebSecurityConfiguration.java:317)
	at org.springframework.web.filter.DelegatingFilterProxy.invokeDelegate(DelegatingFilterProxy.java:355)
	at org.springframework.web.filter.DelegatingFilterProxy.doFilter(DelegatingFilterProxy.java:272)
	at org.apache.catalina.core.ApplicationFilterChain.doFilter(ApplicationFilterChain.java:107)
	at org.springframework.web.filter.RequestContextFilter.doFilterInternal(RequestContextFilter.java:100)
	at org.springframework.web.filter.OncePerRequestFilter.doFilter(OncePerRequestFilter.java:116)
	at org.apache.catalina.core.ApplicationFilterChain.doFilter(ApplicationFilterChain.java:107)
	at org.springframework.web.filter.FormContentFilter.doFilterInternal(FormContentFilter.java:93)
	at org.springframework.web.filter.OncePerRequestFilter.doFilter(OncePerRequestFilter.java:116)
	at org.apache.catalina.core.ApplicationFilterChain.doFilter(ApplicationFilterChain.java:107)
	at org.springframework.web.filter.CharacterEncodingFilter.doFilterInternal(CharacterEncodingFilter.java:199)
	at org.springframework.web.filter.OncePerRequestFilter.doFilter(OncePerRequestFilter.java:116)
	at org.apache.catalina.core.ApplicationFilterChain.doFilter(ApplicationFilterChain.java:107)
	at org.apache.catalina.core.StandardWrapperValve.invoke(StandardWrapperValve.java:165)
	at org.apache.catalina.core.StandardContextValve.invoke(StandardContextValve.java:77)
	at org.apache.catalina.authenticator.AuthenticatorBase.invoke(AuthenticatorBase.java:492)
	at org.apache.catalina.core.StandardHostValve.invoke(StandardHostValve.java:113)
	at org.apache.catalina.valves.ErrorReportValve.invoke(ErrorReportValve.java:83)
	at org.apache.catalina.core.StandardEngineValve.invoke(StandardEngineValve.java:72)
	at org.apache.catalina.connector.CoyoteAdapter.service(CoyoteAdapter.java:341)
	at org.apache.coyote.http11.Http11Processor.service(Http11Processor.java:397)
	at org.apache.coyote.AbstractProcessorLight.process(AbstractProcessorLight.java:63)
	at org.apache.coyote.AbstractProtocol$ConnectionHandler.process(AbstractProtocol.java:903)
	at org.apache.tomcat.util.net.NioEndpoint$SocketProcessor.doRun(NioEndpoint.java:1779)
	at org.apache.tomcat.util.net.SocketProcessorBase.run(SocketProcessorBase.java:52)
	at org.apache.tomcat.util.threads.ThreadPoolExecutor.runWorker(ThreadPoolExecutor.java:946)
	at org.apache.tomcat.util.threads.ThreadPoolExecutor$Worker.run(ThreadPoolExecutor.java:480)
	at org.apache.tomcat.util.threads.TaskThread$WrappingRunnable.run(TaskThread.java:57)
	at java.base/java.lang.Thread.run(Thread.java:1583)
2026-05-01 23:13:37,670 INFO c.s.b.s.b.s.c.AuthController [http-nio-8080-exec-1] Attempting to register new user with email: pranavparalkar21@gmail.com
2026-05-01 23:13:38,593 WARN c.s.b.s.b.s.c.AuthController [http-nio-8080-exec-1] Registration failed: User with email pranavparalkar21@gmail.com already exists.
2026-05-01 23:14:05,381 INFO c.s.b.s.b.s.c.AuthController [http-nio-8080-exec-5] Attempting to register new user with email: pranavparalkar1@gmail.com
2026-05-01 23:14:05,668 INFO c.s.b.s.b.s.c.AuthController [http-nio-8080-exec-5] Successfully registered user with email: pranavparalkar1@gmail.com
2026-05-01 23:14:05,801 INFO c.s.b.s.b.s.j.JwtAuthenticationFilter [http-nio-8080-exec-9] JWT validated successfully for context user: pranavparalkar1@gmail.com
2026-05-01 23:14:05,810 INFO c.s.b.s.b.d.c.DoctorController [http-nio-8080-exec-9] Received request to create a new doctor with email: pranavparalkar1@gmail.com
2026-05-01 23:14:05,859 INFO c.s.b.s.b.d.s.DoctorService [http-nio-8080-exec-9] Successfully saved doctor with ID: DOC-a48f47f0
2026-05-01 23:14:05,861 INFO c.s.b.s.b.d.c.DoctorController [http-nio-8080-exec-9] Successfully created doctor with ID: DOC-a48f47f0
2026-05-01 23:14:05,915 INFO c.s.b.s.b.s.j.JwtAuthenticationFilter [http-nio-8080-exec-4] JWT validated successfully for context user: pranavparalkar1@gmail.com
2026-05-01 23:14:05,920 INFO c.s.b.s.b.s.j.JwtAuthenticationFilter [http-nio-8080-exec-2] JWT validated successfully for context user: pranavparalkar1@gmail.com
2026-05-01 23:14:05,923 INFO c.s.b.s.b.s.c.DashboardController [http-nio-8080-exec-2] Fetching dashboard statistics
2026-05-01 23:14:05,930 INFO c.s.b.s.b.p.c.PrescriptionController [http-nio-8080-exec-4] Fetching prescriptions for doctor ID: DOC-a48f47f0
2026-05-01 23:14:05,974 INFO c.s.b.s.b.p.c.PrescriptionController [http-nio-8080-exec-4] Found 0 prescriptions for doctor ID: DOC-a48f47f0
2026-05-01 23:14:05,994 INFO c.s.b.s.b.s.j.JwtAuthenticationFilter [http-nio-8080-exec-10] JWT validated successfully for context user: pranavparalkar1@gmail.com
2026-05-01 23:14:05,996 INFO c.s.b.s.b.p.c.PrescriptionController [http-nio-8080-exec-10] Fetching prescriptions for doctor ID: DOC-a48f47f0
2026-05-01 23:14:06,004 INFO c.s.b.s.b.p.c.PrescriptionController [http-nio-8080-exec-10] Found 0 prescriptions for doctor ID: DOC-a48f47f0
2026-05-01 23:14:06,012 INFO c.s.b.s.b.s.s.DashboardService [http-nio-8080-exec-2] Successfully calculated dashboard statistics: totalPatients=3, totalDoctors=3, verifiedDoctors=0
2026-05-01 23:14:06,028 INFO c.s.b.s.b.s.j.JwtAuthenticationFilter [http-nio-8080-exec-5] JWT validated successfully for context user: pranavparalkar1@gmail.com
2026-05-01 23:14:06,030 INFO c.s.b.s.b.s.c.DashboardController [http-nio-8080-exec-5] Fetching dashboard statistics
2026-05-01 23:14:06,048 INFO c.s.b.s.b.s.s.DashboardService [http-nio-8080-exec-5] Successfully calculated dashboard statistics: totalPatients=3, totalDoctors=3, verifiedDoctors=0
2026-05-01 23:14:51,748 INFO c.s.b.s.b.s.c.AuthController [http-nio-8080-exec-9] Attempting to register new user with email: atharv1@gmail.com
2026-05-01 23:14:51,920 INFO c.s.b.s.b.s.c.AuthController [http-nio-8080-exec-9] Successfully registered user with email: atharv1@gmail.com
2026-05-01 23:14:51,944 INFO c.s.b.s.b.s.j.JwtAuthenticationFilter [http-nio-8080-exec-3] JWT validated successfully for context user: atharv1@gmail.com
2026-05-01 23:14:51,951 INFO c.s.b.s.b.p.c.PatientController [http-nio-8080-exec-3] Received request to create patient: Atharv Atharv
2026-05-01 23:14:51,953 INFO c.s.b.s.b.p.s.PatientService [http-nio-8080-exec-3] Executing logic to create patient: Atharv Atharv
2026-05-01 23:14:51,975 INFO c.s.b.s.b.p.s.PatientService [http-nio-8080-exec-3] Patient saved successfully with ID: PAT-2026-0004
2026-05-01 23:14:51,976 INFO c.s.b.s.b.p.c.PatientController [http-nio-8080-exec-3] Successfully created patient with ID: PAT-2026-0004
2026-05-01 23:14:52,030 INFO c.s.b.s.b.s.j.JwtAuthenticationFilter [http-nio-8080-exec-10] JWT validated successfully for context user: atharv1@gmail.com
2026-05-01 23:14:52,031 INFO c.s.b.s.b.s.j.JwtAuthenticationFilter [http-nio-8080-exec-5] JWT validated successfully for context user: atharv1@gmail.com
2026-05-01 23:14:52,032 INFO c.s.b.s.b.s.j.JwtAuthenticationFilter [http-nio-8080-exec-4] JWT validated successfully for context user: atharv1@gmail.com
2026-05-01 23:14:52,034 INFO c.s.b.s.b.s.c.SubscriptionController [http-nio-8080-exec-10] GET /api/subscription/status for patient: PAT-2026-0004
2026-05-01 23:14:52,034 INFO c.s.b.s.b.p.c.PrescriptionController [http-nio-8080-exec-5] Fetching prescriptions for patient ID: PAT-2026-0004
2026-05-01 23:14:52,036 INFO c.s.b.s.b.s.s.SubscriptionService [http-nio-8080-exec-10] Fetching subscription status for patient: PAT-2026-0004
2026-05-01 23:14:52,037 INFO c.s.b.s.b.a.c.AccessOtpController [http-nio-8080-exec-4] GET /api/access/pending-otp - patient: PAT-2026-0004
2026-05-01 23:14:52,056 INFO c.s.b.s.b.p.c.PrescriptionController [http-nio-8080-exec-5] Found 0 prescriptions for patient ID: PAT-2026-0004
2026-05-01 23:14:52,126 INFO c.s.b.s.b.s.j.JwtAuthenticationFilter [http-nio-8080-exec-10] JWT validated successfully for context user: atharv1@gmail.com
2026-05-01 23:14:52,127 INFO c.s.b.s.b.s.c.SubscriptionController [http-nio-8080-exec-10] GET /api/subscription/status for patient: PAT-2026-0004
2026-05-01 23:14:52,129 INFO c.s.b.s.b.s.s.SubscriptionService [http-nio-8080-exec-10] Fetching subscription status for patient: PAT-2026-0004
2026-05-01 23:14:52,140 INFO c.s.b.s.b.s.j.JwtAuthenticationFilter [http-nio-8080-exec-8] JWT validated successfully for context user: atharv1@gmail.com
2026-05-01 23:14:52,142 INFO c.s.b.s.b.p.c.PrescriptionController [http-nio-8080-exec-8] Fetching prescriptions for patient ID: PAT-2026-0004
2026-05-01 23:14:52,153 INFO c.s.b.s.b.p.c.PrescriptionController [http-nio-8080-exec-8] Found 0 prescriptions for patient ID: PAT-2026-0004
2026-05-01 23:14:52,154 INFO c.s.b.s.b.s.j.JwtAuthenticationFilter [http-nio-8080-exec-10] JWT validated successfully for context user: atharv1@gmail.com
2026-05-01 23:14:52,156 INFO c.s.b.s.b.s.c.SubscriptionController [http-nio-8080-exec-10] GET /api/subscription/status for patient: PAT-2026-0004
2026-05-01 23:14:52,156 INFO c.s.b.s.b.s.s.SubscriptionService [http-nio-8080-exec-10] Fetching subscription status for patient: PAT-2026-0004
2026-05-01 23:14:52,161 INFO c.s.b.s.b.s.j.JwtAuthenticationFilter [http-nio-8080-exec-9] JWT validated successfully for context user: atharv1@gmail.com
2026-05-01 23:14:52,164 INFO c.s.b.s.b.a.c.AccessOtpController [http-nio-8080-exec-9] GET /api/access/pending-otp - patient: PAT-2026-0004
2026-05-01 23:14:52,177 INFO c.s.b.s.b.s.j.JwtAuthenticationFilter [http-nio-8080-exec-7] JWT validated successfully for context user: atharv1@gmail.com
2026-05-01 23:14:52,179 INFO c.s.b.s.b.s.c.SubscriptionController [http-nio-8080-exec-7] GET /api/subscription/status for patient: PAT-2026-0004
2026-05-01 23:14:52,180 INFO c.s.b.s.b.s.s.SubscriptionService [http-nio-8080-exec-7] Fetching subscription status for patient: PAT-2026-0004
2026-05-01 23:14:58,398 INFO c.s.b.s.b.s.j.JwtAuthenticationFilter [http-nio-8080-exec-10] JWT validated successfully for context user: atharv1@gmail.com
2026-05-01 23:14:58,400 INFO c.s.b.s.b.s.j.JwtAuthenticationFilter [http-nio-8080-exec-8] JWT validated successfully for context user: atharv1@gmail.com
2026-05-01 23:14:58,401 INFO c.s.b.s.b.s.c.SubscriptionController [http-nio-8080-exec-10] GET /api/subscription/status for patient: PAT-2026-0004
2026-05-01 23:14:58,403 INFO c.s.b.s.b.d.c.PatientDocumentController [http-nio-8080-exec-8] GET /api/documents - patient: PAT-2026-0004, category: null
2026-05-01 23:14:58,403 INFO c.s.b.s.b.s.s.SubscriptionService [http-nio-8080-exec-10] Fetching subscription status for patient: PAT-2026-0004
2026-05-01 23:14:58,421 INFO c.s.b.s.b.s.j.JwtAuthenticationFilter [http-nio-8080-exec-9] JWT validated successfully for context user: atharv1@gmail.com
2026-05-01 23:14:58,421 INFO c.s.b.s.b.s.c.SubscriptionController [http-nio-8080-exec-9] GET /api/subscription/status for patient: PAT-2026-0004
2026-05-01 23:14:58,422 INFO c.s.b.s.b.s.s.SubscriptionService [http-nio-8080-exec-9] Fetching subscription status for patient: PAT-2026-0004
2026-05-01 23:14:58,440 INFO c.s.b.s.b.s.j.JwtAuthenticationFilter [http-nio-8080-exec-7] JWT validated successfully for context user: atharv1@gmail.com
2026-05-01 23:14:58,442 INFO c.s.b.s.b.s.j.JwtAuthenticationFilter [http-nio-8080-exec-1] JWT validated successfully for context user: atharv1@gmail.com
2026-05-01 23:14:58,443 INFO c.s.b.s.b.s.c.SubscriptionController [http-nio-8080-exec-7] GET /api/subscription/status for patient: PAT-2026-0004
2026-05-01 23:14:58,445 INFO c.s.b.s.b.d.c.PatientDocumentController [http-nio-8080-exec-1] GET /api/documents - patient: PAT-2026-0004, category: null
2026-05-01 23:14:58,446 INFO c.s.b.s.b.s.s.SubscriptionService [http-nio-8080-exec-7] Fetching subscription status for patient: PAT-2026-0004
2026-05-01 23:14:58,467 INFO c.s.b.s.b.s.j.JwtAuthenticationFilter [http-nio-8080-exec-5] JWT validated successfully for context user: atharv1@gmail.com
2026-05-01 23:14:58,469 INFO c.s.b.s.b.s.c.SubscriptionController [http-nio-8080-exec-5] GET /api/subscription/status for patient: PAT-2026-0004
2026-05-01 23:14:58,475 INFO c.s.b.s.b.s.s.SubscriptionService [http-nio-8080-exec-5] Fetching subscription status for patient: PAT-2026-0004
2026-05-01 23:14:58,935 INFO c.s.b.s.b.s.j.JwtAuthenticationFilter [http-nio-8080-exec-3] JWT validated successfully for context user: atharv1@gmail.com
2026-05-01 23:14:58,939 INFO c.s.b.s.b.s.j.JwtAuthenticationFilter [http-nio-8080-exec-8] JWT validated successfully for context user: atharv1@gmail.com
2026-05-01 23:14:58,939 INFO c.s.b.s.b.s.j.JwtAuthenticationFilter [http-nio-8080-exec-9] JWT validated successfully for context user: atharv1@gmail.com
2026-05-01 23:14:58,940 INFO c.s.b.s.b.s.c.SubscriptionController [http-nio-8080-exec-3] GET /api/subscription/status for patient: PAT-2026-0004
2026-05-01 23:14:58,943 INFO c.s.b.s.b.s.s.SubscriptionService [http-nio-8080-exec-3] Fetching subscription status for patient: PAT-2026-0004
2026-05-01 23:14:58,943 INFO c.s.b.s.b.p.c.PrescriptionController [http-nio-8080-exec-9] Fetching prescriptions for patient ID: PAT-2026-0004
2026-05-01 23:14:58,943 INFO c.s.b.s.b.a.c.AccessOtpController [http-nio-8080-exec-8] GET /api/access/pending-otp - patient: PAT-2026-0004
2026-05-01 23:14:58,952 INFO c.s.b.s.b.p.c.PrescriptionController [http-nio-8080-exec-9] Found 0 prescriptions for patient ID: PAT-2026-0004
2026-05-01 23:14:58,963 INFO c.s.b.s.b.s.j.JwtAuthenticationFilter [http-nio-8080-exec-1] JWT validated successfully for context user: atharv1@gmail.com
2026-05-01 23:14:58,963 INFO c.s.b.s.b.s.j.JwtAuthenticationFilter [http-nio-8080-exec-7] JWT validated successfully for context user: atharv1@gmail.com
2026-05-01 23:14:58,966 INFO c.s.b.s.b.s.c.SubscriptionController [http-nio-8080-exec-1] GET /api/subscription/status for patient: PAT-2026-0004
2026-05-01 23:14:58,966 INFO c.s.b.s.b.a.c.AccessOtpController [http-nio-8080-exec-7] GET /api/access/pending-otp - patient: PAT-2026-0004
2026-05-01 23:14:58,969 INFO c.s.b.s.b.s.s.SubscriptionService [http-nio-8080-exec-1] Fetching subscription status for patient: PAT-2026-0004
2026-05-01 23:14:58,971 INFO c.s.b.s.b.s.j.JwtAuthenticationFilter [http-nio-8080-exec-5] JWT validated successfully for context user: atharv1@gmail.com
2026-05-01 23:14:58,975 INFO c.s.b.s.b.p.c.PrescriptionController [http-nio-8080-exec-5] Fetching prescriptions for patient ID: PAT-2026-0004
2026-05-01 23:14:59,005 INFO c.s.b.s.b.p.c.PrescriptionController [http-nio-8080-exec-5] Found 0 prescriptions for patient ID: PAT-2026-0004
2026-05-01 23:14:59,037 INFO c.s.b.s.b.s.j.JwtAuthenticationFilter [http-nio-8080-exec-1] JWT validated successfully for context user: atharv1@gmail.com
2026-05-01 23:14:59,039 INFO c.s.b.s.b.s.c.SubscriptionController [http-nio-8080-exec-1] GET /api/subscription/status for patient: PAT-2026-0004
2026-05-01 23:14:59,040 INFO c.s.b.s.b.s.s.SubscriptionService [http-nio-8080-exec-1] Fetching subscription status for patient: PAT-2026-0004
2026-05-01 23:14:59,084 INFO c.s.b.s.b.s.j.JwtAuthenticationFilter [http-nio-8080-exec-1] JWT validated successfully for context user: atharv1@gmail.com
2026-05-01 23:14:59,091 INFO c.s.b.s.b.s.c.SubscriptionController [http-nio-8080-exec-1] GET /api/subscription/status for patient: PAT-2026-0004
2026-05-01 23:14:59,095 INFO c.s.b.s.b.s.s.SubscriptionService [http-nio-8080-exec-1] Fetching subscription status for patient: PAT-2026-0004
2026-05-01 23:14:59,381 INFO c.s.b.s.b.s.j.JwtAuthenticationFilter [http-nio-8080-exec-6] JWT validated successfully for context user: atharv1@gmail.com
2026-05-01 23:14:59,382 INFO c.s.b.s.b.s.j.JwtAuthenticationFilter [http-nio-8080-exec-10] JWT validated successfully for context user: atharv1@gmail.com
2026-05-01 23:14:59,386 INFO c.s.b.s.b.s.c.SubscriptionController [http-nio-8080-exec-6] GET /api/subscription/status for patient: PAT-2026-0004
2026-05-01 23:14:59,386 INFO c.s.b.s.b.d.c.PatientDocumentController [http-nio-8080-exec-10] GET /api/documents - patient: PAT-2026-0004, category: null
2026-05-01 23:14:59,388 INFO c.s.b.s.b.s.s.SubscriptionService [http-nio-8080-exec-6] Fetching subscription status for patient: PAT-2026-0004
2026-05-01 23:14:59,406 INFO c.s.b.s.b.s.j.JwtAuthenticationFilter [http-nio-8080-exec-3] JWT validated successfully for context user: atharv1@gmail.com
2026-05-01 23:14:59,406 INFO c.s.b.s.b.s.j.JwtAuthenticationFilter [http-nio-8080-exec-8] JWT validated successfully for context user: atharv1@gmail.com
2026-05-01 23:14:59,408 INFO c.s.b.s.b.s.c.SubscriptionController [http-nio-8080-exec-3] GET /api/subscription/status for patient: PAT-2026-0004
2026-05-01 23:14:59,408 INFO c.s.b.s.b.d.c.PatientDocumentController [http-nio-8080-exec-8] GET /api/documents - patient: PAT-2026-0004, category: null
2026-05-01 23:14:59,408 INFO c.s.b.s.b.s.s.SubscriptionService [http-nio-8080-exec-3] Fetching subscription status for patient: PAT-2026-0004
2026-05-01 23:14:59,427 INFO c.s.b.s.b.s.j.JwtAuthenticationFilter [http-nio-8080-exec-9] JWT validated successfully for context user: atharv1@gmail.com
2026-05-01 23:14:59,429 INFO c.s.b.s.b.s.c.SubscriptionController [http-nio-8080-exec-9] GET /api/subscription/status for patient: PAT-2026-0004
2026-05-01 23:14:59,430 INFO c.s.b.s.b.s.s.SubscriptionService [http-nio-8080-exec-9] Fetching subscription status for patient: PAT-2026-0004
2026-05-01 23:14:59,447 INFO c.s.b.s.b.s.j.JwtAuthenticationFilter [http-nio-8080-exec-7] JWT validated successfully for context user: atharv1@gmail.com
2026-05-01 23:14:59,448 INFO c.s.b.s.b.s.c.SubscriptionController [http-nio-8080-exec-7] GET /api/subscription/status for patient: PAT-2026-0004
2026-05-01 23:14:59,449 INFO c.s.b.s.b.s.s.SubscriptionService [http-nio-8080-exec-7] Fetching subscription status for patient: PAT-2026-0004
2026-05-01 23:14:59,881 INFO c.s.b.s.b.s.j.JwtAuthenticationFilter [http-nio-8080-exec-5] JWT validated successfully for context user: atharv1@gmail.com
2026-05-01 23:14:59,882 INFO c.s.b.s.b.s.j.JwtAuthenticationFilter [http-nio-8080-exec-2] JWT validated successfully for context user: atharv1@gmail.com
2026-05-01 23:14:59,883 INFO c.s.b.s.b.s.j.JwtAuthenticationFilter [http-nio-8080-exec-4] JWT validated successfully for context user: atharv1@gmail.com
2026-05-01 23:14:59,889 INFO c.s.b.s.b.s.c.SubscriptionController [http-nio-8080-exec-2] GET /api/subscription/status for patient: PAT-2026-0004
2026-05-01 23:14:59,889 INFO c.s.b.s.b.p.c.PrescriptionController [http-nio-8080-exec-5] Fetching prescriptions for patient ID: PAT-2026-0004
2026-05-01 23:14:59,889 INFO c.s.b.s.b.a.c.AccessOtpController [http-nio-8080-exec-4] GET /api/access/pending-otp - patient: PAT-2026-0004
2026-05-01 23:14:59,892 INFO c.s.b.s.b.s.s.SubscriptionService [http-nio-8080-exec-2] Fetching subscription status for patient: PAT-2026-0004
2026-05-01 23:14:59,898 INFO c.s.b.s.b.p.c.PrescriptionController [http-nio-8080-exec-5] Found 0 prescriptions for patient ID: PAT-2026-0004
2026-05-01 23:14:59,914 INFO c.s.b.s.b.s.j.JwtAuthenticationFilter [http-nio-8080-exec-4] JWT validated successfully for context user: atharv1@gmail.com
2026-05-01 23:14:59,914 INFO c.s.b.s.b.s.j.JwtAuthenticationFilter [http-nio-8080-exec-10] JWT validated successfully for context user: atharv1@gmail.com
2026-05-01 23:14:59,920 INFO c.s.b.s.b.s.c.SubscriptionController [http-nio-8080-exec-10] GET /api/subscription/status for patient: PAT-2026-0004
2026-05-01 23:14:59,923 INFO c.s.b.s.b.s.j.JwtAuthenticationFilter [http-nio-8080-exec-6] JWT validated successfully for context user: atharv1@gmail.com
2026-05-01 23:14:59,920 INFO c.s.b.s.b.a.c.AccessOtpController [http-nio-8080-exec-4] GET /api/access/pending-otp - patient: PAT-2026-0004
2026-05-01 23:14:59,927 INFO c.s.b.s.b.s.s.SubscriptionService [http-nio-8080-exec-10] Fetching subscription status for patient: PAT-2026-0004
2026-05-01 23:14:59,928 INFO c.s.b.s.b.p.c.PrescriptionController [http-nio-8080-exec-6] Fetching prescriptions for patient ID: PAT-2026-0004
2026-05-01 23:14:59,932 INFO c.s.b.s.b.p.c.PrescriptionController [http-nio-8080-exec-6] Found 0 prescriptions for patient ID: PAT-2026-0004
2026-05-01 23:14:59,943 INFO c.s.b.s.b.s.j.JwtAuthenticationFilter [http-nio-8080-exec-10] JWT validated successfully for context user: atharv1@gmail.com
2026-05-01 23:14:59,947 INFO c.s.b.s.b.s.c.SubscriptionController [http-nio-8080-exec-10] GET /api/subscription/status for patient: PAT-2026-0004
2026-05-01 23:14:59,953 INFO c.s.b.s.b.s.s.SubscriptionService [http-nio-8080-exec-10] Fetching subscription status for patient: PAT-2026-0004
2026-05-01 23:14:59,970 INFO c.s.b.s.b.s.j.JwtAuthenticationFilter [http-nio-8080-exec-3] JWT validated successfully for context user: atharv1@gmail.com
2026-05-01 23:14:59,971 INFO c.s.b.s.b.s.c.SubscriptionController [http-nio-8080-exec-3] GET /api/subscription/status for patient: PAT-2026-0004
2026-05-01 23:14:59,971 INFO c.s.b.s.b.s.s.SubscriptionService [http-nio-8080-exec-3] Fetching subscription status for patient: PAT-2026-0004
2026-05-01 23:15:00,196 INFO c.s.b.s.b.s.j.JwtAuthenticationFilter [http-nio-8080-exec-9] JWT validated successfully for context user: atharv1@gmail.com
2026-05-01 23:15:00,198 INFO c.s.b.s.b.s.c.SubscriptionController [http-nio-8080-exec-9] GET /api/subscription/status for patient: PAT-2026-0004
2026-05-01 23:15:00,199 INFO c.s.b.s.b.s.s.SubscriptionService [http-nio-8080-exec-9] Fetching subscription status for patient: PAT-2026-0004
2026-05-01 23:15:00,219 INFO c.s.b.s.b.s.j.JwtAuthenticationFilter [http-nio-8080-exec-7] JWT validated successfully for context user: atharv1@gmail.com
2026-05-01 23:15:00,221 INFO c.s.b.s.b.s.c.SubscriptionController [http-nio-8080-exec-7] GET /api/subscription/status for patient: PAT-2026-0004
2026-05-01 23:15:00,221 INFO c.s.b.s.b.s.s.SubscriptionService [http-nio-8080-exec-7] Fetching subscription status for patient: PAT-2026-0004
2026-05-01 23:15:00,240 INFO c.s.b.s.b.s.j.JwtAuthenticationFilter [http-nio-8080-exec-1] JWT validated successfully for context user: atharv1@gmail.com
2026-05-01 23:15:00,242 INFO c.s.b.s.b.s.c.SubscriptionController [http-nio-8080-exec-1] GET /api/subscription/status for patient: PAT-2026-0004
2026-05-01 23:15:00,242 INFO c.s.b.s.b.s.s.SubscriptionService [http-nio-8080-exec-1] Fetching subscription status for patient: PAT-2026-0004
2026-05-01 23:15:00,261 INFO c.s.b.s.b.s.j.JwtAuthenticationFilter [http-nio-8080-exec-1] JWT validated successfully for context user: atharv1@gmail.com
2026-05-01 23:15:00,263 INFO c.s.b.s.b.s.c.SubscriptionController [http-nio-8080-exec-1] GET /api/subscription/status for patient: PAT-2026-0004
2026-05-01 23:15:00,265 INFO c.s.b.s.b.s.s.SubscriptionService [http-nio-8080-exec-1] Fetching subscription status for patient: PAT-2026-0004
2026-05-01 23:15:00,596 INFO c.s.b.s.b.s.j.JwtAuthenticationFilter [http-nio-8080-exec-5] JWT validated successfully for context user: atharv1@gmail.com
2026-05-01 23:15:00,597 INFO c.s.b.s.b.s.j.JwtAuthenticationFilter [http-nio-8080-exec-8] JWT validated successfully for context user: atharv1@gmail.com
2026-05-01 23:15:00,597 INFO c.s.b.s.b.s.j.JwtAuthenticationFilter [http-nio-8080-exec-4] JWT validated successfully for context user: atharv1@gmail.com
2026-05-01 23:15:00,600 INFO c.s.b.s.b.s.c.SubscriptionController [http-nio-8080-exec-5] GET /api/subscription/status for patient: PAT-2026-0004
2026-05-01 23:15:00,600 INFO c.s.b.s.b.a.c.AccessOtpController [http-nio-8080-exec-8] GET /api/access/pending-otp - patient: PAT-2026-0004
2026-05-01 23:15:00,601 INFO c.s.b.s.b.p.c.PrescriptionController [http-nio-8080-exec-4] Fetching prescriptions for patient ID: PAT-2026-0004
2026-05-01 23:15:00,603 INFO c.s.b.s.b.s.s.SubscriptionService [http-nio-8080-exec-5] Fetching subscription status for patient: PAT-2026-0004
2026-05-01 23:15:00,608 INFO c.s.b.s.b.p.c.PrescriptionController [http-nio-8080-exec-4] Found 0 prescriptions for patient ID: PAT-2026-0004
2026-05-01 23:15:00,621 INFO c.s.b.s.b.s.j.JwtAuthenticationFilter [http-nio-8080-exec-10] JWT validated successfully for context user: atharv1@gmail.com
2026-05-01 23:15:00,621 INFO c.s.b.s.b.s.j.JwtAuthenticationFilter [http-nio-8080-exec-6] JWT validated successfully for context user: atharv1@gmail.com
2026-05-01 23:15:00,622 INFO c.s.b.s.b.s.j.JwtAuthenticationFilter [http-nio-8080-exec-3] JWT validated successfully for context user: atharv1@gmail.com
2026-05-01 23:15:00,626 INFO c.s.b.s.b.a.c.AccessOtpController [http-nio-8080-exec-10] GET /api/access/pending-otp - patient: PAT-2026-0004
2026-05-01 23:15:00,626 INFO c.s.b.s.b.s.c.SubscriptionController [http-nio-8080-exec-6] GET /api/subscription/status for patient: PAT-2026-0004
2026-05-01 23:15:00,627 INFO c.s.b.s.b.p.c.PrescriptionController [http-nio-8080-exec-3] Fetching prescriptions for patient ID: PAT-2026-0004
2026-05-01 23:15:00,632 INFO c.s.b.s.b.s.s.SubscriptionService [http-nio-8080-exec-6] Fetching subscription status for patient: PAT-2026-0004
2026-05-01 23:15:00,636 INFO c.s.b.s.b.p.c.PrescriptionController [http-nio-8080-exec-3] Found 0 prescriptions for patient ID: PAT-2026-0004
2026-05-01 23:15:00,652 INFO c.s.b.s.b.s.j.JwtAuthenticationFilter [http-nio-8080-exec-6] JWT validated successfully for context user: atharv1@gmail.com
2026-05-01 23:15:00,655 INFO c.s.b.s.b.s.c.SubscriptionController [http-nio-8080-exec-6] GET /api/subscription/status for patient: PAT-2026-0004
2026-05-01 23:15:00,658 INFO c.s.b.s.b.s.s.SubscriptionService [http-nio-8080-exec-6] Fetching subscription status for patient: PAT-2026-0004
2026-05-01 23:15:00,677 INFO c.s.b.s.b.s.j.JwtAuthenticationFilter [http-nio-8080-exec-7] JWT validated successfully for context user: atharv1@gmail.com
2026-05-01 23:15:00,680 INFO c.s.b.s.b.s.c.SubscriptionController [http-nio-8080-exec-7] GET /api/subscription/status for patient: PAT-2026-0004
2026-05-01 23:15:00,680 INFO c.s.b.s.b.s.s.SubscriptionService [http-nio-8080-exec-7] Fetching subscription status for patient: PAT-2026-0004
2026-05-01 23:15:01,782 INFO c.s.b.s.b.s.j.JwtAuthenticationFilter [http-nio-8080-exec-1] JWT validated successfully for context user: atharv1@gmail.com
2026-05-01 23:15:01,782 INFO c.s.b.s.b.s.j.JwtAuthenticationFilter [http-nio-8080-exec-2] JWT validated successfully for context user: atharv1@gmail.com
2026-05-01 23:15:01,783 INFO c.s.b.s.b.s.c.SubscriptionController [http-nio-8080-exec-1] GET /api/subscription/status for patient: PAT-2026-0004
2026-05-01 23:15:01,784 INFO c.s.b.s.b.d.c.PatientDocumentController [http-nio-8080-exec-2] GET /api/documents - patient: PAT-2026-0004, category: null
2026-05-01 23:15:01,784 INFO c.s.b.s.b.s.s.SubscriptionService [http-nio-8080-exec-1] Fetching subscription status for patient: PAT-2026-0004
2026-05-01 23:15:01,798 INFO c.s.b.s.b.s.j.JwtAuthenticationFilter [http-nio-8080-exec-5] JWT validated successfully for context user: atharv1@gmail.com
2026-05-01 23:15:01,798 INFO c.s.b.s.b.s.j.JwtAuthenticationFilter [http-nio-8080-exec-1] JWT validated successfully for context user: atharv1@gmail.com
2026-05-01 23:15:01,800 INFO c.s.b.s.b.d.c.PatientDocumentController [http-nio-8080-exec-5] GET /api/documents - patient: PAT-2026-0004, category: null
2026-05-01 23:15:01,800 INFO c.s.b.s.b.s.c.SubscriptionController [http-nio-8080-exec-1] GET /api/subscription/status for patient: PAT-2026-0004
2026-05-01 23:15:01,801 INFO c.s.b.s.b.s.s.SubscriptionService [http-nio-8080-exec-1] Fetching subscription status for patient: PAT-2026-0004
2026-05-01 23:15:01,819 INFO c.s.b.s.b.s.j.JwtAuthenticationFilter [http-nio-8080-exec-4] JWT validated successfully for context user: atharv1@gmail.com
2026-05-01 23:15:01,823 INFO c.s.b.s.b.s.c.SubscriptionController [http-nio-8080-exec-4] GET /api/subscription/status for patient: PAT-2026-0004
2026-05-01 23:15:01,826 INFO c.s.b.s.b.s.s.SubscriptionService [http-nio-8080-exec-4] Fetching subscription status for patient: PAT-2026-0004
2026-05-01 23:15:01,843 INFO c.s.b.s.b.s.j.JwtAuthenticationFilter [http-nio-8080-exec-4] JWT validated successfully for context user: atharv1@gmail.com
2026-05-01 23:15:01,844 INFO c.s.b.s.b.s.c.SubscriptionController [http-nio-8080-exec-4] GET /api/subscription/status for patient: PAT-2026-0004
2026-05-01 23:15:01,845 INFO c.s.b.s.b.s.s.SubscriptionService [http-nio-8080-exec-4] Fetching subscription status for patient: PAT-2026-0004
2026-05-01 23:15:02,355 INFO c.s.b.s.b.s.j.JwtAuthenticationFilter [http-nio-8080-exec-9] JWT validated successfully for context user: atharv1@gmail.com
2026-05-01 23:15:02,358 INFO c.s.b.s.b.s.c.SubscriptionController [http-nio-8080-exec-9] GET /api/subscription/status for patient: PAT-2026-0004
2026-05-01 23:15:02,361 INFO c.s.b.s.b.s.s.SubscriptionService [http-nio-8080-exec-9] Fetching subscription status for patient: PAT-2026-0004
2026-05-01 23:15:02,379 INFO c.s.b.s.b.s.j.JwtAuthenticationFilter [http-nio-8080-exec-9] JWT validated successfully for context user: atharv1@gmail.com
2026-05-01 23:15:02,386 INFO c.s.b.s.b.s.c.SubscriptionController [http-nio-8080-exec-9] GET /api/subscription/status for patient: PAT-2026-0004
2026-05-01 23:15:02,390 INFO c.s.b.s.b.s.s.SubscriptionService [http-nio-8080-exec-9] Fetching subscription status for patient: PAT-2026-0004
2026-05-01 23:15:02,420 INFO c.s.b.s.b.s.j.JwtAuthenticationFilter [http-nio-8080-exec-6] JWT validated successfully for context user: atharv1@gmail.com
2026-05-01 23:15:02,422 INFO c.s.b.s.b.s.c.SubscriptionController [http-nio-8080-exec-6] GET /api/subscription/status for patient: PAT-2026-0004
2026-05-01 23:15:02,424 INFO c.s.b.s.b.s.s.SubscriptionService [http-nio-8080-exec-6] Fetching subscription status for patient: PAT-2026-0004
2026-05-01 23:15:02,451 INFO c.s.b.s.b.s.j.JwtAuthenticationFilter [http-nio-8080-exec-7] JWT validated successfully for context user: atharv1@gmail.com
2026-05-01 23:15:02,455 INFO c.s.b.s.b.s.c.SubscriptionController [http-nio-8080-exec-7] GET /api/subscription/status for patient: PAT-2026-0004
2026-05-01 23:15:02,456 INFO c.s.b.s.b.s.s.SubscriptionService [http-nio-8080-exec-7] Fetching subscription status for patient: PAT-2026-0004
2026-05-01 23:15:04,464 INFO c.s.b.s.b.s.j.JwtAuthenticationFilter [http-nio-8080-exec-3] JWT validated successfully for context user: atharv1@gmail.com
2026-05-01 23:15:04,466 INFO c.s.b.s.b.s.j.JwtAuthenticationFilter [http-nio-8080-exec-6] JWT validated successfully for context user: atharv1@gmail.com
2026-05-01 23:15:04,466 INFO c.s.b.s.b.s.j.JwtAuthenticationFilter [http-nio-8080-exec-7] JWT validated successfully for context user: atharv1@gmail.com
2026-05-01 23:15:04,466 INFO c.s.b.s.b.s.c.SubscriptionController [http-nio-8080-exec-3] GET /api/subscription/status for patient: PAT-2026-0004
2026-05-01 23:15:04,469 INFO c.s.b.s.b.a.c.AccessOtpController [http-nio-8080-exec-7] GET /api/access/pending-otp - patient: PAT-2026-0004
2026-05-01 23:15:04,470 INFO c.s.b.s.b.s.s.SubscriptionService [http-nio-8080-exec-3] Fetching subscription status for patient: PAT-2026-0004
2026-05-01 23:15:04,470 INFO c.s.b.s.b.p.c.PrescriptionController [http-nio-8080-exec-6] Fetching prescriptions for patient ID: PAT-2026-0004
2026-05-01 23:15:04,479 INFO c.s.b.s.b.p.c.PrescriptionController [http-nio-8080-exec-6] Found 0 prescriptions for patient ID: PAT-2026-0004
2026-05-01 23:15:04,490 INFO c.s.b.s.b.s.j.JwtAuthenticationFilter [http-nio-8080-exec-3] JWT validated successfully for context user: atharv1@gmail.com
2026-05-01 23:15:04,490 INFO c.s.b.s.b.s.j.JwtAuthenticationFilter [http-nio-8080-exec-5] JWT validated successfully for context user: atharv1@gmail.com
2026-05-01 23:15:04,491 INFO c.s.b.s.b.s.c.SubscriptionController [http-nio-8080-exec-3] GET /api/subscription/status for patient: PAT-2026-0004
2026-05-01 23:15:04,491 INFO c.s.b.s.b.a.c.AccessOtpController [http-nio-8080-exec-5] GET /api/access/pending-otp - patient: PAT-2026-0004
2026-05-01 23:15:04,491 INFO c.s.b.s.b.s.s.SubscriptionService [http-nio-8080-exec-3] Fetching subscription status for patient: PAT-2026-0004
2026-05-01 23:15:04,492 INFO c.s.b.s.b.s.j.JwtAuthenticationFilter [http-nio-8080-exec-2] JWT validated successfully for context user: atharv1@gmail.com
2026-05-01 23:15:04,494 INFO c.s.b.s.b.p.c.PrescriptionController [http-nio-8080-exec-2] Fetching prescriptions for patient ID: PAT-2026-0004
2026-05-01 23:15:04,501 INFO c.s.b.s.b.p.c.PrescriptionController [http-nio-8080-exec-2] Found 0 prescriptions for patient ID: PAT-2026-0004
2026-05-01 23:15:04,507 INFO c.s.b.s.b.s.j.JwtAuthenticationFilter [http-nio-8080-exec-10] JWT validated successfully for context user: atharv1@gmail.com
2026-05-01 23:15:04,508 INFO c.s.b.s.b.s.c.SubscriptionController [http-nio-8080-exec-10] GET /api/subscription/status for patient: PAT-2026-0004
2026-05-01 23:15:04,510 INFO c.s.b.s.b.s.s.SubscriptionService [http-nio-8080-exec-10] Fetching subscription status for patient: PAT-2026-0004
2026-05-01 23:15:04,525 INFO c.s.b.s.b.s.j.JwtAuthenticationFilter [http-nio-8080-exec-10] JWT validated successfully for context user: atharv1@gmail.com
2026-05-01 23:15:04,526 INFO c.s.b.s.b.s.c.SubscriptionController [http-nio-8080-exec-10] GET /api/subscription/status for patient: PAT-2026-0004
2026-05-01 23:15:04,528 INFO c.s.b.s.b.s.s.SubscriptionService [http-nio-8080-exec-10] Fetching subscription status for patient: PAT-2026-0004
2026-05-01 23:15:04,813 INFO c.s.b.s.b.s.j.JwtAuthenticationFilter [http-nio-8080-exec-8] JWT validated successfully for context user: atharv1@gmail.com
2026-05-01 23:15:04,813 INFO c.s.b.s.b.s.j.JwtAuthenticationFilter [http-nio-8080-exec-1] JWT validated successfully for context user: atharv1@gmail.com
2026-05-01 23:15:04,817 INFO c.s.b.s.b.s.c.SubscriptionController [http-nio-8080-exec-8] GET /api/subscription/status for patient: PAT-2026-0004
2026-05-01 23:15:04,817 INFO c.s.b.s.b.d.c.PatientDocumentController [http-nio-8080-exec-1] GET /api/documents - patient: PAT-2026-0004, category: null
2026-05-01 23:15:04,819 INFO c.s.b.s.b.s.s.SubscriptionService [http-nio-8080-exec-8] Fetching subscription status for patient: PAT-2026-0004
2026-05-01 23:15:04,835 INFO c.s.b.s.b.s.j.JwtAuthenticationFilter [http-nio-8080-exec-5] JWT validated successfully for context user: atharv1@gmail.com
2026-05-01 23:15:04,835 INFO c.s.b.s.b.s.j.JwtAuthenticationFilter [http-nio-8080-exec-6] JWT validated successfully for context user: atharv1@gmail.com
2026-05-01 23:15:04,838 INFO c.s.b.s.b.s.c.SubscriptionController [http-nio-8080-exec-5] GET /api/subscription/status for patient: PAT-2026-0004
2026-05-01 23:15:04,838 INFO c.s.b.s.b.d.c.PatientDocumentController [http-nio-8080-exec-6] GET /api/documents - patient: PAT-2026-0004, category: null
2026-05-01 23:15:04,842 INFO c.s.b.s.b.s.s.SubscriptionService [http-nio-8080-exec-5] Fetching subscription status for patient: PAT-2026-0004
2026-05-01 23:15:04,872 INFO c.s.b.s.b.s.j.JwtAuthenticationFilter [http-nio-8080-exec-3] JWT validated successfully for context user: atharv1@gmail.com
2026-05-01 23:15:04,881 INFO c.s.b.s.b.s.c.SubscriptionController [http-nio-8080-exec-3] GET /api/subscription/status for patient: PAT-2026-0004
2026-05-01 23:15:04,885 INFO c.s.b.s.b.s.s.SubscriptionService [http-nio-8080-exec-3] Fetching subscription status for patient: PAT-2026-0004
2026-05-01 23:15:04,978 INFO c.s.b.s.b.s.j.JwtAuthenticationFilter [http-nio-8080-exec-2] JWT validated successfully for context user: atharv1@gmail.com
2026-05-01 23:15:04,981 INFO c.s.b.s.b.s.c.SubscriptionController [http-nio-8080-exec-2] GET /api/subscription/status for patient: PAT-2026-0004
2026-05-01 23:15:04,981 INFO c.s.b.s.b.s.s.SubscriptionService [http-nio-8080-exec-2] Fetching subscription status for patient: PAT-2026-0004
2026-05-01 23:15:06,188 INFO c.s.b.s.b.s.j.JwtAuthenticationFilter [http-nio-8080-exec-9] JWT validated successfully for context user: atharv1@gmail.com
2026-05-01 23:15:06,190 INFO c.s.b.s.b.s.c.SubscriptionController [http-nio-8080-exec-9] GET /api/subscription/status for patient: PAT-2026-0004
2026-05-01 23:15:06,191 INFO c.s.b.s.b.s.s.SubscriptionService [http-nio-8080-exec-9] Fetching subscription status for patient: PAT-2026-0004
2026-05-01 23:15:06,208 INFO c.s.b.s.b.s.j.JwtAuthenticationFilter [http-nio-8080-exec-7] JWT validated successfully for context user: atharv1@gmail.com
2026-05-01 23:15:06,213 INFO c.s.b.s.b.s.c.SubscriptionController [http-nio-8080-exec-7] GET /api/subscription/status for patient: PAT-2026-0004
2026-05-01 23:15:06,220 INFO c.s.b.s.b.s.s.SubscriptionService [http-nio-8080-exec-7] Fetching subscription status for patient: PAT-2026-0004
2026-05-01 23:15:06,238 INFO c.s.b.s.b.s.j.JwtAuthenticationFilter [http-nio-8080-exec-1] JWT validated successfully for context user: atharv1@gmail.com
2026-05-01 23:15:06,242 INFO c.s.b.s.b.s.c.SubscriptionController [http-nio-8080-exec-1] GET /api/subscription/status for patient: PAT-2026-0004
2026-05-01 23:15:06,244 INFO c.s.b.s.b.s.s.SubscriptionService [http-nio-8080-exec-1] Fetching subscription status for patient: PAT-2026-0004
2026-05-01 23:15:06,260 INFO c.s.b.s.b.s.j.JwtAuthenticationFilter [http-nio-8080-exec-8] JWT validated successfully for context user: atharv1@gmail.com
2026-05-01 23:15:06,262 INFO c.s.b.s.b.s.c.SubscriptionController [http-nio-8080-exec-8] GET /api/subscription/status for patient: PAT-2026-0004
2026-05-01 23:15:06,263 INFO c.s.b.s.b.s.s.SubscriptionService [http-nio-8080-exec-8] Fetching subscription status for patient: PAT-2026-0004
2026-05-01 23:15:08,357 INFO c.s.b.s.b.s.j.JwtAuthenticationFilter [http-nio-8080-exec-2] JWT validated successfully for context user: atharv1@gmail.com
2026-05-01 23:15:08,357 INFO c.s.b.s.b.s.j.JwtAuthenticationFilter [http-nio-8080-exec-4] JWT validated successfully for context user: atharv1@gmail.com
2026-05-01 23:15:08,357 INFO c.s.b.s.b.s.j.JwtAuthenticationFilter [http-nio-8080-exec-3] JWT validated successfully for context user: atharv1@gmail.com
2026-05-01 23:15:08,361 INFO c.s.b.s.b.s.c.SubscriptionController [http-nio-8080-exec-3] GET /api/subscription/status for patient: PAT-2026-0004
2026-05-01 23:15:08,361 INFO c.s.b.s.b.a.c.AccessOtpController [http-nio-8080-exec-4] GET /api/access/pending-otp - patient: PAT-2026-0004
2026-05-01 23:15:08,361 INFO c.s.b.s.b.p.c.PrescriptionController [http-nio-8080-exec-2] Fetching prescriptions for patient ID: PAT-2026-0004
2026-05-01 23:15:08,365 INFO c.s.b.s.b.s.s.SubscriptionService [http-nio-8080-exec-3] Fetching subscription status for patient: PAT-2026-0004
2026-05-01 23:15:08,368 INFO c.s.b.s.b.p.c.PrescriptionController [http-nio-8080-exec-2] Found 0 prescriptions for patient ID: PAT-2026-0004
2026-05-01 23:15:08,381 INFO c.s.b.s.b.s.j.JwtAuthenticationFilter [http-nio-8080-exec-9] JWT validated successfully for context user: atharv1@gmail.com
2026-05-01 23:15:08,381 INFO c.s.b.s.b.s.j.JwtAuthenticationFilter [http-nio-8080-exec-10] JWT validated successfully for context user: atharv1@gmail.com
2026-05-01 23:15:08,385 INFO c.s.b.s.b.s.j.JwtAuthenticationFilter [http-nio-8080-exec-7] JWT validated successfully for context user: atharv1@gmail.com
2026-05-01 23:15:08,386 INFO c.s.b.s.b.s.c.SubscriptionController [http-nio-8080-exec-9] GET /api/subscription/status for patient: PAT-2026-0004
2026-05-01 23:15:08,387 INFO c.s.b.s.b.a.c.AccessOtpController [http-nio-8080-exec-10] GET /api/access/pending-otp - patient: PAT-2026-0004
2026-05-01 23:15:08,389 INFO c.s.b.s.b.p.c.PrescriptionController [http-nio-8080-exec-7] Fetching prescriptions for patient ID: PAT-2026-0004
2026-05-01 23:15:08,391 INFO c.s.b.s.b.s.s.SubscriptionService [http-nio-8080-exec-9] Fetching subscription status for patient: PAT-2026-0004
2026-05-01 23:15:08,398 INFO c.s.b.s.b.p.c.PrescriptionController [http-nio-8080-exec-7] Found 0 prescriptions for patient ID: PAT-2026-0004
2026-05-01 23:15:08,411 INFO c.s.b.s.b.s.j.JwtAuthenticationFilter [http-nio-8080-exec-1] JWT validated successfully for context user: atharv1@gmail.com
2026-05-01 23:15:08,413 INFO c.s.b.s.b.s.c.SubscriptionController [http-nio-8080-exec-1] GET /api/subscription/status for patient: PAT-2026-0004
2026-05-01 23:15:08,414 INFO c.s.b.s.b.s.s.SubscriptionService [http-nio-8080-exec-1] Fetching subscription status for patient: PAT-2026-0004
2026-05-01 23:15:08,427 INFO c.s.b.s.b.s.j.JwtAuthenticationFilter [http-nio-8080-exec-8] JWT validated successfully for context user: atharv1@gmail.com
2026-05-01 23:15:08,429 INFO c.s.b.s.b.s.c.SubscriptionController [http-nio-8080-exec-8] GET /api/subscription/status for patient: PAT-2026-0004
2026-05-01 23:15:08,429 INFO c.s.b.s.b.s.s.SubscriptionService [http-nio-8080-exec-8] Fetching subscription status for patient: PAT-2026-0004
2026-05-01 23:15:18,352 INFO c.s.b.s.b.s.j.JwtAuthenticationFilter [http-nio-8080-exec-5] JWT validated successfully for context user: atharv1@gmail.com
2026-05-01 23:15:18,353 INFO c.s.b.s.b.a.c.AccessOtpController [http-nio-8080-exec-5] GET /api/access/pending-otp - patient: PAT-2026-0004
2026-05-01 23:15:28,329 INFO c.s.b.s.b.s.j.JwtAuthenticationFilter [http-nio-8080-exec-9] JWT validated successfully for context user: atharv1@gmail.com
2026-05-01 23:15:28,330 INFO c.s.b.s.b.s.c.SubscriptionController [http-nio-8080-exec-9] GET /api/subscription/status for patient: PAT-2026-0004
2026-05-01 23:15:28,331 INFO c.s.b.s.b.s.s.SubscriptionService [http-nio-8080-exec-9] Fetching subscription status for patient: PAT-2026-0004
2026-05-01 23:15:28,345 INFO c.s.b.s.b.s.j.JwtAuthenticationFilter [http-nio-8080-exec-7] JWT validated successfully for context user: atharv1@gmail.com
2026-05-01 23:15:28,347 INFO c.s.b.s.b.s.c.SubscriptionController [http-nio-8080-exec-7] GET /api/subscription/status for patient: PAT-2026-0004
2026-05-01 23:15:28,349 INFO c.s.b.s.b.s.s.SubscriptionService [http-nio-8080-exec-7] Fetching subscription status for patient: PAT-2026-0004
2026-05-01 23:15:28,362 INFO c.s.b.s.b.s.j.JwtAuthenticationFilter [http-nio-8080-exec-1] JWT validated successfully for context user: atharv1@gmail.com
2026-05-01 23:15:28,365 INFO c.s.b.s.b.s.c.SubscriptionController [http-nio-8080-exec-1] GET /api/subscription/status for patient: PAT-2026-0004
2026-05-01 23:15:28,365 INFO c.s.b.s.b.s.s.SubscriptionService [http-nio-8080-exec-1] Fetching subscription status for patient: PAT-2026-0004
2026-05-01 23:15:28,381 INFO c.s.b.s.b.s.j.JwtAuthenticationFilter [http-nio-8080-exec-8] JWT validated successfully for context user: atharv1@gmail.com
2026-05-01 23:15:28,383 INFO c.s.b.s.b.s.c.SubscriptionController [http-nio-8080-exec-8] GET /api/subscription/status for patient: PAT-2026-0004
2026-05-01 23:15:28,383 INFO c.s.b.s.b.s.s.SubscriptionService [http-nio-8080-exec-8] Fetching subscription status for patient: PAT-2026-0004
2026-05-01 23:15:31,578 INFO c.s.b.s.b.s.j.JwtAuthenticationFilter [http-nio-8080-exec-5] JWT validated successfully for context user: atharv1@gmail.com
2026-05-01 23:15:31,581 INFO c.s.b.s.b.s.c.SubscriptionController [http-nio-8080-exec-5] POST /api/subscription/create-order for patient: PAT-2026-0004
2026-05-01 23:15:31,583 INFO c.s.b.s.b.s.s.SubscriptionService [http-nio-8080-exec-5] Creating Razorpay order for patient: PAT-2026-0004
2026-05-01 23:15:32,339 INFO c.s.b.s.b.s.s.SubscriptionService [http-nio-8080-exec-5] Razorpay order created: order_SkBexN3vlNhCl5
2026-05-01 23:15:40,314 INFO c.s.b.s.b.s.j.JwtAuthenticationFilter [http-nio-8080-exec-8] JWT validated successfully for context user: atharv1@gmail.com
2026-05-01 23:15:40,314 INFO c.s.b.s.b.s.j.JwtAuthenticationFilter [http-nio-8080-exec-1] JWT validated successfully for context user: atharv1@gmail.com
2026-05-01 23:15:40,314 INFO c.s.b.s.b.s.j.JwtAuthenticationFilter [http-nio-8080-exec-10] JWT validated successfully for context user: atharv1@gmail.com
2026-05-01 23:15:40,316 INFO c.s.b.s.b.s.c.SubscriptionController [http-nio-8080-exec-8] GET /api/subscription/status for patient: PAT-2026-0004
2026-05-01 23:15:40,316 INFO c.s.b.s.b.a.c.AccessOtpController [http-nio-8080-exec-10] GET /api/access/pending-otp - patient: PAT-2026-0004
2026-05-01 23:15:40,316 INFO c.s.b.s.b.s.s.SubscriptionService [http-nio-8080-exec-8] Fetching subscription status for patient: PAT-2026-0004
2026-05-01 23:15:40,316 INFO c.s.b.s.b.p.c.PrescriptionController [http-nio-8080-exec-1] Fetching prescriptions for patient ID: PAT-2026-0004
2026-05-01 23:15:40,319 INFO c.s.b.s.b.p.c.PrescriptionController [http-nio-8080-exec-1] Found 0 prescriptions for patient ID: PAT-2026-0004
2026-05-01 23:15:40,327 INFO c.s.b.s.b.s.j.JwtAuthenticationFilter [http-nio-8080-exec-2] JWT validated successfully for context user: atharv1@gmail.com
2026-05-01 23:15:40,328 INFO c.s.b.s.b.s.j.JwtAuthenticationFilter [http-nio-8080-exec-3] JWT validated successfully for context user: atharv1@gmail.com
2026-05-01 23:15:40,328 INFO c.s.b.s.b.s.c.SubscriptionController [http-nio-8080-exec-2] GET /api/subscription/status for patient: PAT-2026-0004
2026-05-01 23:15:40,328 INFO c.s.b.s.b.a.c.AccessOtpController [http-nio-8080-exec-3] GET /api/access/pending-otp - patient: PAT-2026-0004
2026-05-01 23:15:40,328 INFO c.s.b.s.b.s.s.SubscriptionService [http-nio-8080-exec-2] Fetching subscription status for patient: PAT-2026-0004
2026-05-01 23:15:40,331 INFO c.s.b.s.b.s.j.JwtAuthenticationFilter [http-nio-8080-exec-9] JWT validated successfully for context user: atharv1@gmail.com
2026-05-01 23:15:40,332 INFO c.s.b.s.b.p.c.PrescriptionController [http-nio-8080-exec-9] Fetching prescriptions for patient ID: PAT-2026-0004
2026-05-01 23:15:40,335 INFO c.s.b.s.b.p.c.PrescriptionController [http-nio-8080-exec-9] Found 0 prescriptions for patient ID: PAT-2026-0004
2026-05-01 23:15:40,341 INFO c.s.b.s.b.s.j.JwtAuthenticationFilter [http-nio-8080-exec-7] JWT validated successfully for context user: atharv1@gmail.com
2026-05-01 23:15:40,342 INFO c.s.b.s.b.s.c.SubscriptionController [http-nio-8080-exec-7] GET /api/subscription/status for patient: PAT-2026-0004
2026-05-01 23:15:40,343 INFO c.s.b.s.b.s.s.SubscriptionService [http-nio-8080-exec-7] Fetching subscription status for patient: PAT-2026-0004
2026-05-01 23:15:40,353 INFO c.s.b.s.b.s.j.JwtAuthenticationFilter [http-nio-8080-exec-7] JWT validated successfully for context user: atharv1@gmail.com
2026-05-01 23:15:40,355 INFO c.s.b.s.b.s.c.SubscriptionController [http-nio-8080-exec-7] GET /api/subscription/status for patient: PAT-2026-0004
2026-05-01 23:15:40,355 INFO c.s.b.s.b.s.s.SubscriptionService [http-nio-8080-exec-7] Fetching subscription status for patient: PAT-2026-0004
2026-05-01 23:15:40,843 INFO c.s.b.s.b.s.j.JwtAuthenticationFilter [http-nio-8080-exec-6] JWT validated successfully for context user: atharv1@gmail.com
2026-05-01 23:15:40,845 INFO c.s.b.s.b.s.c.SubscriptionController [http-nio-8080-exec-6] GET /api/subscription/status for patient: PAT-2026-0004
2026-05-01 23:15:40,845 INFO c.s.b.s.b.s.j.JwtAuthenticationFilter [http-nio-8080-exec-8] JWT validated successfully for context user: atharv1@gmail.com
2026-05-01 23:15:40,846 INFO c.s.b.s.b.s.s.SubscriptionService [http-nio-8080-exec-6] Fetching subscription status for patient: PAT-2026-0004
2026-05-01 23:15:40,847 INFO c.s.b.s.b.d.c.PatientDocumentController [http-nio-8080-exec-8] GET /api/documents - patient: PAT-2026-0004, category: null
2026-05-01 23:15:40,861 INFO c.s.b.s.b.s.j.JwtAuthenticationFilter [http-nio-8080-exec-8] JWT validated successfully for context user: atharv1@gmail.com
2026-05-01 23:15:40,861 INFO c.s.b.s.b.s.j.JwtAuthenticationFilter [http-nio-8080-exec-1] JWT validated successfully for context user: atharv1@gmail.com
2026-05-01 23:15:40,863 INFO c.s.b.s.b.s.c.SubscriptionController [http-nio-8080-exec-1] GET /api/subscription/status for patient: PAT-2026-0004
2026-05-01 23:15:40,863 INFO c.s.b.s.b.d.c.PatientDocumentController [http-nio-8080-exec-8] GET /api/documents - patient: PAT-2026-0004, category: null
2026-05-01 23:15:40,863 INFO c.s.b.s.b.s.s.SubscriptionService [http-nio-8080-exec-1] Fetching subscription status for patient: PAT-2026-0004
2026-05-01 23:15:40,876 INFO c.s.b.s.b.s.j.JwtAuthenticationFilter [http-nio-8080-exec-2] JWT validated successfully for context user: atharv1@gmail.com
2026-05-01 23:15:40,877 INFO c.s.b.s.b.s.c.SubscriptionController [http-nio-8080-exec-2] GET /api/subscription/status for patient: PAT-2026-0004
2026-05-01 23:15:40,877 INFO c.s.b.s.b.s.s.SubscriptionService [http-nio-8080-exec-2] Fetching subscription status for patient: PAT-2026-0004
2026-05-01 23:15:40,895 INFO c.s.b.s.b.s.j.JwtAuthenticationFilter [http-nio-8080-exec-9] JWT validated successfully for context user: atharv1@gmail.com
2026-05-01 23:15:40,896 INFO c.s.b.s.b.s.c.SubscriptionController [http-nio-8080-exec-9] GET /api/subscription/status for patient: PAT-2026-0004
2026-05-01 23:15:40,897 INFO c.s.b.s.b.s.s.SubscriptionService [http-nio-8080-exec-9] Fetching subscription status for patient: PAT-2026-0004
2026-05-01 23:15:41,459 INFO c.s.b.s.b.s.j.JwtAuthenticationFilter [http-nio-8080-exec-10] JWT validated successfully for context user: atharv1@gmail.com
2026-05-01 23:15:41,459 INFO c.s.b.s.b.s.j.JwtAuthenticationFilter [http-nio-8080-exec-7] JWT validated successfully for context user: atharv1@gmail.com
2026-05-01 23:15:41,459 INFO c.s.b.s.b.s.j.JwtAuthenticationFilter [http-nio-8080-exec-4] JWT validated successfully for context user: atharv1@gmail.com
2026-05-01 23:15:41,461 INFO c.s.b.s.b.s.c.SubscriptionController [http-nio-8080-exec-4] GET /api/subscription/status for patient: PAT-2026-0004
2026-05-01 23:15:41,461 INFO c.s.b.s.b.p.c.PrescriptionController [http-nio-8080-exec-10] Fetching prescriptions for patient ID: PAT-2026-0004
2026-05-01 23:15:41,462 INFO c.s.b.s.b.a.c.AccessOtpController [http-nio-8080-exec-7] GET /api/access/pending-otp - patient: PAT-2026-0004
2026-05-01 23:15:41,462 INFO c.s.b.s.b.s.s.SubscriptionService [http-nio-8080-exec-4] Fetching subscription status for patient: PAT-2026-0004
2026-05-01 23:15:41,466 INFO c.s.b.s.b.p.c.PrescriptionController [http-nio-8080-exec-10] Found 0 prescriptions for patient ID: PAT-2026-0004
2026-05-01 23:15:41,478 INFO c.s.b.s.b.s.j.JwtAuthenticationFilter [http-nio-8080-exec-5] JWT validated successfully for context user: atharv1@gmail.com
2026-05-01 23:15:41,478 INFO c.s.b.s.b.s.j.JwtAuthenticationFilter [http-nio-8080-exec-6] JWT validated successfully for context user: atharv1@gmail.com
2026-05-01 23:15:41,480 INFO c.s.b.s.b.s.j.JwtAuthenticationFilter [http-nio-8080-exec-3] JWT validated successfully for context user: atharv1@gmail.com
2026-05-01 23:15:41,480 INFO c.s.b.s.b.a.c.AccessOtpController [http-nio-8080-exec-6] GET /api/access/pending-otp - patient: PAT-2026-0004
2026-05-01 23:15:41,480 INFO c.s.b.s.b.s.c.SubscriptionController [http-nio-8080-exec-5] GET /api/subscription/status for patient: PAT-2026-0004
2026-05-01 23:15:41,481 INFO c.s.b.s.b.s.s.SubscriptionService [http-nio-8080-exec-5] Fetching subscription status for patient: PAT-2026-0004
2026-05-01 23:15:41,482 INFO c.s.b.s.b.p.c.PrescriptionController [http-nio-8080-exec-3] Fetching prescriptions for patient ID: PAT-2026-0004
2026-05-01 23:15:41,484 INFO c.s.b.s.b.p.c.PrescriptionController [http-nio-8080-exec-3] Found 0 prescriptions for patient ID: PAT-2026-0004
2026-05-01 23:15:41,494 INFO c.s.b.s.b.s.j.JwtAuthenticationFilter [http-nio-8080-exec-8] JWT validated successfully for context user: atharv1@gmail.com
2026-05-01 23:15:41,497 INFO c.s.b.s.b.s.c.SubscriptionController [http-nio-8080-exec-8] GET /api/subscription/status for patient: PAT-2026-0004
2026-05-01 23:15:41,497 INFO c.s.b.s.b.s.s.SubscriptionService [http-nio-8080-exec-8] Fetching subscription status for patient: PAT-2026-0004
2026-05-01 23:15:41,512 INFO c.s.b.s.b.s.j.JwtAuthenticationFilter [http-nio-8080-exec-1] JWT validated successfully for context user: atharv1@gmail.com
2026-05-01 23:15:41,513 INFO c.s.b.s.b.s.c.SubscriptionController [http-nio-8080-exec-1] GET /api/subscription/status for patient: PAT-2026-0004
2026-05-01 23:15:41,513 INFO c.s.b.s.b.s.s.SubscriptionService [http-nio-8080-exec-1] Fetching subscription status for patient: PAT-2026-0004
2026-05-01 23:15:44,091 INFO c.s.b.s.b.s.j.JwtAuthenticationFilter [http-nio-8080-exec-9] JWT validated successfully for context user: atharv1@gmail.com
2026-05-01 23:15:44,091 INFO c.s.b.s.b.s.j.JwtAuthenticationFilter [http-nio-8080-exec-2] JWT validated successfully for context user: atharv1@gmail.com
2026-05-01 23:15:44,094 INFO c.s.b.s.b.s.c.SubscriptionController [http-nio-8080-exec-9] GET /api/subscription/status for patient: PAT-2026-0004
2026-05-01 23:15:44,095 INFO c.s.b.s.b.d.c.PatientDocumentController [http-nio-8080-exec-2] GET /api/documents - patient: PAT-2026-0004, category: null
2026-05-01 23:15:44,097 INFO c.s.b.s.b.s.s.SubscriptionService [http-nio-8080-exec-9] Fetching subscription status for patient: PAT-2026-0004
2026-05-01 23:15:44,109 INFO c.s.b.s.b.s.j.JwtAuthenticationFilter [http-nio-8080-exec-4] JWT validated successfully for context user: atharv1@gmail.com
2026-05-01 23:15:44,110 INFO c.s.b.s.b.s.j.JwtAuthenticationFilter [http-nio-8080-exec-7] JWT validated successfully for context user: atharv1@gmail.com
2026-05-01 23:15:44,110 INFO c.s.b.s.b.d.c.PatientDocumentController [http-nio-8080-exec-4] GET /api/documents - patient: PAT-2026-0004, category: null
2026-05-01 23:15:44,112 INFO c.s.b.s.b.s.c.SubscriptionController [http-nio-8080-exec-7] GET /api/subscription/status for patient: PAT-2026-0004
2026-05-01 23:15:44,112 INFO c.s.b.s.b.s.s.SubscriptionService [http-nio-8080-exec-7] Fetching subscription status for patient: PAT-2026-0004
2026-05-01 23:15:44,127 INFO c.s.b.s.b.s.j.JwtAuthenticationFilter [http-nio-8080-exec-10] JWT validated successfully for context user: atharv1@gmail.com
2026-05-01 23:15:44,128 INFO c.s.b.s.b.s.c.SubscriptionController [http-nio-8080-exec-10] GET /api/subscription/status for patient: PAT-2026-0004
2026-05-01 23:15:44,129 INFO c.s.b.s.b.s.s.SubscriptionService [http-nio-8080-exec-10] Fetching subscription status for patient: PAT-2026-0004
2026-05-01 23:15:44,145 INFO c.s.b.s.b.s.j.JwtAuthenticationFilter [http-nio-8080-exec-6] JWT validated successfully for context user: atharv1@gmail.com
2026-05-01 23:15:44,147 INFO c.s.b.s.b.s.c.SubscriptionController [http-nio-8080-exec-6] GET /api/subscription/status for patient: PAT-2026-0004
2026-05-01 23:15:44,148 INFO c.s.b.s.b.s.s.SubscriptionService [http-nio-8080-exec-6] Fetching subscription status for patient: PAT-2026-0004
2026-05-01 23:15:55,488 INFO c.s.b.s.b.s.j.JwtAuthenticationFilter [http-nio-8080-exec-3] JWT validated successfully for context user: atharv1@gmail.com
2026-05-01 23:15:55,545 INFO c.s.b.s.b.d.c.PatientDocumentController [http-nio-8080-exec-3] POST /api/documents/upload - patient: PAT-2026-0004, category: EYES, file: Activity 2.pdf
2026-05-01 23:15:55,551 INFO c.s.b.s.b.d.s.PatientDocumentService [http-nio-8080-exec-3] Upload request: patientId=PAT-2026-0004, category=EYES, file=Activity 2.pdf
2026-05-01 23:15:55,587 INFO c.s.b.s.b.d.s.S3StorageService [http-nio-8080-exec-3] Uploading file to S3: bucket=prescribe-bucket-new, key=atharvatharv-PAT-2026-0004/eyes/61a650a6_Activity_2.pdf, storageClass=STANDARD
2026-05-01 23:15:56,780 INFO c.s.b.s.b.d.s.S3StorageService [http-nio-8080-exec-3] Successfully uploaded file to S3: atharvatharv-PAT-2026-0004/eyes/61a650a6_Activity_2.pdf
2026-05-01 23:15:56,783 INFO c.s.b.s.b.d.s.PatientDocumentService [http-nio-8080-exec-3] Document saved with ID: 84c3e522-e50a-4885-a20a-5b1c4c9306da
2026-05-01 23:15:56,850 INFO c.s.b.s.b.s.j.JwtAuthenticationFilter [http-nio-8080-exec-1] JWT validated successfully for context user: atharv1@gmail.com
2026-05-01 23:15:56,853 INFO c.s.b.s.b.d.c.PatientDocumentController [http-nio-8080-exec-1] GET /api/documents - patient: PAT-2026-0004, category: null
2026-05-01 23:15:57,928 INFO c.s.b.s.b.s.j.JwtAuthenticationFilter [http-nio-8080-exec-9] JWT validated successfully for context user: atharv1@gmail.com
2026-05-01 23:15:57,931 INFO c.s.b.s.b.d.c.PatientDocumentController [http-nio-8080-exec-9] GET /api/documents - patient: PAT-2026-0004, category: EYES
2026-05-01 23:16:01,921 INFO c.s.b.s.b.s.j.JwtAuthenticationFilter [http-nio-8080-exec-2] JWT validated successfully for context user: atharv1@gmail.com
2026-05-01 23:16:01,921 INFO c.s.b.s.b.s.j.JwtAuthenticationFilter [http-nio-8080-exec-1] JWT validated successfully for context user: atharv1@gmail.com
2026-05-01 23:16:01,921 INFO c.s.b.s.b.s.j.JwtAuthenticationFilter [http-nio-8080-exec-8] JWT validated successfully for context user: atharv1@gmail.com
2026-05-01 23:16:01,925 INFO c.s.b.s.b.s.c.SubscriptionController [http-nio-8080-exec-8] GET /api/subscription/status for patient: PAT-2026-0004
2026-05-01 23:16:01,925 INFO c.s.b.s.b.p.c.PrescriptionController [http-nio-8080-exec-1] Fetching prescriptions for patient ID: PAT-2026-0004
2026-05-01 23:16:01,925 INFO c.s.b.s.b.a.c.AccessOtpController [http-nio-8080-exec-2] GET /api/access/pending-otp - patient: PAT-2026-0004
2026-05-01 23:16:01,930 INFO c.s.b.s.b.s.s.SubscriptionService [http-nio-8080-exec-8] Fetching subscription status for patient: PAT-2026-0004
2026-05-01 23:16:01,935 INFO c.s.b.s.b.p.c.PrescriptionController [http-nio-8080-exec-1] Found 0 prescriptions for patient ID: PAT-2026-0004
2026-05-01 23:16:01,943 INFO c.s.b.s.b.s.j.JwtAuthenticationFilter [http-nio-8080-exec-4] JWT validated successfully for context user: atharv1@gmail.com
2026-05-01 23:16:01,944 INFO c.s.b.s.b.s.j.JwtAuthenticationFilter [http-nio-8080-exec-9] JWT validated successfully for context user: atharv1@gmail.com
2026-05-01 23:16:01,947 INFO c.s.b.s.b.s.j.JwtAuthenticationFilter [http-nio-8080-exec-6] JWT validated successfully for context user: atharv1@gmail.com
2026-05-01 23:16:01,947 INFO c.s.b.s.b.s.c.SubscriptionController [http-nio-8080-exec-4] GET /api/subscription/status for patient: PAT-2026-0004
2026-05-01 23:16:01,947 INFO c.s.b.s.b.a.c.AccessOtpController [http-nio-8080-exec-9] GET /api/access/pending-otp - patient: PAT-2026-0004
2026-05-01 23:16:01,950 INFO c.s.b.s.b.s.s.SubscriptionService [http-nio-8080-exec-4] Fetching subscription status for patient: PAT-2026-0004
2026-05-01 23:16:01,950 INFO c.s.b.s.b.p.c.PrescriptionController [http-nio-8080-exec-6] Fetching prescriptions for patient ID: PAT-2026-0004
2026-05-01 23:16:01,958 INFO c.s.b.s.b.p.c.PrescriptionController [http-nio-8080-exec-6] Found 0 prescriptions for patient ID: PAT-2026-0004
2026-05-01 23:16:01,965 INFO c.s.b.s.b.s.j.JwtAuthenticationFilter [http-nio-8080-exec-3] JWT validated successfully for context user: atharv1@gmail.com
2026-05-01 23:16:01,966 INFO c.s.b.s.b.s.c.SubscriptionController [http-nio-8080-exec-3] GET /api/subscription/status for patient: PAT-2026-0004
2026-05-01 23:16:01,967 INFO c.s.b.s.b.s.s.SubscriptionService [http-nio-8080-exec-3] Fetching subscription status for patient: PAT-2026-0004
2026-05-01 23:16:01,984 INFO c.s.b.s.b.s.j.JwtAuthenticationFilter [http-nio-8080-exec-3] JWT validated successfully for context user: atharv1@gmail.com
2026-05-01 23:16:01,986 INFO c.s.b.s.b.s.c.SubscriptionController [http-nio-8080-exec-3] GET /api/subscription/status for patient: PAT-2026-0004
2026-05-01 23:16:01,986 INFO c.s.b.s.b.s.s.SubscriptionService [http-nio-8080-exec-3] Fetching subscription status for patient: PAT-2026-0004
2026-05-01 23:16:12,432 INFO c.s.b.s.b.s.j.JwtAuthenticationFilter [http-nio-8080-exec-5] JWT validated successfully for context user: atharv1@gmail.com
2026-05-01 23:16:12,433 INFO c.s.b.s.b.a.c.AccessOtpController [http-nio-8080-exec-5] GET /api/access/pending-otp - patient: PAT-2026-0004
2026-05-01 23:16:21,933 INFO c.s.b.s.b.s.j.JwtAuthenticationFilter [http-nio-8080-exec-8] JWT validated successfully for context user: atharv1@gmail.com
2026-05-01 23:16:21,937 INFO c.s.b.s.b.a.c.AccessOtpController [http-nio-8080-exec-8] GET /api/access/pending-otp - patient: PAT-2026-0004
2026-05-01 23:16:23,975 INFO c.s.b.s.b.s.j.JwtAuthenticationFilter [http-nio-8080-exec-9] JWT validated successfully for context user: pranavparalkar1@gmail.com
2026-05-01 23:16:23,977 INFO c.s.b.s.b.p.c.PatientController [http-nio-8080-exec-9] Received request to fetch patient by ID: PAT-2026-0004
2026-05-01 23:16:23,978 INFO c.s.b.s.b.p.s.PatientService [http-nio-8080-exec-9] Fetching patient profile by ID: PAT-2026-0004
2026-05-01 23:16:32,466 INFO c.s.b.s.b.s.j.JwtAuthenticationFilter [http-nio-8080-exec-6] JWT validated successfully for context user: atharv1@gmail.com
2026-05-01 23:16:32,470 INFO c.s.b.s.b.a.c.AccessOtpController [http-nio-8080-exec-6] GET /api/access/pending-otp - patient: PAT-2026-0004
2026-05-01 23:16:41,057 INFO c.s.b.s.b.s.j.JwtAuthenticationFilter [http-nio-8080-exec-3] JWT validated successfully for context user: pranavparalkar1@gmail.com
2026-05-01 23:16:41,094 INFO c.s.b.s.b.p.c.PrescriptionController [http-nio-8080-exec-3] Request to create prescription for patient ID: PAT-2026-0004, doctor ID: DOC-a48f47f0
2026-05-01 23:16:41,095 INFO c.s.b.s.b.p.s.PrescriptionService [http-nio-8080-exec-3] Creating new prescription for patient: PAT-2026-0004, doctor: DOC-a48f47f0
2026-05-01 23:16:41,194 INFO c.s.b.s.b.p.s.PrescriptionService [http-nio-8080-exec-3] Successfully created prescription with ID: 73d35e3a-9596-48ca-b8ff-365fe8bb720a
2026-05-01 23:16:41,196 INFO c.s.b.s.b.p.c.PrescriptionController [http-nio-8080-exec-3] Successfully created prescription ID: 73d35e3a-9596-48ca-b8ff-365fe8bb720a
2026-05-01 23:16:42,433 INFO c.s.b.s.b.s.j.JwtAuthenticationFilter [http-nio-8080-exec-5] JWT validated successfully for context user: atharv1@gmail.com
2026-05-01 23:16:42,436 INFO c.s.b.s.b.a.c.AccessOtpController [http-nio-8080-exec-5] GET /api/access/pending-otp - patient: PAT-2026-0004
2026-05-01 23:16:43,457 INFO c.s.b.s.b.s.j.JwtAuthenticationFilter [http-nio-8080-exec-4] JWT validated successfully for context user: pranavparalkar1@gmail.com
2026-05-01 23:16:43,458 INFO c.s.b.s.b.s.j.JwtAuthenticationFilter [http-nio-8080-exec-9] JWT validated successfully for context user: pranavparalkar1@gmail.com
2026-05-01 23:16:43,467 INFO c.s.b.s.b.s.c.DashboardController [http-nio-8080-exec-9] Fetching dashboard statistics
2026-05-01 23:16:43,467 INFO c.s.b.s.b.p.c.PrescriptionController [http-nio-8080-exec-4] Fetching prescriptions for doctor ID: DOC-a48f47f0
2026-05-01 23:16:43,492 INFO c.s.b.s.b.s.s.DashboardService [http-nio-8080-exec-9] Successfully calculated dashboard statistics: totalPatients=4, totalDoctors=3, verifiedDoctors=0
2026-05-01 23:16:43,495 INFO c.s.b.s.b.p.c.PrescriptionController [http-nio-8080-exec-4] Found 1 prescriptions for doctor ID: DOC-a48f47f0
2026-05-01 23:16:43,502 INFO c.s.b.s.b.s.j.JwtAuthenticationFilter [http-nio-8080-exec-6] JWT validated successfully for context user: pranavparalkar1@gmail.com
2026-05-01 23:16:43,503 INFO c.s.b.s.b.s.c.DashboardController [http-nio-8080-exec-6] Fetching dashboard statistics
2026-05-01 23:16:43,516 INFO c.s.b.s.b.s.s.DashboardService [http-nio-8080-exec-6] Successfully calculated dashboard statistics: totalPatients=4, totalDoctors=3, verifiedDoctors=0
2026-05-01 23:16:43,535 INFO c.s.b.s.b.s.j.JwtAuthenticationFilter [http-nio-8080-exec-10] JWT validated successfully for context user: pranavparalkar1@gmail.com
2026-05-01 23:16:43,537 INFO c.s.b.s.b.p.c.PrescriptionController [http-nio-8080-exec-10] Fetching prescriptions for doctor ID: DOC-a48f47f0
2026-05-01 23:16:43,542 INFO c.s.b.s.b.p.c.PrescriptionController [http-nio-8080-exec-10] Found 1 prescriptions for doctor ID: DOC-a48f47f0
2026-05-01 23:16:45,880 INFO c.s.b.s.b.s.j.JwtAuthenticationFilter [http-nio-8080-exec-5] JWT validated successfully for context user: atharv1@gmail.com
2026-05-01 23:16:45,881 INFO c.s.b.s.b.s.j.JwtAuthenticationFilter [http-nio-8080-exec-9] JWT validated successfully for context user: atharv1@gmail.com
2026-05-01 23:16:45,881 INFO c.s.b.s.b.a.c.AccessOtpController [http-nio-8080-exec-5] GET /api/access/pending-otp - patient: PAT-2026-0004
2026-05-01 23:16:45,882 INFO c.s.b.s.b.s.j.JwtAuthenticationFilter [http-nio-8080-exec-4] JWT validated successfully for context user: atharv1@gmail.com
2026-05-01 23:16:45,883 INFO c.s.b.s.b.s.c.SubscriptionController [http-nio-8080-exec-9] GET /api/subscription/status for patient: PAT-2026-0004
2026-05-01 23:16:45,885 INFO c.s.b.s.b.p.c.PrescriptionController [http-nio-8080-exec-4] Fetching prescriptions for patient ID: PAT-2026-0004
2026-05-01 23:16:45,887 INFO c.s.b.s.b.s.s.SubscriptionService [http-nio-8080-exec-9] Fetching subscription status for patient: PAT-2026-0004
2026-05-01 23:16:45,899 INFO c.s.b.s.b.p.c.PrescriptionController [http-nio-8080-exec-4] Found 1 prescriptions for patient ID: PAT-2026-0004
2026-05-01 23:16:45,902 INFO c.s.b.s.b.s.j.JwtAuthenticationFilter [http-nio-8080-exec-10] JWT validated successfully for context user: atharv1@gmail.com
2026-05-01 23:16:45,903 INFO c.s.b.s.b.a.c.AccessOtpController [http-nio-8080-exec-10] GET /api/access/pending-otp - patient: PAT-2026-0004
2026-05-01 23:16:45,913 INFO c.s.b.s.b.s.j.JwtAuthenticationFilter [http-nio-8080-exec-3] JWT validated successfully for context user: atharv1@gmail.com
2026-05-01 23:16:45,914 INFO c.s.b.s.b.s.c.SubscriptionController [http-nio-8080-exec-3] GET /api/subscription/status for patient: PAT-2026-0004
2026-05-01 23:16:45,914 INFO c.s.b.s.b.s.s.SubscriptionService [http-nio-8080-exec-3] Fetching subscription status for patient: PAT-2026-0004
2026-05-01 23:16:45,920 INFO c.s.b.s.b.s.j.JwtAuthenticationFilter [http-nio-8080-exec-2] JWT validated successfully for context user: atharv1@gmail.com
2026-05-01 23:16:45,922 INFO c.s.b.s.b.p.c.PrescriptionController [http-nio-8080-exec-2] Fetching prescriptions for patient ID: PAT-2026-0004
2026-05-01 23:16:45,926 INFO c.s.b.s.b.p.c.PrescriptionController [http-nio-8080-exec-2] Found 1 prescriptions for patient ID: PAT-2026-0004
2026-05-01 23:16:45,931 INFO c.s.b.s.b.s.j.JwtAuthenticationFilter [http-nio-8080-exec-7] JWT validated successfully for context user: atharv1@gmail.com
2026-05-01 23:16:45,931 INFO c.s.b.s.b.s.c.SubscriptionController [http-nio-8080-exec-7] GET /api/subscription/status for patient: PAT-2026-0004
2026-05-01 23:16:45,933 INFO c.s.b.s.b.s.s.SubscriptionService [http-nio-8080-exec-7] Fetching subscription status for patient: PAT-2026-0004
2026-05-01 23:16:45,946 INFO c.s.b.s.b.s.j.JwtAuthenticationFilter [http-nio-8080-exec-8] JWT validated successfully for context user: atharv1@gmail.com
2026-05-01 23:16:45,947 INFO c.s.b.s.b.s.c.SubscriptionController [http-nio-8080-exec-8] GET /api/subscription/status for patient: PAT-2026-0004
2026-05-01 23:16:45,949 INFO c.s.b.s.b.s.s.SubscriptionService [http-nio-8080-exec-8] Fetching subscription status for patient: PAT-2026-0004
2026-05-01 23:16:50,290 INFO c.s.b.s.b.s.j.JwtAuthenticationFilter [http-nio-8080-exec-1] JWT validated successfully for context user: atharv1@gmail.com
2026-05-01 23:16:50,291 INFO c.s.b.s.b.s.c.SubscriptionController [http-nio-8080-exec-1] GET /api/subscription/status for patient: PAT-2026-0004
2026-05-01 23:16:50,292 INFO c.s.b.s.b.s.s.SubscriptionService [http-nio-8080-exec-1] Fetching subscription status for patient: PAT-2026-0004
2026-05-01 23:16:50,306 INFO c.s.b.s.b.s.j.JwtAuthenticationFilter [http-nio-8080-exec-6] JWT validated successfully for context user: atharv1@gmail.com
2026-05-01 23:16:50,308 INFO c.s.b.s.b.s.c.SubscriptionController [http-nio-8080-exec-6] GET /api/subscription/status for patient: PAT-2026-0004
2026-05-01 23:16:50,310 INFO c.s.b.s.b.s.s.SubscriptionService [http-nio-8080-exec-6] Fetching subscription status for patient: PAT-2026-0004
2026-05-01 23:16:53,515 INFO c.s.b.s.b.s.j.JwtAuthenticationFilter [http-nio-8080-exec-8] JWT validated successfully for context user: atharv1@gmail.com
2026-05-01 23:16:53,515 INFO c.s.b.s.b.s.j.JwtAuthenticationFilter [http-nio-8080-exec-7] JWT validated successfully for context user: atharv1@gmail.com
2026-05-01 23:16:53,516 INFO c.s.b.s.b.s.j.JwtAuthenticationFilter [http-nio-8080-exec-1] JWT validated successfully for context user: atharv1@gmail.com
2026-05-01 23:16:53,516 INFO c.s.b.s.b.p.c.PrescriptionController [http-nio-8080-exec-8] Fetching prescriptions for patient ID: PAT-2026-0004
2026-05-01 23:16:53,516 INFO c.s.b.s.b.s.c.SubscriptionController [http-nio-8080-exec-7] GET /api/subscription/status for patient: PAT-2026-0004
2026-05-01 23:16:53,517 INFO c.s.b.s.b.a.c.AccessOtpController [http-nio-8080-exec-1] GET /api/access/pending-otp - patient: PAT-2026-0004
2026-05-01 23:16:53,518 INFO c.s.b.s.b.s.s.SubscriptionService [http-nio-8080-exec-7] Fetching subscription status for patient: PAT-2026-0004
2026-05-01 23:16:53,523 INFO c.s.b.s.b.p.c.PrescriptionController [http-nio-8080-exec-8] Found 1 prescriptions for patient ID: PAT-2026-0004
2026-05-01 23:16:53,530 INFO c.s.b.s.b.s.j.JwtAuthenticationFilter [http-nio-8080-exec-6] JWT validated successfully for context user: atharv1@gmail.com
2026-05-01 23:16:53,531 INFO c.s.b.s.b.a.c.AccessOtpController [http-nio-8080-exec-6] GET /api/access/pending-otp - patient: PAT-2026-0004
2026-05-01 23:16:53,531 INFO c.s.b.s.b.s.j.JwtAuthenticationFilter [http-nio-8080-exec-2] JWT validated successfully for context user: atharv1@gmail.com
2026-05-01 23:16:53,532 INFO c.s.b.s.b.s.c.SubscriptionController [http-nio-8080-exec-2] GET /api/subscription/status for patient: PAT-2026-0004
2026-05-01 23:16:53,533 INFO c.s.b.s.b.s.s.SubscriptionService [http-nio-8080-exec-2] Fetching subscription status for patient: PAT-2026-0004
2026-05-01 23:16:53,538 INFO c.s.b.s.b.s.j.JwtAuthenticationFilter [http-nio-8080-exec-10] JWT validated successfully for context user: atharv1@gmail.com
2026-05-01 23:16:53,540 INFO c.s.b.s.b.p.c.PrescriptionController [http-nio-8080-exec-10] Fetching prescriptions for patient ID: PAT-2026-0004
2026-05-01 23:16:53,543 INFO c.s.b.s.b.p.c.PrescriptionController [http-nio-8080-exec-10] Found 1 prescriptions for patient ID: PAT-2026-0004
2026-05-01 23:16:53,547 INFO c.s.b.s.b.s.j.JwtAuthenticationFilter [http-nio-8080-exec-9] JWT validated successfully for context user: atharv1@gmail.com
2026-05-01 23:16:53,550 INFO c.s.b.s.b.s.c.SubscriptionController [http-nio-8080-exec-9] GET /api/subscription/status for patient: PAT-2026-0004
2026-05-01 23:16:53,550 INFO c.s.b.s.b.s.s.SubscriptionService [http-nio-8080-exec-9] Fetching subscription status for patient: PAT-2026-0004
2026-05-01 23:16:53,564 INFO c.s.b.s.b.s.j.JwtAuthenticationFilter [http-nio-8080-exec-4] JWT validated successfully for context user: atharv1@gmail.com
2026-05-01 23:16:53,566 INFO c.s.b.s.b.s.c.SubscriptionController [http-nio-8080-exec-4] GET /api/subscription/status for patient: PAT-2026-0004
2026-05-01 23:16:53,567 INFO c.s.b.s.b.s.s.SubscriptionService [http-nio-8080-exec-4] Fetching subscription status for patient: PAT-2026-0004
2026-05-01 23:17:03,093 INFO c.s.b.s.b.s.j.JwtAuthenticationFilter [http-nio-8080-exec-1] JWT validated successfully for context user: pranavparalkar1@gmail.com
2026-05-01 23:17:03,095 INFO c.s.b.s.b.p.c.PrescriptionController [http-nio-8080-exec-1] Fetching prescriptions for doctor ID: DOC-a48f47f0
2026-05-01 23:17:03,100 INFO c.s.b.s.b.p.c.PrescriptionController [http-nio-8080-exec-1] Found 1 prescriptions for doctor ID: DOC-a48f47f0
2026-05-01 23:17:03,112 INFO c.s.b.s.b.s.j.JwtAuthenticationFilter [http-nio-8080-exec-7] JWT validated successfully for context user: pranavparalkar1@gmail.com
2026-05-01 23:17:03,114 INFO c.s.b.s.b.p.c.PrescriptionController [http-nio-8080-exec-7] Fetching prescriptions for doctor ID: DOC-a48f47f0
2026-05-01 23:17:03,121 INFO c.s.b.s.b.p.c.PrescriptionController [http-nio-8080-exec-7] Found 1 prescriptions for doctor ID: DOC-a48f47f0
2026-05-01 23:17:04,420 INFO c.s.b.s.b.s.j.JwtAuthenticationFilter [http-nio-8080-exec-6] JWT validated successfully for context user: atharv1@gmail.com
2026-05-01 23:17:04,421 INFO c.s.b.s.b.a.c.AccessOtpController [http-nio-8080-exec-6] GET /api/access/pending-otp - patient: PAT-2026-0004
2026-05-01 23:17:07,508 INFO c.s.b.s.b.s.j.JwtAuthenticationFilter [http-nio-8080-exec-10] JWT validated successfully for context user: pranavparalkar1@gmail.com
2026-05-01 23:17:07,509 INFO c.s.b.s.b.a.c.AccessOtpController [http-nio-8080-exec-10] POST /api/access/request-otp - doctor: DOC-a48f47f0, patient: PAT-2026-0004
2026-05-01 23:17:07,525 INFO c.s.b.s.b.a.s.AccessOtpService [http-nio-8080-exec-10] OTP generated for doctor DOC-a48f47f0 requesting access to patient PAT-2026-0004. Expires at 2026-05-01T23:19:07.523561600
2026-05-01 23:17:11,040 INFO c.s.b.s.b.s.j.JwtAuthenticationFilter [http-nio-8080-exec-7] JWT validated successfully for context user: atharv1@gmail.com
2026-05-01 23:17:11,040 INFO c.s.b.s.b.s.j.JwtAuthenticationFilter [http-nio-8080-exec-1] JWT validated successfully for context user: atharv1@gmail.com
2026-05-01 23:17:11,040 INFO c.s.b.s.b.s.j.JwtAuthenticationFilter [http-nio-8080-exec-8] JWT validated successfully for context user: atharv1@gmail.com
2026-05-01 23:17:11,041 INFO c.s.b.s.b.p.c.PrescriptionController [http-nio-8080-exec-7] Fetching prescriptions for patient ID: PAT-2026-0004
2026-05-01 23:17:11,041 INFO c.s.b.s.b.s.c.SubscriptionController [http-nio-8080-exec-1] GET /api/subscription/status for patient: PAT-2026-0004
2026-05-01 23:17:11,041 INFO c.s.b.s.b.a.c.AccessOtpController [http-nio-8080-exec-8] GET /api/access/pending-otp - patient: PAT-2026-0004
2026-05-01 23:17:11,041 INFO c.s.b.s.b.s.s.SubscriptionService [http-nio-8080-exec-1] Fetching subscription status for patient: PAT-2026-0004
2026-05-01 23:17:11,047 INFO c.s.b.s.b.p.c.PrescriptionController [http-nio-8080-exec-7] Found 1 prescriptions for patient ID: PAT-2026-0004
2026-05-01 23:17:11,057 INFO c.s.b.s.b.s.j.JwtAuthenticationFilter [http-nio-8080-exec-6] JWT validated successfully for context user: atharv1@gmail.com
2026-05-01 23:17:11,057 INFO c.s.b.s.b.s.j.JwtAuthenticationFilter [http-nio-8080-exec-2] JWT validated successfully for context user: atharv1@gmail.com
2026-05-01 23:17:11,058 INFO c.s.b.s.b.a.c.AccessOtpController [http-nio-8080-exec-6] GET /api/access/pending-otp - patient: PAT-2026-0004
2026-05-01 23:17:11,058 INFO c.s.b.s.b.s.c.SubscriptionController [http-nio-8080-exec-2] GET /api/subscription/status for patient: PAT-2026-0004
2026-05-01 23:17:11,059 INFO c.s.b.s.b.s.s.SubscriptionService [http-nio-8080-exec-2] Fetching subscription status for patient: PAT-2026-0004
2026-05-01 23:17:11,063 INFO c.s.b.s.b.s.j.JwtAuthenticationFilter [http-nio-8080-exec-10] JWT validated successfully for context user: atharv1@gmail.com
2026-05-01 23:17:11,064 INFO c.s.b.s.b.p.c.PrescriptionController [http-nio-8080-exec-10] Fetching prescriptions for patient ID: PAT-2026-0004
2026-05-01 23:17:11,068 INFO c.s.b.s.b.p.c.PrescriptionController [http-nio-8080-exec-10] Found 1 prescriptions for patient ID: PAT-2026-0004
2026-05-01 23:17:11,071 INFO c.s.b.s.b.s.j.JwtAuthenticationFilter [http-nio-8080-exec-9] JWT validated successfully for context user: atharv1@gmail.com
2026-05-01 23:17:11,072 INFO c.s.b.s.b.s.c.SubscriptionController [http-nio-8080-exec-9] GET /api/subscription/status for patient: PAT-2026-0004
2026-05-01 23:17:11,073 INFO c.s.b.s.b.s.s.SubscriptionService [http-nio-8080-exec-9] Fetching subscription status for patient: PAT-2026-0004
2026-05-01 23:17:11,086 INFO c.s.b.s.b.s.j.JwtAuthenticationFilter [http-nio-8080-exec-4] JWT validated successfully for context user: atharv1@gmail.com
2026-05-01 23:17:11,087 INFO c.s.b.s.b.s.c.SubscriptionController [http-nio-8080-exec-4] GET /api/subscription/status for patient: PAT-2026-0004
2026-05-01 23:17:11,088 INFO c.s.b.s.b.s.s.SubscriptionService [http-nio-8080-exec-4] Fetching subscription status for patient: PAT-2026-0004
2026-05-01 23:17:14,721 INFO c.s.b.s.b.s.j.JwtAuthenticationFilter [http-nio-8080-exec-5] JWT validated successfully for context user: pranavparalkar1@gmail.com
2026-05-01 23:17:14,725 INFO c.s.b.s.b.a.c.AccessOtpController [http-nio-8080-exec-5] POST /api/access/verify-otp - doctor: DOC-a48f47f0, patient: PAT-2026-0004
2026-05-01 23:17:14,746 INFO c.s.b.s.b.a.s.AccessOtpService [http-nio-8080-exec-5] OTP verified. Doctor DOC-a48f47f0 accessed 0 documents for patient PAT-2026-0004 (category: DERMATOLOGY)
2026-05-01 23:17:19,725 INFO c.s.b.s.b.s.j.JwtAuthenticationFilter [http-nio-8080-exec-4] JWT validated successfully for context user: atharv1@gmail.com
2026-05-01 23:17:19,725 INFO c.s.b.s.b.s.j.JwtAuthenticationFilter [http-nio-8080-exec-9] JWT validated successfully for context user: atharv1@gmail.com
2026-05-01 23:17:19,725 INFO c.s.b.s.b.s.c.SubscriptionController [http-nio-8080-exec-4] GET /api/subscription/status for patient: PAT-2026-0004
2026-05-01 23:17:19,726 INFO c.s.b.s.b.d.c.PatientDocumentController [http-nio-8080-exec-9] GET /api/documents - patient: PAT-2026-0004, category: null
2026-05-01 23:17:19,726 INFO c.s.b.s.b.s.s.SubscriptionService [http-nio-8080-exec-4] Fetching subscription status for patient: PAT-2026-0004
2026-05-01 23:17:19,742 INFO c.s.b.s.b.s.j.JwtAuthenticationFilter [http-nio-8080-exec-5] JWT validated successfully for context user: atharv1@gmail.com
2026-05-01 23:17:19,742 INFO c.s.b.s.b.s.j.JwtAuthenticationFilter [http-nio-8080-exec-3] JWT validated successfully for context user: atharv1@gmail.com
2026-05-01 23:17:19,743 INFO c.s.b.s.b.d.c.PatientDocumentController [http-nio-8080-exec-5] GET /api/documents - patient: PAT-2026-0004, category: null
2026-05-01 23:17:19,743 INFO c.s.b.s.b.s.c.SubscriptionController [http-nio-8080-exec-3] GET /api/subscription/status for patient: PAT-2026-0004
2026-05-01 23:17:19,744 INFO c.s.b.s.b.s.s.SubscriptionService [http-nio-8080-exec-3] Fetching subscription status for patient: PAT-2026-0004
2026-05-01 23:17:19,758 INFO c.s.b.s.b.s.j.JwtAuthenticationFilter [http-nio-8080-exec-8] JWT validated successfully for context user: atharv1@gmail.com
2026-05-01 23:17:19,759 INFO c.s.b.s.b.s.c.SubscriptionController [http-nio-8080-exec-8] GET /api/subscription/status for patient: PAT-2026-0004
2026-05-01 23:17:19,760 INFO c.s.b.s.b.s.s.SubscriptionService [http-nio-8080-exec-8] Fetching subscription status for patient: PAT-2026-0004
2026-05-01 23:17:19,773 INFO c.s.b.s.b.s.j.JwtAuthenticationFilter [http-nio-8080-exec-6] JWT validated successfully for context user: atharv1@gmail.com
2026-05-01 23:17:19,775 INFO c.s.b.s.b.s.c.SubscriptionController [http-nio-8080-exec-6] GET /api/subscription/status for patient: PAT-2026-0004
2026-05-01 23:17:19,775 INFO c.s.b.s.b.s.s.SubscriptionService [http-nio-8080-exec-6] Fetching subscription status for patient: PAT-2026-0004
2026-05-01 23:17:22,845 INFO c.s.b.s.b.s.j.JwtAuthenticationFilter [http-nio-8080-exec-7] JWT validated successfully for context user: atharv1@gmail.com
2026-05-01 23:17:22,847 INFO c.s.b.s.b.d.c.PatientDocumentController [http-nio-8080-exec-7] GET /api/documents - patient: PAT-2026-0004, category: DERMATOLOGY
2026-05-01 23:17:31,786 INFO c.s.b.s.b.s.j.JwtAuthenticationFilter [http-nio-8080-exec-10] JWT validated successfully for context user: atharv1@gmail.com
2026-05-01 23:17:31,798 INFO c.s.b.s.b.d.c.PatientDocumentController [http-nio-8080-exec-10] POST /api/documents/upload - patient: PAT-2026-0004, category: DENTAL, file: Resume_AIML.pdf
2026-05-01 23:17:31,799 INFO c.s.b.s.b.d.s.PatientDocumentService [http-nio-8080-exec-10] Upload request: patientId=PAT-2026-0004, category=DENTAL, file=Resume_AIML.pdf
2026-05-01 23:17:31,805 INFO c.s.b.s.b.d.s.S3StorageService [http-nio-8080-exec-10] Uploading file to S3: bucket=prescribe-bucket-new, key=atharvatharv-PAT-2026-0004/dental/c1366e28_Resume_AIML.pdf, storageClass=STANDARD
2026-05-01 23:17:32,453 INFO c.s.b.s.b.d.s.S3StorageService [http-nio-8080-exec-10] Successfully uploaded file to S3: atharvatharv-PAT-2026-0004/dental/c1366e28_Resume_AIML.pdf
2026-05-01 23:17:32,454 INFO c.s.b.s.b.d.s.PatientDocumentService [http-nio-8080-exec-10] Document saved with ID: 2b6d2bb3-cc75-4c14-8824-20e4dcd8fc13
2026-05-01 23:17:32,480 INFO c.s.b.s.b.s.j.JwtAuthenticationFilter [http-nio-8080-exec-5] JWT validated successfully for context user: atharv1@gmail.com
2026-05-01 23:17:32,482 INFO c.s.b.s.b.d.c.PatientDocumentController [http-nio-8080-exec-5] GET /api/documents - patient: PAT-2026-0004, category: null
2026-05-01 23:17:32,483 INFO c.s.b.s.b.s.j.JwtAuthenticationFilter [http-nio-8080-exec-3] JWT validated successfully for context user: atharv1@gmail.com
2026-05-01 23:17:32,485 INFO c.s.b.s.b.d.c.PatientDocumentController [http-nio-8080-exec-3] GET /api/documents - patient: PAT-2026-0004, category: DERMATOLOGY
2026-05-01 23:17:42,629 INFO c.s.b.s.b.s.j.JwtAuthenticationFilter [http-nio-8080-exec-6] JWT validated successfully for context user: pranavparalkar1@gmail.com
2026-05-01 23:17:42,630 INFO c.s.b.s.b.a.c.AccessOtpController [http-nio-8080-exec-6] POST /api/access/request-otp - doctor: DOC-a48f47f0, patient: PAT-2026-0004
2026-05-01 23:17:42,636 INFO c.s.b.s.b.a.s.AccessOtpService [http-nio-8080-exec-6] OTP generated for doctor DOC-a48f47f0 requesting access to patient PAT-2026-0004. Expires at 2026-05-01T23:19:42.636163600
2026-05-01 23:17:45,824 INFO c.s.b.s.b.s.j.JwtAuthenticationFilter [http-nio-8080-exec-7] JWT validated successfully for context user: atharv1@gmail.com
2026-05-01 23:17:45,824 INFO c.s.b.s.b.s.j.JwtAuthenticationFilter [http-nio-8080-exec-8] JWT validated successfully for context user: atharv1@gmail.com
2026-05-01 23:17:45,824 INFO c.s.b.s.b.s.j.JwtAuthenticationFilter [http-nio-8080-exec-5] JWT validated successfully for context user: atharv1@gmail.com
2026-05-01 23:17:45,825 INFO c.s.b.s.b.s.c.SubscriptionController [http-nio-8080-exec-7] GET /api/subscription/status for patient: PAT-2026-0004
2026-05-01 23:17:45,825 INFO c.s.b.s.b.a.c.AccessOtpController [http-nio-8080-exec-8] GET /api/access/pending-otp - patient: PAT-2026-0004
2026-05-01 23:17:45,825 INFO c.s.b.s.b.p.c.PrescriptionController [http-nio-8080-exec-5] Fetching prescriptions for patient ID: PAT-2026-0004
2026-05-01 23:17:45,826 INFO c.s.b.s.b.s.s.SubscriptionService [http-nio-8080-exec-7] Fetching subscription status for patient: PAT-2026-0004
2026-05-01 23:17:45,830 INFO c.s.b.s.b.p.c.PrescriptionController [http-nio-8080-exec-5] Found 1 prescriptions for patient ID: PAT-2026-0004
2026-05-01 23:17:45,837 INFO c.s.b.s.b.s.j.JwtAuthenticationFilter [http-nio-8080-exec-6] JWT validated successfully for context user: atharv1@gmail.com
2026-05-01 23:17:45,837 INFO c.s.b.s.b.s.j.JwtAuthenticationFilter [http-nio-8080-exec-1] JWT validated successfully for context user: atharv1@gmail.com
2026-05-01 23:17:45,838 INFO c.s.b.s.b.a.c.AccessOtpController [http-nio-8080-exec-6] GET /api/access/pending-otp - patient: PAT-2026-0004
2026-05-01 23:17:45,839 INFO c.s.b.s.b.s.c.SubscriptionController [http-nio-8080-exec-1] GET /api/subscription/status for patient: PAT-2026-0004
2026-05-01 23:17:45,839 INFO c.s.b.s.b.s.s.SubscriptionService [http-nio-8080-exec-1] Fetching subscription status for patient: PAT-2026-0004
2026-05-01 23:17:45,842 INFO c.s.b.s.b.s.j.JwtAuthenticationFilter [http-nio-8080-exec-4] JWT validated successfully for context user: atharv1@gmail.com
2026-05-01 23:17:45,843 INFO c.s.b.s.b.p.c.PrescriptionController [http-nio-8080-exec-4] Fetching prescriptions for patient ID: PAT-2026-0004
2026-05-01 23:17:45,847 INFO c.s.b.s.b.p.c.PrescriptionController [http-nio-8080-exec-4] Found 1 prescriptions for patient ID: PAT-2026-0004
2026-05-01 23:17:45,850 INFO c.s.b.s.b.s.j.JwtAuthenticationFilter [http-nio-8080-exec-2] JWT validated successfully for context user: atharv1@gmail.com
2026-05-01 23:17:45,851 INFO c.s.b.s.b.s.c.SubscriptionController [http-nio-8080-exec-2] GET /api/subscription/status for patient: PAT-2026-0004
2026-05-01 23:17:45,852 INFO c.s.b.s.b.s.s.SubscriptionService [http-nio-8080-exec-2] Fetching subscription status for patient: PAT-2026-0004
2026-05-01 23:17:45,865 INFO c.s.b.s.b.s.j.JwtAuthenticationFilter [http-nio-8080-exec-10] JWT validated successfully for context user: atharv1@gmail.com
2026-05-01 23:17:45,866 INFO c.s.b.s.b.s.c.SubscriptionController [http-nio-8080-exec-10] GET /api/subscription/status for patient: PAT-2026-0004
2026-05-01 23:17:45,867 INFO c.s.b.s.b.s.s.SubscriptionService [http-nio-8080-exec-10] Fetching subscription status for patient: PAT-2026-0004
2026-05-01 23:17:50,240 INFO c.s.b.s.b.s.j.JwtAuthenticationFilter [http-nio-8080-exec-3] JWT validated successfully for context user: atharv1@gmail.com
2026-05-01 23:17:50,240 INFO c.s.b.s.b.s.j.JwtAuthenticationFilter [http-nio-8080-exec-9] JWT validated successfully for context user: atharv1@gmail.com
2026-05-01 23:17:50,240 INFO c.s.b.s.b.s.j.JwtAuthenticationFilter [http-nio-8080-exec-8] JWT validated successfully for context user: atharv1@gmail.com
2026-05-01 23:17:50,241 INFO c.s.b.s.b.p.c.PrescriptionController [http-nio-8080-exec-3] Fetching prescriptions for patient ID: PAT-2026-0004
2026-05-01 23:17:50,241 INFO c.s.b.s.b.s.c.SubscriptionController [http-nio-8080-exec-9] GET /api/subscription/status for patient: PAT-2026-0004
2026-05-01 23:17:50,241 INFO c.s.b.s.b.a.c.AccessOtpController [http-nio-8080-exec-8] GET /api/access/pending-otp - patient: PAT-2026-0004
2026-05-01 23:17:50,242 INFO c.s.b.s.b.s.s.SubscriptionService [http-nio-8080-exec-9] Fetching subscription status for patient: PAT-2026-0004
2026-05-01 23:17:50,246 INFO c.s.b.s.b.p.c.PrescriptionController [http-nio-8080-exec-3] Found 1 prescriptions for patient ID: PAT-2026-0004
2026-05-01 23:17:50,260 INFO c.s.b.s.b.s.j.JwtAuthenticationFilter [http-nio-8080-exec-7] JWT validated successfully for context user: atharv1@gmail.com
2026-05-01 23:17:50,261 INFO c.s.b.s.b.s.j.JwtAuthenticationFilter [http-nio-8080-exec-6] JWT validated successfully for context user: atharv1@gmail.com
2026-05-01 23:17:50,261 INFO c.s.b.s.b.s.j.JwtAuthenticationFilter [http-nio-8080-exec-5] JWT validated successfully for context user: atharv1@gmail.com
2026-05-01 23:17:50,261 INFO c.s.b.s.b.a.c.AccessOtpController [http-nio-8080-exec-7] GET /api/access/pending-otp - patient: PAT-2026-0004
2026-05-01 23:17:50,262 INFO c.s.b.s.b.p.c.PrescriptionController [http-nio-8080-exec-6] Fetching prescriptions for patient ID: PAT-2026-0004
2026-05-01 23:17:50,262 INFO c.s.b.s.b.s.c.SubscriptionController [http-nio-8080-exec-5] GET /api/subscription/status for patient: PAT-2026-0004
2026-05-01 23:17:50,262 INFO c.s.b.s.b.s.s.SubscriptionService [http-nio-8080-exec-5] Fetching subscription status for patient: PAT-2026-0004
2026-05-01 23:17:50,266 INFO c.s.b.s.b.p.c.PrescriptionController [http-nio-8080-exec-6] Found 1 prescriptions for patient ID: PAT-2026-0004
2026-05-01 23:17:50,277 INFO c.s.b.s.b.s.j.JwtAuthenticationFilter [http-nio-8080-exec-1] JWT validated successfully for context user: atharv1@gmail.com
2026-05-01 23:17:50,280 INFO c.s.b.s.b.s.c.SubscriptionController [http-nio-8080-exec-1] GET /api/subscription/status for patient: PAT-2026-0004
2026-05-01 23:17:50,280 INFO c.s.b.s.b.s.s.SubscriptionService [http-nio-8080-exec-1] Fetching subscription status for patient: PAT-2026-0004
2026-05-01 23:17:50,292 INFO c.s.b.s.b.s.j.JwtAuthenticationFilter [http-nio-8080-exec-4] JWT validated successfully for context user: atharv1@gmail.com
2026-05-01 23:17:50,294 INFO c.s.b.s.b.s.c.SubscriptionController [http-nio-8080-exec-4] GET /api/subscription/status for patient: PAT-2026-0004
2026-05-01 23:17:50,294 INFO c.s.b.s.b.s.s.SubscriptionService [http-nio-8080-exec-4] Fetching subscription status for patient: PAT-2026-0004
2026-05-01 23:17:54,620 INFO c.s.b.s.b.s.j.JwtAuthenticationFilter [http-nio-8080-exec-10] JWT validated successfully for context user: pranavparalkar1@gmail.com
2026-05-01 23:17:54,622 INFO c.s.b.s.b.a.c.AccessOtpController [http-nio-8080-exec-10] POST /api/access/verify-otp - doctor: DOC-a48f47f0, patient: PAT-2026-0004
2026-05-01 23:17:54,632 INFO c.s.b.s.b.a.s.AccessOtpService [http-nio-8080-exec-10] OTP verified. Doctor DOC-a48f47f0 accessed 0 documents for patient PAT-2026-0004 (category: DERMATOLOGY)
2026-05-01 23:17:59,682 INFO c.s.b.s.b.s.j.JwtAuthenticationFilter [http-nio-8080-exec-10] JWT validated successfully for context user: atharv1@gmail.com
2026-05-01 23:17:59,682 INFO c.s.b.s.b.s.j.JwtAuthenticationFilter [http-nio-8080-exec-1] JWT validated successfully for context user: atharv1@gmail.com
2026-05-01 23:17:59,682 INFO c.s.b.s.b.s.j.JwtAuthenticationFilter [http-nio-8080-exec-4] JWT validated successfully for context user: atharv1@gmail.com
2026-05-01 23:17:59,686 INFO c.s.b.s.b.p.c.PrescriptionController [http-nio-8080-exec-4] Fetching prescriptions for patient ID: PAT-2026-0004
2026-05-01 23:17:59,686 INFO c.s.b.s.b.a.c.AccessOtpController [http-nio-8080-exec-10] GET /api/access/pending-otp - patient: PAT-2026-0004
2026-05-01 23:17:59,686 INFO c.s.b.s.b.s.c.SubscriptionController [http-nio-8080-exec-1] GET /api/subscription/status for patient: PAT-2026-0004
2026-05-01 23:17:59,690 INFO c.s.b.s.b.s.s.SubscriptionService [http-nio-8080-exec-1] Fetching subscription status for patient: PAT-2026-0004
2026-05-01 23:17:59,693 INFO c.s.b.s.b.p.c.PrescriptionController [http-nio-8080-exec-4] Found 1 prescriptions for patient ID: PAT-2026-0004
2026-05-01 23:17:59,700 INFO c.s.b.s.b.s.j.JwtAuthenticationFilter [http-nio-8080-exec-9] JWT validated successfully for context user: atharv1@gmail.com
2026-05-01 23:17:59,701 INFO c.s.b.s.b.a.c.AccessOtpController [http-nio-8080-exec-9] GET /api/access/pending-otp - patient: PAT-2026-0004
2026-05-01 23:17:59,702 INFO c.s.b.s.b.s.j.JwtAuthenticationFilter [http-nio-8080-exec-7] JWT validated successfully for context user: atharv1@gmail.com
2026-05-01 23:17:59,704 INFO c.s.b.s.b.s.c.SubscriptionController [http-nio-8080-exec-7] GET /api/subscription/status for patient: PAT-2026-0004
2026-05-01 23:17:59,704 INFO c.s.b.s.b.s.s.SubscriptionService [http-nio-8080-exec-7] Fetching subscription status for patient: PAT-2026-0004
2026-05-01 23:17:59,708 INFO c.s.b.s.b.s.j.JwtAuthenticationFilter [http-nio-8080-exec-3] JWT validated successfully for context user: atharv1@gmail.com
2026-05-01 23:17:59,710 INFO c.s.b.s.b.p.c.PrescriptionController [http-nio-8080-exec-3] Fetching prescriptions for patient ID: PAT-2026-0004
2026-05-01 23:17:59,715 INFO c.s.b.s.b.p.c.PrescriptionController [http-nio-8080-exec-3] Found 1 prescriptions for patient ID: PAT-2026-0004
2026-05-01 23:17:59,720 INFO c.s.b.s.b.s.j.JwtAuthenticationFilter [http-nio-8080-exec-5] JWT validated successfully for context user: atharv1@gmail.com
2026-05-01 23:17:59,721 INFO c.s.b.s.b.s.c.SubscriptionController [http-nio-8080-exec-5] GET /api/subscription/status for patient: PAT-2026-0004
2026-05-01 23:17:59,721 INFO c.s.b.s.b.s.s.SubscriptionService [http-nio-8080-exec-5] Fetching subscription status for patient: PAT-2026-0004
2026-05-01 23:17:59,733 INFO c.s.b.s.b.s.j.JwtAuthenticationFilter [http-nio-8080-exec-6] JWT validated successfully for context user: atharv1@gmail.com
2026-05-01 23:17:59,734 INFO c.s.b.s.b.s.c.SubscriptionController [http-nio-8080-exec-6] GET /api/subscription/status for patient: PAT-2026-0004
2026-05-01 23:17:59,735 INFO c.s.b.s.b.s.s.SubscriptionService [http-nio-8080-exec-6] Fetching subscription status for patient: PAT-2026-0004
2026-05-01 23:18:00,553 INFO c.s.b.s.b.s.j.JwtAuthenticationFilter [http-nio-8080-exec-8] JWT validated successfully for context user: atharv1@gmail.com
2026-05-01 23:18:00,553 INFO c.s.b.s.b.s.j.JwtAuthenticationFilter [http-nio-8080-exec-10] JWT validated successfully for context user: atharv1@gmail.com
2026-05-01 23:18:00,553 INFO c.s.b.s.b.s.j.JwtAuthenticationFilter [http-nio-8080-exec-2] JWT validated successfully for context user: atharv1@gmail.com
2026-05-01 23:18:00,555 INFO c.s.b.s.b.s.c.SubscriptionController [http-nio-8080-exec-8] GET /api/subscription/status for patient: PAT-2026-0004
2026-05-01 23:18:00,555 INFO c.s.b.s.b.p.c.PrescriptionController [http-nio-8080-exec-2] Fetching prescriptions for patient ID: PAT-2026-0004
2026-05-01 23:18:00,555 INFO c.s.b.s.b.a.c.AccessOtpController [http-nio-8080-exec-10] GET /api/access/pending-otp - patient: PAT-2026-0004
2026-05-01 23:18:00,555 INFO c.s.b.s.b.s.s.SubscriptionService [http-nio-8080-exec-8] Fetching subscription status for patient: PAT-2026-0004
2026-05-01 23:18:00,558 INFO c.s.b.s.b.p.c.PrescriptionController [http-nio-8080-exec-2] Found 1 prescriptions for patient ID: PAT-2026-0004
2026-05-01 23:18:00,565 INFO c.s.b.s.b.s.j.JwtAuthenticationFilter [http-nio-8080-exec-4] JWT validated successfully for context user: atharv1@gmail.com
2026-05-01 23:18:00,566 INFO c.s.b.s.b.s.j.JwtAuthenticationFilter [http-nio-8080-exec-1] JWT validated successfully for context user: atharv1@gmail.com
2026-05-01 23:18:00,567 INFO c.s.b.s.b.s.c.SubscriptionController [http-nio-8080-exec-4] GET /api/subscription/status for patient: PAT-2026-0004
2026-05-01 23:18:00,569 INFO c.s.b.s.b.a.c.AccessOtpController [http-nio-8080-exec-1] GET /api/access/pending-otp - patient: PAT-2026-0004
2026-05-01 23:18:00,569 INFO c.s.b.s.b.s.s.SubscriptionService [http-nio-8080-exec-4] Fetching subscription status for patient: PAT-2026-0004
2026-05-01 23:18:00,579 INFO c.s.b.s.b.s.j.JwtAuthenticationFilter [http-nio-8080-exec-9] JWT validated successfully for context user: atharv1@gmail.com
2026-05-01 23:18:00,582 INFO c.s.b.s.b.p.c.PrescriptionController [http-nio-8080-exec-9] Fetching prescriptions for patient ID: PAT-2026-0004
2026-05-01 23:18:00,588 INFO c.s.b.s.b.p.c.PrescriptionController [http-nio-8080-exec-9] Found 1 prescriptions for patient ID: PAT-2026-0004
2026-05-01 23:18:00,592 INFO c.s.b.s.b.s.j.JwtAuthenticationFilter [http-nio-8080-exec-7] JWT validated successfully for context user: atharv1@gmail.com
2026-05-01 23:18:00,594 INFO c.s.b.s.b.s.c.SubscriptionController [http-nio-8080-exec-7] GET /api/subscription/status for patient: PAT-2026-0004
2026-05-01 23:18:00,595 INFO c.s.b.s.b.s.s.SubscriptionService [http-nio-8080-exec-7] Fetching subscription status for patient: PAT-2026-0004
2026-05-01 23:18:00,613 INFO c.s.b.s.b.s.j.JwtAuthenticationFilter [http-nio-8080-exec-3] JWT validated successfully for context user: atharv1@gmail.com
2026-05-01 23:18:00,614 INFO c.s.b.s.b.s.c.SubscriptionController [http-nio-8080-exec-3] GET /api/subscription/status for patient: PAT-2026-0004
2026-05-01 23:18:00,615 INFO c.s.b.s.b.s.s.SubscriptionService [http-nio-8080-exec-3] Fetching subscription status for patient: PAT-2026-0004
2026-05-01 23:18:08,535 INFO c.s.b.s.b.s.j.JwtAuthenticationFilter [http-nio-8080-exec-10] JWT validated successfully for context user: pranavparalkar1@gmail.com
2026-05-01 23:18:08,537 INFO c.s.b.s.b.a.c.AccessOtpController [http-nio-8080-exec-10] POST /api/access/request-otp - doctor: DOC-a48f47f0, patient: PAT-2026-0004
2026-05-01 23:18:08,544 INFO c.s.b.s.b.a.s.AccessOtpService [http-nio-8080-exec-10] OTP generated for doctor DOC-a48f47f0 requesting access to patient PAT-2026-0004. Expires at 2026-05-01T23:20:08.543113100
2026-05-01 23:18:10,552 INFO c.s.b.s.b.s.j.JwtAuthenticationFilter [http-nio-8080-exec-2] JWT validated successfully for context user: atharv1@gmail.com
2026-05-01 23:18:10,553 INFO c.s.b.s.b.a.c.AccessOtpController [http-nio-8080-exec-2] GET /api/access/pending-otp - patient: PAT-2026-0004
2026-05-01 23:18:13,903 INFO c.s.b.s.b.s.j.JwtAuthenticationFilter [http-nio-8080-exec-4] JWT validated successfully for context user: pranavparalkar1@gmail.com
2026-05-01 23:18:13,905 INFO c.s.b.s.b.a.c.AccessOtpController [http-nio-8080-exec-4] POST /api/access/verify-otp - doctor: DOC-a48f47f0, patient: PAT-2026-0004
2026-05-01 23:18:13,915 INFO c.s.b.s.b.a.s.AccessOtpService [http-nio-8080-exec-4] OTP verified. Doctor DOC-a48f47f0 accessed 0 documents for patient PAT-2026-0004 (category: DERMATOLOGY)
2026-05-01 23:18:19,674 INFO c.s.b.s.b.s.j.JwtAuthenticationFilter [http-nio-8080-exec-2] JWT validated successfully for context user: atharv1@gmail.com
2026-05-01 23:18:19,674 INFO c.s.b.s.b.s.j.JwtAuthenticationFilter [http-nio-8080-exec-8] JWT validated successfully for context user: atharv1@gmail.com
2026-05-01 23:18:19,675 INFO c.s.b.s.b.d.c.PatientDocumentController [http-nio-8080-exec-8] GET /api/documents - patient: PAT-2026-0004, category: null
2026-05-01 23:18:19,675 INFO c.s.b.s.b.s.c.SubscriptionController [http-nio-8080-exec-2] GET /api/subscription/status for patient: PAT-2026-0004
2026-05-01 23:18:19,677 INFO c.s.b.s.b.s.s.SubscriptionService [http-nio-8080-exec-2] Fetching subscription status for patient: PAT-2026-0004
2026-05-01 23:18:19,688 INFO c.s.b.s.b.s.j.JwtAuthenticationFilter [http-nio-8080-exec-1] JWT validated successfully for context user: atharv1@gmail.com
2026-05-01 23:18:19,690 INFO c.s.b.s.b.s.c.SubscriptionController [http-nio-8080-exec-1] GET /api/subscription/status for patient: PAT-2026-0004
2026-05-01 23:18:19,691 INFO c.s.b.s.b.s.j.JwtAuthenticationFilter [http-nio-8080-exec-4] JWT validated successfully for context user: atharv1@gmail.com
2026-05-01 23:18:19,691 INFO c.s.b.s.b.s.s.SubscriptionService [http-nio-8080-exec-1] Fetching subscription status for patient: PAT-2026-0004
2026-05-01 23:18:19,692 INFO c.s.b.s.b.d.c.PatientDocumentController [http-nio-8080-exec-4] GET /api/documents - patient: PAT-2026-0004, category: null
2026-05-01 23:18:19,702 INFO c.s.b.s.b.s.j.JwtAuthenticationFilter [http-nio-8080-exec-5] JWT validated successfully for context user: atharv1@gmail.com
2026-05-01 23:18:19,703 INFO c.s.b.s.b.s.c.SubscriptionController [http-nio-8080-exec-5] GET /api/subscription/status for patient: PAT-2026-0004
2026-05-01 23:18:19,703 INFO c.s.b.s.b.s.s.SubscriptionService [http-nio-8080-exec-5] Fetching subscription status for patient: PAT-2026-0004
2026-05-01 23:18:19,717 INFO c.s.b.s.b.s.j.JwtAuthenticationFilter [http-nio-8080-exec-3] JWT validated successfully for context user: atharv1@gmail.com
2026-05-01 23:18:19,719 INFO c.s.b.s.b.s.c.SubscriptionController [http-nio-8080-exec-3] GET /api/subscription/status for patient: PAT-2026-0004
2026-05-01 23:18:19,720 INFO c.s.b.s.b.s.s.SubscriptionService [http-nio-8080-exec-3] Fetching subscription status for patient: PAT-2026-0004
2026-05-01 23:18:19,985 INFO c.s.b.s.b.s.j.JwtAuthenticationFilter [http-nio-8080-exec-10] JWT validated successfully for context user: atharv1@gmail.com
2026-05-01 23:18:19,986 INFO c.s.b.s.b.s.c.SubscriptionController [http-nio-8080-exec-10] GET /api/subscription/status for patient: PAT-2026-0004
2026-05-01 23:18:19,986 INFO c.s.b.s.b.s.s.SubscriptionService [http-nio-8080-exec-10] Fetching subscription status for patient: PAT-2026-0004
2026-05-01 23:18:19,999 INFO c.s.b.s.b.s.j.JwtAuthenticationFilter [http-nio-8080-exec-7] JWT validated successfully for context user: atharv1@gmail.com
2026-05-01 23:18:20,001 INFO c.s.b.s.b.s.c.SubscriptionController [http-nio-8080-exec-7] GET /api/subscription/status for patient: PAT-2026-0004
2026-05-01 23:18:20,001 INFO c.s.b.s.b.s.s.SubscriptionService [http-nio-8080-exec-7] Fetching subscription status for patient: PAT-2026-0004
2026-05-01 23:18:20,016 INFO c.s.b.s.b.s.j.JwtAuthenticationFilter [http-nio-8080-exec-9] JWT validated successfully for context user: atharv1@gmail.com
2026-05-01 23:18:20,017 INFO c.s.b.s.b.s.c.SubscriptionController [http-nio-8080-exec-9] GET /api/subscription/status for patient: PAT-2026-0004
2026-05-01 23:18:20,018 INFO c.s.b.s.b.s.s.SubscriptionService [http-nio-8080-exec-9] Fetching subscription status for patient: PAT-2026-0004
2026-05-01 23:18:20,030 INFO c.s.b.s.b.s.j.JwtAuthenticationFilter [http-nio-8080-exec-6] JWT validated successfully for context user: atharv1@gmail.com
2026-05-01 23:18:20,032 INFO c.s.b.s.b.s.c.SubscriptionController [http-nio-8080-exec-6] GET /api/subscription/status for patient: PAT-2026-0004
2026-05-01 23:18:20,032 INFO c.s.b.s.b.s.s.SubscriptionService [http-nio-8080-exec-6] Fetching subscription status for patient: PAT-2026-0004
2026-05-01 23:18:20,577 INFO c.s.b.s.b.s.j.JwtAuthenticationFilter [http-nio-8080-exec-2] JWT validated successfully for context user: atharv1@gmail.com
2026-05-01 23:18:20,577 INFO c.s.b.s.b.s.j.JwtAuthenticationFilter [http-nio-8080-exec-8] JWT validated successfully for context user: atharv1@gmail.com
2026-05-01 23:18:20,578 INFO c.s.b.s.b.s.c.SubscriptionController [http-nio-8080-exec-8] GET /api/subscription/status for patient: PAT-2026-0004
2026-05-01 23:18:20,578 INFO c.s.b.s.b.d.c.PatientDocumentController [http-nio-8080-exec-2] GET /api/documents - patient: PAT-2026-0004, category: null
2026-05-01 23:18:20,580 INFO c.s.b.s.b.s.s.SubscriptionService [http-nio-8080-exec-8] Fetching subscription status for patient: PAT-2026-0004
2026-05-01 23:18:20,600 INFO c.s.b.s.b.s.j.JwtAuthenticationFilter [http-nio-8080-exec-1] JWT validated successfully for context user: atharv1@gmail.com
2026-05-01 23:18:20,602 INFO c.s.b.s.b.s.c.SubscriptionController [http-nio-8080-exec-1] GET /api/subscription/status for patient: PAT-2026-0004
2026-05-01 23:18:20,603 INFO c.s.b.s.b.s.j.JwtAuthenticationFilter [http-nio-8080-exec-2] JWT validated successfully for context user: atharv1@gmail.com
2026-05-01 23:18:20,604 INFO c.s.b.s.b.s.s.SubscriptionService [http-nio-8080-exec-1] Fetching subscription status for patient: PAT-2026-0004
2026-05-01 23:18:20,606 INFO c.s.b.s.b.d.c.PatientDocumentController [http-nio-8080-exec-2] GET /api/documents - patient: PAT-2026-0004, category: null
2026-05-01 23:18:20,621 INFO c.s.b.s.b.s.j.JwtAuthenticationFilter [http-nio-8080-exec-5] JWT validated successfully for context user: atharv1@gmail.com
2026-05-01 23:18:20,622 INFO c.s.b.s.b.s.c.SubscriptionController [http-nio-8080-exec-5] GET /api/subscription/status for patient: PAT-2026-0004
2026-05-01 23:18:20,623 INFO c.s.b.s.b.s.s.SubscriptionService [http-nio-8080-exec-5] Fetching subscription status for patient: PAT-2026-0004
2026-05-01 23:18:20,640 INFO c.s.b.s.b.s.j.JwtAuthenticationFilter [http-nio-8080-exec-3] JWT validated successfully for context user: atharv1@gmail.com
2026-05-01 23:18:20,643 INFO c.s.b.s.b.s.c.SubscriptionController [http-nio-8080-exec-3] GET /api/subscription/status for patient: PAT-2026-0004
2026-05-01 23:18:20,643 INFO c.s.b.s.b.s.s.SubscriptionService [http-nio-8080-exec-3] Fetching subscription status for patient: PAT-2026-0004
2026-05-01 23:18:21,636 INFO c.s.b.s.b.s.j.JwtAuthenticationFilter [http-nio-8080-exec-7] JWT validated successfully for context user: atharv1@gmail.com
2026-05-01 23:18:21,637 INFO c.s.b.s.b.d.c.PatientDocumentController [http-nio-8080-exec-7] GET /api/documents - patient: PAT-2026-0004, category: DERMATOLOGY
2026-05-01 23:18:29,985 INFO c.s.b.s.b.s.j.JwtAuthenticationFilter [http-nio-8080-exec-6] JWT validated successfully for context user: atharv1@gmail.com
2026-05-01 23:18:29,999 INFO c.s.b.s.b.d.c.PatientDocumentController [http-nio-8080-exec-6] POST /api/documents/upload - patient: PAT-2026-0004, category: DENTAL, file: Resume_Cyber.pdf
2026-05-01 23:18:30,000 INFO c.s.b.s.b.d.s.PatientDocumentService [http-nio-8080-exec-6] Upload request: patientId=PAT-2026-0004, category=DENTAL, file=Resume_Cyber.pdf
2026-05-01 23:18:30,007 INFO c.s.b.s.b.d.s.S3StorageService [http-nio-8080-exec-6] Uploading file to S3: bucket=prescribe-bucket-new, key=atharvatharv-PAT-2026-0004/dental/2683f2ec_Resume_Cyber.pdf, storageClass=STANDARD
2026-05-01 23:18:30,619 INFO c.s.b.s.b.d.s.S3StorageService [http-nio-8080-exec-6] Successfully uploaded file to S3: atharvatharv-PAT-2026-0004/dental/2683f2ec_Resume_Cyber.pdf
2026-05-01 23:18:30,620 INFO c.s.b.s.b.d.s.PatientDocumentService [http-nio-8080-exec-6] Document saved with ID: ed4e7508-bd08-4e47-afab-5af12f2be292
2026-05-01 23:18:30,642 INFO c.s.b.s.b.s.j.JwtAuthenticationFilter [http-nio-8080-exec-2] JWT validated successfully for context user: atharv1@gmail.com
2026-05-01 23:18:30,644 INFO c.s.b.s.b.d.c.PatientDocumentController [http-nio-8080-exec-2] GET /api/documents - patient: PAT-2026-0004, category: DERMATOLOGY
2026-05-01 23:18:30,649 INFO c.s.b.s.b.s.j.JwtAuthenticationFilter [http-nio-8080-exec-1] JWT validated successfully for context user: atharv1@gmail.com
2026-05-01 23:18:30,651 INFO c.s.b.s.b.d.c.PatientDocumentController [http-nio-8080-exec-1] GET /api/documents - patient: PAT-2026-0004, category: null
2026-05-01 23:18:44,097 INFO c.s.b.s.b.s.j.JwtAuthenticationFilter [http-nio-8080-exec-3] JWT validated successfully for context user: pranavparalkar1@gmail.com
2026-05-01 23:18:44,099 INFO c.s.b.s.b.a.c.AccessOtpController [http-nio-8080-exec-3] POST /api/access/request-otp - doctor: DOC-a48f47f0, patient: PAT-2026-0004
2026-05-01 23:18:44,107 INFO c.s.b.s.b.a.s.AccessOtpService [http-nio-8080-exec-3] OTP generated for doctor DOC-a48f47f0 requesting access to patient PAT-2026-0004. Expires at 2026-05-01T23:20:44.106798700
2026-05-01 23:18:47,933 INFO c.s.b.s.b.s.j.JwtAuthenticationFilter [http-nio-8080-exec-4] JWT validated successfully for context user: atharv1@gmail.com
2026-05-01 23:18:47,933 INFO c.s.b.s.b.s.j.JwtAuthenticationFilter [http-nio-8080-exec-1] JWT validated successfully for context user: atharv1@gmail.com
2026-05-01 23:18:47,933 INFO c.s.b.s.b.s.j.JwtAuthenticationFilter [http-nio-8080-exec-2] JWT validated successfully for context user: atharv1@gmail.com
2026-05-01 23:18:47,933 INFO c.s.b.s.b.s.c.SubscriptionController [http-nio-8080-exec-4] GET /api/subscription/status for patient: PAT-2026-0004
2026-05-01 23:18:47,934 INFO c.s.b.s.b.a.c.AccessOtpController [http-nio-8080-exec-2] GET /api/access/pending-otp - patient: PAT-2026-0004
2026-05-01 23:18:47,934 INFO c.s.b.s.b.p.c.PrescriptionController [http-nio-8080-exec-1] Fetching prescriptions for patient ID: PAT-2026-0004
2026-05-01 23:18:47,934 INFO c.s.b.s.b.s.s.SubscriptionService [http-nio-8080-exec-4] Fetching subscription status for patient: PAT-2026-0004
2026-05-01 23:18:47,941 INFO c.s.b.s.b.p.c.PrescriptionController [http-nio-8080-exec-1] Found 1 prescriptions for patient ID: PAT-2026-0004
2026-05-01 23:18:47,947 INFO c.s.b.s.b.s.j.JwtAuthenticationFilter [http-nio-8080-exec-3] JWT validated successfully for context user: atharv1@gmail.com
2026-05-01 23:18:47,947 INFO c.s.b.s.b.s.j.JwtAuthenticationFilter [http-nio-8080-exec-5] JWT validated successfully for context user: atharv1@gmail.com
2026-05-01 23:18:47,951 INFO c.s.b.s.b.a.c.AccessOtpController [http-nio-8080-exec-3] GET /api/access/pending-otp - patient: PAT-2026-0004
2026-05-01 23:18:47,951 INFO c.s.b.s.b.s.c.SubscriptionController [http-nio-8080-exec-5] GET /api/subscription/status for patient: PAT-2026-0004
2026-05-01 23:18:47,953 INFO c.s.b.s.b.s.s.SubscriptionService [http-nio-8080-exec-5] Fetching subscription status for patient: PAT-2026-0004
2026-05-01 23:18:47,955 INFO c.s.b.s.b.s.j.JwtAuthenticationFilter [http-nio-8080-exec-6] JWT validated successfully for context user: atharv1@gmail.com
2026-05-01 23:18:47,957 INFO c.s.b.s.b.p.c.PrescriptionController [http-nio-8080-exec-6] Fetching prescriptions for patient ID: PAT-2026-0004
2026-05-01 23:18:47,963 INFO c.s.b.s.b.p.c.PrescriptionController [http-nio-8080-exec-6] Found 1 prescriptions for patient ID: PAT-2026-0004
2026-05-01 23:18:47,968 INFO c.s.b.s.b.s.j.JwtAuthenticationFilter [http-nio-8080-exec-9] JWT validated successfully for context user: atharv1@gmail.com
2026-05-01 23:18:47,968 INFO c.s.b.s.b.s.c.SubscriptionController [http-nio-8080-exec-9] GET /api/subscription/status for patient: PAT-2026-0004
2026-05-01 23:18:47,969 INFO c.s.b.s.b.s.s.SubscriptionService [http-nio-8080-exec-9] Fetching subscription status for patient: PAT-2026-0004
2026-05-01 23:18:47,979 INFO c.s.b.s.b.s.j.JwtAuthenticationFilter [http-nio-8080-exec-8] JWT validated successfully for context user: atharv1@gmail.com
2026-05-01 23:18:47,980 INFO c.s.b.s.b.s.c.SubscriptionController [http-nio-8080-exec-8] GET /api/subscription/status for patient: PAT-2026-0004
2026-05-01 23:18:47,981 INFO c.s.b.s.b.s.s.SubscriptionService [http-nio-8080-exec-8] Fetching subscription status for patient: PAT-2026-0004
2026-05-01 23:18:51,414 INFO c.s.b.s.b.s.j.JwtAuthenticationFilter [http-nio-8080-exec-7] JWT validated successfully for context user: pranavparalkar1@gmail.com
2026-05-01 23:18:51,417 INFO c.s.b.s.b.a.c.AccessOtpController [http-nio-8080-exec-7] POST /api/access/verify-otp - doctor: DOC-a48f47f0, patient: PAT-2026-0004
2026-05-01 23:18:51,432 INFO c.s.b.s.b.a.s.AccessOtpService [http-nio-8080-exec-7] OTP verified. Doctor DOC-a48f47f0 accessed 0 documents for patient PAT-2026-0004 (category: DERMATOLOGY)
2026-05-01 23:18:57,929 INFO c.s.b.s.b.s.j.JwtAuthenticationFilter [http-nio-8080-exec-2] JWT validated successfully for context user: atharv1@gmail.com
2026-05-01 23:18:57,931 INFO c.s.b.s.b.a.c.AccessOtpController [http-nio-8080-exec-2] GET /api/access/pending-otp - patient: PAT-2026-0004
2026-05-01 23:18:58,837 INFO c.s.b.s.b.s.j.JwtAuthenticationFilter [http-nio-8080-exec-10] JWT validated successfully for context user: atharv1@gmail.com
2026-05-01 23:18:58,837 INFO c.s.b.s.b.s.j.JwtAuthenticationFilter [http-nio-8080-exec-8] JWT validated successfully for context user: atharv1@gmail.com
2026-05-01 23:18:58,839 INFO c.s.b.s.b.s.c.SubscriptionController [http-nio-8080-exec-10] GET /api/subscription/status for patient: PAT-2026-0004
2026-05-01 23:18:58,839 INFO c.s.b.s.b.d.c.PatientDocumentController [http-nio-8080-exec-8] GET /api/documents - patient: PAT-2026-0004, category: null
2026-05-01 23:18:58,839 INFO c.s.b.s.b.s.s.SubscriptionService [http-nio-8080-exec-10] Fetching subscription status for patient: PAT-2026-0004
2026-05-01 23:18:58,886 INFO c.s.b.s.b.s.j.JwtAuthenticationFilter [http-nio-8080-exec-7] JWT validated successfully for context user: atharv1@gmail.com
2026-05-01 23:18:58,889 INFO c.s.b.s.b.s.c.SubscriptionController [http-nio-8080-exec-7] GET /api/subscription/status for patient: PAT-2026-0004
2026-05-01 23:18:58,891 INFO c.s.b.s.b.s.j.JwtAuthenticationFilter [http-nio-8080-exec-4] JWT validated successfully for context user: atharv1@gmail.com
2026-05-01 23:18:58,894 INFO c.s.b.s.b.s.s.SubscriptionService [http-nio-8080-exec-7] Fetching subscription status for patient: PAT-2026-0004
2026-05-01 23:18:58,894 INFO c.s.b.s.b.d.c.PatientDocumentController [http-nio-8080-exec-4] GET /api/documents - patient: PAT-2026-0004, category: null
2026-05-01 23:18:58,923 INFO c.s.b.s.b.s.j.JwtAuthenticationFilter [http-nio-8080-exec-2] JWT validated successfully for context user: atharv1@gmail.com
2026-05-01 23:18:58,925 INFO c.s.b.s.b.s.c.SubscriptionController [http-nio-8080-exec-2] GET /api/subscription/status for patient: PAT-2026-0004
2026-05-01 23:18:58,925 INFO c.s.b.s.b.s.s.SubscriptionService [http-nio-8080-exec-2] Fetching subscription status for patient: PAT-2026-0004
2026-05-01 23:18:58,938 INFO c.s.b.s.b.s.j.JwtAuthenticationFilter [http-nio-8080-exec-6] JWT validated successfully for context user: atharv1@gmail.com
2026-05-01 23:18:58,939 INFO c.s.b.s.b.s.c.SubscriptionController [http-nio-8080-exec-6] GET /api/subscription/status for patient: PAT-2026-0004
2026-05-01 23:18:58,939 INFO c.s.b.s.b.s.s.SubscriptionService [http-nio-8080-exec-6] Fetching subscription status for patient: PAT-2026-0004
2026-05-01 23:19:06,626 INFO c.s.b.s.b.s.j.JwtAuthenticationFilter [http-nio-8080-exec-1] JWT validated successfully for context user: atharv1@gmail.com
2026-05-01 23:19:06,628 INFO c.s.b.s.b.d.c.PatientDocumentController [http-nio-8080-exec-1] GET /api/documents - patient: PAT-2026-0004, category: DERMATOLOGY
2026-05-01 23:19:14,722 INFO c.s.b.s.b.s.j.JwtAuthenticationFilter [http-nio-8080-exec-10] JWT validated successfully for context user: pranavparalkar1@gmail.com
2026-05-01 23:19:14,723 INFO c.s.b.s.b.p.c.PrescriptionController [http-nio-8080-exec-10] Fetching prescriptions for doctor ID: DOC-a48f47f0
2026-05-01 23:19:14,729 INFO c.s.b.s.b.p.c.PrescriptionController [http-nio-8080-exec-10] Found 1 prescriptions for doctor ID: DOC-a48f47f0
2026-05-01 23:19:14,740 INFO c.s.b.s.b.s.j.JwtAuthenticationFilter [http-nio-8080-exec-8] JWT validated successfully for context user: pranavparalkar1@gmail.com
2026-05-01 23:19:14,742 INFO c.s.b.s.b.p.c.PrescriptionController [http-nio-8080-exec-8] Fetching prescriptions for doctor ID: DOC-a48f47f0
2026-05-01 23:19:14,748 INFO c.s.b.s.b.p.c.PrescriptionController [http-nio-8080-exec-8] Found 1 prescriptions for doctor ID: DOC-a48f47f0
2026-05-01 23:19:16,267 INFO c.s.b.s.b.s.j.JwtAuthenticationFilter [http-nio-8080-exec-6] JWT validated successfully for context user: pranavparalkar1@gmail.com
2026-05-01 23:19:16,268 INFO c.s.b.s.b.s.j.JwtAuthenticationFilter [http-nio-8080-exec-2] JWT validated successfully for context user: pranavparalkar1@gmail.com
2026-05-01 23:19:16,268 INFO c.s.b.s.b.s.c.DashboardController [http-nio-8080-exec-6] Fetching dashboard statistics
2026-05-01 23:19:16,269 INFO c.s.b.s.b.p.c.PrescriptionController [http-nio-8080-exec-2] Fetching prescriptions for doctor ID: DOC-a48f47f0
2026-05-01 23:19:16,274 INFO c.s.b.s.b.p.c.PrescriptionController [http-nio-8080-exec-2] Found 1 prescriptions for doctor ID: DOC-a48f47f0
2026-05-01 23:19:16,279 INFO c.s.b.s.b.s.s.DashboardService [http-nio-8080-exec-6] Successfully calculated dashboard statistics: totalPatients=4, totalDoctors=3, verifiedDoctors=0
2026-05-01 23:19:16,285 INFO c.s.b.s.b.s.j.JwtAuthenticationFilter [http-nio-8080-exec-3] JWT validated successfully for context user: pranavparalkar1@gmail.com
2026-05-01 23:19:16,286 INFO c.s.b.s.b.p.c.PrescriptionController [http-nio-8080-exec-3] Fetching prescriptions for doctor ID: DOC-a48f47f0
2026-05-01 23:19:16,289 INFO c.s.b.s.b.s.j.JwtAuthenticationFilter [http-nio-8080-exec-1] JWT validated successfully for context user: pranavparalkar1@gmail.com
2026-05-01 23:19:16,289 INFO c.s.b.s.b.s.c.DashboardController [http-nio-8080-exec-1] Fetching dashboard statistics
2026-05-01 23:19:16,291 INFO c.s.b.s.b.p.c.PrescriptionController [http-nio-8080-exec-3] Found 1 prescriptions for doctor ID: DOC-a48f47f0
2026-05-01 23:19:16,298 INFO c.s.b.s.b.s.s.DashboardService [http-nio-8080-exec-1] Successfully calculated dashboard statistics: totalPatients=4, totalDoctors=3, verifiedDoctors=0
2026-05-01 23:19:22,532 INFO c.s.b.s.b.s.j.JwtAuthenticationFilter [http-nio-8080-exec-8] JWT validated successfully for context user: pranavparalkar1@gmail.com
2026-05-01 23:19:22,534 INFO c.s.b.s.b.p.c.PrescriptionController [http-nio-8080-exec-8] Fetching prescriptions for doctor ID: DOC-a48f47f0
2026-05-01 23:19:22,539 INFO c.s.b.s.b.p.c.PrescriptionController [http-nio-8080-exec-8] Found 1 prescriptions for doctor ID: DOC-a48f47f0
2026-05-01 23:19:22,547 INFO c.s.b.s.b.s.j.JwtAuthenticationFilter [http-nio-8080-exec-7] JWT validated successfully for context user: pranavparalkar1@gmail.com
2026-05-01 23:19:22,549 INFO c.s.b.s.b.p.c.PrescriptionController [http-nio-8080-exec-7] Fetching prescriptions for doctor ID: DOC-a48f47f0
2026-05-01 23:19:22,553 INFO c.s.b.s.b.p.c.PrescriptionController [http-nio-8080-exec-7] Found 1 prescriptions for doctor ID: DOC-a48f47f0
2026-05-01 23:19:24,279 INFO c.s.b.s.b.s.j.JwtAuthenticationFilter [http-nio-8080-exec-3] JWT validated successfully for context user: pranavparalkar1@gmail.com
2026-05-01 23:19:24,279 INFO c.s.b.s.b.s.j.JwtAuthenticationFilter [http-nio-8080-exec-6] JWT validated successfully for context user: pranavparalkar1@gmail.com
2026-05-01 23:19:24,279 INFO c.s.b.s.b.s.c.DashboardController [http-nio-8080-exec-3] Fetching dashboard statistics
2026-05-01 23:19:24,280 INFO c.s.b.s.b.p.c.PrescriptionController [http-nio-8080-exec-6] Fetching prescriptions for doctor ID: DOC-a48f47f0
2026-05-01 23:19:24,285 INFO c.s.b.s.b.p.c.PrescriptionController [http-nio-8080-exec-6] Found 1 prescriptions for doctor ID: DOC-a48f47f0
2026-05-01 23:19:24,291 INFO c.s.b.s.b.s.s.DashboardService [http-nio-8080-exec-3] Successfully calculated dashboard statistics: totalPatients=4, totalDoctors=3, verifiedDoctors=0
2026-05-01 23:19:24,296 INFO c.s.b.s.b.s.j.JwtAuthenticationFilter [http-nio-8080-exec-1] JWT validated successfully for context user: pranavparalkar1@gmail.com
2026-05-01 23:19:24,297 INFO c.s.b.s.b.p.c.PrescriptionController [http-nio-8080-exec-1] Fetching prescriptions for doctor ID: DOC-a48f47f0
2026-05-01 23:19:24,297 INFO c.s.b.s.b.s.j.JwtAuthenticationFilter [http-nio-8080-exec-5] JWT validated successfully for context user: pranavparalkar1@gmail.com
2026-05-01 23:19:24,298 INFO c.s.b.s.b.s.c.DashboardController [http-nio-8080-exec-5] Fetching dashboard statistics
2026-05-01 23:19:24,302 INFO c.s.b.s.b.p.c.PrescriptionController [http-nio-8080-exec-1] Found 1 prescriptions for doctor ID: DOC-a48f47f0
2026-05-01 23:19:24,308 INFO c.s.b.s.b.s.s.DashboardService [http-nio-8080-exec-5] Successfully calculated dashboard statistics: totalPatients=4, totalDoctors=3, verifiedDoctors=0
2026-05-01 23:19:24,692 INFO c.s.b.s.b.s.j.JwtAuthenticationFilter [http-nio-8080-exec-10] JWT validated successfully for context user: pranavparalkar1@gmail.com
2026-05-01 23:19:24,694 INFO c.s.b.s.b.p.c.PrescriptionController [http-nio-8080-exec-10] Fetching prescriptions for doctor ID: DOC-a48f47f0
2026-05-01 23:19:24,699 INFO c.s.b.s.b.p.c.PrescriptionController [http-nio-8080-exec-10] Found 1 prescriptions for doctor ID: DOC-a48f47f0
2026-05-01 23:19:24,710 INFO c.s.b.s.b.s.j.JwtAuthenticationFilter [http-nio-8080-exec-9] JWT validated successfully for context user: pranavparalkar1@gmail.com
2026-05-01 23:19:24,711 INFO c.s.b.s.b.p.c.PrescriptionController [http-nio-8080-exec-9] Fetching prescriptions for doctor ID: DOC-a48f47f0
2026-05-01 23:19:24,715 INFO c.s.b.s.b.p.c.PrescriptionController [http-nio-8080-exec-9] Found 1 prescriptions for doctor ID: DOC-a48f47f0
2026-05-01 23:24:38,228 INFO o.s.b.t.GracefulShutdown [SpringApplicationShutdownHook] Commencing graceful shutdown. Waiting for active requests to complete
2026-05-01 23:24:38,238 INFO o.s.b.t.GracefulShutdown [tomcat-shutdown] Graceful shutdown complete
2026-05-01 23:24:38,245 INFO o.s.o.j.AbstractEntityManagerFactoryBean [SpringApplicationShutdownHook] Closing JPA EntityManagerFactory for persistence unit 'default'
2026-05-01 23:24:38,247 INFO c.z.h.HikariDataSource [SpringApplicationShutdownHook] HikariPool-1 - Shutdown initiated...
2026-05-01 23:24:38,250 INFO c.z.h.HikariDataSource [SpringApplicationShutdownHook] HikariPool-1 - Shutdown completed.
2026-05-01 23:24:57,180 INFO o.s.b.StartupInfoLogger [main] Starting BackendApplication using Java 21.0.9 with PID 14348 (C:\Projects\prescribe\backend\target\classes started by Pranav in C:\Projects\prescribe\backend)
2026-05-01 23:24:57,183 INFO o.s.b.SpringApplication [main] No active profile set, falling back to 1 default profile: "default"
2026-05-01 23:24:57,377 INFO o.h.v.i.u.Version [background-preinit] HV000001: Hibernate Validator 9.0.1.Final
2026-05-01 23:24:57,902 INFO o.s.d.r.c.RepositoryConfigurationDelegate [main] Bootstrapping Spring Data JPA repositories in DEFAULT mode.
2026-05-01 23:24:57,993 INFO o.s.d.r.c.RepositoryConfigurationDelegate [main] Finished Spring Data repository scanning in 81 ms. Found 9 JPA repository interfaces.
2026-05-01 23:24:58,507 INFO o.s.b.t.TomcatWebServer [main] Tomcat initialized with port 8080 (http)
2026-05-01 23:24:58,519 INFO o.a.j.l.DirectJDKLog [main] Initializing ProtocolHandler ["http-nio-8080"]
2026-05-01 23:24:58,521 INFO o.a.j.l.DirectJDKLog [main] Starting service [Tomcat]
2026-05-01 23:24:58,521 INFO o.a.j.l.DirectJDKLog [main] Starting Servlet engine: [Apache Tomcat/11.0.18]
2026-05-01 23:24:58,578 INFO o.s.b.w.c.s.WebApplicationContextInitializer [main] Root WebApplicationContext: initialization completed in 1352 ms
2026-05-01 23:24:58,709 INFO o.h.j.i.u.LogHelper [main] HHH008540: Processing PersistenceUnitInfo [name: default]
2026-05-01 23:24:58,759 INFO o.h.Version [main] HHH000001: Hibernate ORM core version 7.2.4.Final
2026-05-01 23:24:59,181 INFO o.s.o.j.p.SpringPersistenceUnitInfo [main] No LoadTimeWeaver setup: ignoring JPA class transformer
2026-05-01 23:24:59,211 INFO c.z.h.HikariDataSource [main] HikariPool-1 - Starting...
2026-05-01 23:25:00,547 WARN o.h.e.j.s.SqlExceptionHelper [main] HHH000247: ErrorCode: 0, SQLState: 28P01
2026-05-01 23:25:00,549 WARN o.h.e.j.s.SqlExceptionHelper [main] FATAL: password authentication failed for user "postgres"
2026-05-01 23:25:00,552 WARN o.h.e.j.e.i.JdbcEnvironmentInitiator [main] HHH100046: Could not obtain connection to query JDBC database metadata
org.hibernate.exception.AuthException: Unable to obtain isolated JDBC connection [FATAL: password authentication failed for user "postgres"] [n/a]
	at org.hibernate.exception.internal.SQLStateConversionDelegate.convert(SQLStateConversionDelegate.java:87)
	at org.hibernate.exception.internal.StandardSQLExceptionConverter.convert(StandardSQLExceptionConverter.java:34)
	at org.hibernate.engine.jdbc.spi.SqlExceptionHelper.convert(SqlExceptionHelper.java:115)
	at org.hibernate.engine.jdbc.spi.SqlExceptionHelper.convert(SqlExceptionHelper.java:101)
	at org.hibernate.resource.transaction.backend.jdbc.internal.JdbcIsolationDelegate.delegateWork(JdbcIsolationDelegate.java:51)
	at org.hibernate.engine.jdbc.env.internal.JdbcEnvironmentInitiator.getJdbcEnvironmentUsingJdbcMetadata(JdbcEnvironmentInitiator.java:366)
	at org.hibernate.engine.jdbc.env.internal.JdbcEnvironmentInitiator.getJdbcEnvironment(JdbcEnvironmentInitiator.java:143)
	at org.hibernate.engine.jdbc.env.internal.JdbcEnvironmentInitiator.initiateService(JdbcEnvironmentInitiator.java:120)
	at org.hibernate.engine.jdbc.env.internal.JdbcEnvironmentInitiator.initiateService(JdbcEnvironmentInitiator.java:80)
	at org.hibernate.boot.registry.internal.StandardServiceRegistryImpl.initiateService(StandardServiceRegistryImpl.java:133)
	at org.hibernate.service.internal.AbstractServiceRegistryImpl.createService(AbstractServiceRegistryImpl.java:260)
	at org.hibernate.service.internal.AbstractServiceRegistryImpl.initializeService(AbstractServiceRegistryImpl.java:235)
	at org.hibernate.service.internal.AbstractServiceRegistryImpl.getService(AbstractServiceRegistryImpl.java:212)
	at org.hibernate.boot.model.relational.Database.<init>(Database.java:44)
	at org.hibernate.boot.internal.InFlightMetadataCollectorImpl.getDatabase(InFlightMetadataCollectorImpl.java:251)
	at org.hibernate.boot.internal.InFlightMetadataCollectorImpl.<init>(InFlightMetadataCollectorImpl.java:203)
	at org.hibernate.boot.model.process.spi.MetadataBuildingProcess.complete(MetadataBuildingProcess.java:170)
	at org.hibernate.jpa.boot.internal.EntityManagerFactoryBuilderImpl.metadata(EntityManagerFactoryBuilderImpl.java:1392)
	at org.hibernate.jpa.boot.internal.EntityManagerFactoryBuilderImpl.populateSessionFactoryBuilder(EntityManagerFactoryBuilderImpl.java:1472)
	at org.hibernate.jpa.boot.internal.EntityManagerFactoryBuilderImpl.build(EntityManagerFactoryBuilderImpl.java:1454)
	at org.springframework.orm.jpa.vendor.SpringHibernateJpaPersistenceProvider.createContainerEntityManagerFactory(SpringHibernateJpaPersistenceProvider.java:93)
	at org.springframework.orm.jpa.LocalContainerEntityManagerFactoryBean.createNativeEntityManagerFactory(LocalContainerEntityManagerFactoryBean.java:443)
	at org.springframework.orm.jpa.AbstractEntityManagerFactoryBean.buildNativeEntityManagerFactory(AbstractEntityManagerFactoryBean.java:436)
	at org.springframework.orm.jpa.AbstractEntityManagerFactoryBean.afterPropertiesSet(AbstractEntityManagerFactoryBean.java:411)
	at org.springframework.orm.jpa.LocalContainerEntityManagerFactoryBean.afterPropertiesSet(LocalContainerEntityManagerFactoryBean.java:419)
	at org.springframework.beans.factory.support.AbstractAutowireCapableBeanFactory.invokeInitMethods(AbstractAutowireCapableBeanFactory.java:1864)
	at org.springframework.beans.factory.support.AbstractAutowireCapableBeanFactory.initializeBean(AbstractAutowireCapableBeanFactory.java:1813)
	at org.springframework.beans.factory.support.AbstractAutowireCapableBeanFactory.doCreateBean(AbstractAutowireCapableBeanFactory.java:603)
	at org.springframework.beans.factory.support.AbstractAutowireCapableBeanFactory.createBean(AbstractAutowireCapableBeanFactory.java:525)
	at org.springframework.beans.factory.support.AbstractBeanFactory.lambda$doGetBean$0(AbstractBeanFactory.java:333)
	at org.springframework.beans.factory.support.DefaultSingletonBeanRegistry.getSingleton(DefaultSingletonBeanRegistry.java:371)
	at org.springframework.beans.factory.support.AbstractBeanFactory.doGetBean(AbstractBeanFactory.java:331)
	at org.springframework.beans.factory.support.AbstractBeanFactory.getBean(AbstractBeanFactory.java:196)
	at org.springframework.beans.factory.support.BeanDefinitionValueResolver.resolveReference(BeanDefinitionValueResolver.java:365)
	at org.springframework.beans.factory.support.BeanDefinitionValueResolver.resolveValueIfNecessary(BeanDefinitionValueResolver.java:135)
	at org.springframework.beans.factory.support.ConstructorResolver.resolveConstructorArguments(ConstructorResolver.java:691)
	at org.springframework.beans.factory.support.ConstructorResolver.instantiateUsingFactoryMethod(ConstructorResolver.java:513)
	at org.springframework.beans.factory.support.AbstractAutowireCapableBeanFactory.instantiateUsingFactoryMethod(AbstractAutowireCapableBeanFactory.java:1362)
	at org.springframework.beans.factory.support.AbstractAutowireCapableBeanFactory.createBeanInstance(AbstractAutowireCapableBeanFactory.java:1194)
	at org.springframework.beans.factory.support.AbstractAutowireCapableBeanFactory.doCreateBean(AbstractAutowireCapableBeanFactory.java:565)
	at org.springframework.beans.factory.support.AbstractAutowireCapableBeanFactory.createBean(AbstractAutowireCapableBeanFactory.java:525)
	at org.springframework.beans.factory.support.AbstractBeanFactory.lambda$doGetBean$0(AbstractBeanFactory.java:333)
	at org.springframework.beans.factory.support.DefaultSingletonBeanRegistry.getSingleton(DefaultSingletonBeanRegistry.java:371)
	at org.springframework.beans.factory.support.AbstractBeanFactory.doGetBean(AbstractBeanFactory.java:331)
	at org.springframework.beans.factory.support.AbstractBeanFactory.getBean(AbstractBeanFactory.java:201)
	at org.springframework.beans.factory.support.BeanDefinitionValueResolver.resolveReference(BeanDefinitionValueResolver.java:356)
	at org.springframework.beans.factory.support.BeanDefinitionValueResolver.resolveValueIfNecessary(BeanDefinitionValueResolver.java:135)
	at org.springframework.beans.factory.support.AbstractAutowireCapableBeanFactory.applyPropertyValues(AbstractAutowireCapableBeanFactory.java:1712)
	at org.springframework.beans.factory.support.AbstractAutowireCapableBeanFactory.populateBean(AbstractAutowireCapableBeanFactory.java:1461)
	at org.springframework.beans.factory.support.AbstractAutowireCapableBeanFactory.doCreateBean(AbstractAutowireCapableBeanFactory.java:602)
	at org.springframework.beans.factory.support.AbstractAutowireCapableBeanFactory.createBean(AbstractAutowireCapableBeanFactory.java:525)
	at org.springframework.beans.factory.support.AbstractBeanFactory.lambda$doGetBean$0(AbstractBeanFactory.java:333)
	at org.springframework.beans.factory.support.DefaultSingletonBeanRegistry.getSingleton(DefaultSingletonBeanRegistry.java:371)
	at org.springframework.beans.factory.support.AbstractBeanFactory.doGetBean(AbstractBeanFactory.java:331)
	at org.springframework.beans.factory.support.AbstractBeanFactory.getBean(AbstractBeanFactory.java:201)
	at org.springframework.beans.factory.support.DefaultListableBeanFactory.resolveBean(DefaultListableBeanFactory.java:1225)
	at org.springframework.beans.factory.support.DefaultListableBeanFactory.doResolveDependency(DefaultListableBeanFactory.java:1704)
	at org.springframework.beans.factory.support.DefaultListableBeanFactory.resolveDependency(DefaultListableBeanFactory.java:1651)
	at org.springframework.beans.factory.support.ConstructorResolver.resolveAutowiredArgument(ConstructorResolver.java:912)
	at org.springframework.beans.factory.support.ConstructorResolver.createArgumentArray(ConstructorResolver.java:791)
	at org.springframework.beans.factory.support.ConstructorResolver.autowireConstructor(ConstructorResolver.java:240)
	at org.springframework.beans.factory.support.AbstractAutowireCapableBeanFactory.autowireConstructor(AbstractAutowireCapableBeanFactory.java:1382)
	at org.springframework.beans.factory.support.AbstractAutowireCapableBeanFactory.createBeanInstance(AbstractAutowireCapableBeanFactory.java:1221)
	at org.springframework.beans.factory.support.AbstractAutowireCapableBeanFactory.doCreateBean(AbstractAutowireCapableBeanFactory.java:565)
	at org.springframework.beans.factory.support.AbstractAutowireCapableBeanFactory.createBean(AbstractAutowireCapableBeanFactory.java:525)
	at org.springframework.beans.factory.support.AbstractBeanFactory.lambda$doGetBean$0(AbstractBeanFactory.java:333)
	at org.springframework.beans.factory.support.DefaultSingletonBeanRegistry.getSingleton(DefaultSingletonBeanRegistry.java:371)
	at org.springframework.beans.factory.support.AbstractBeanFactory.doGetBean(AbstractBeanFactory.java:331)
	at org.springframework.beans.factory.support.AbstractBeanFactory.getBean(AbstractBeanFactory.java:201)
	at org.springframework.beans.factory.config.DependencyDescriptor.resolveCandidate(DependencyDescriptor.java:229)
	at org.springframework.beans.factory.support.DefaultListableBeanFactory.doResolveDependency(DefaultListableBeanFactory.java:1762)
	at org.springframework.beans.factory.support.DefaultListableBeanFactory.resolveDependency(DefaultListableBeanFactory.java:1651)
	at org.springframework.beans.factory.support.ConstructorResolver.resolveAutowiredArgument(ConstructorResolver.java:912)
	at org.springframework.beans.factory.support.ConstructorResolver.createArgumentArray(ConstructorResolver.java:791)
	at org.springframework.beans.factory.support.ConstructorResolver.autowireConstructor(ConstructorResolver.java:240)
	at org.springframework.beans.factory.support.AbstractAutowireCapableBeanFactory.autowireConstructor(AbstractAutowireCapableBeanFactory.java:1382)
	at org.springframework.beans.factory.support.AbstractAutowireCapableBeanFactory.createBeanInstance(AbstractAutowireCapableBeanFactory.java:1221)
	at org.springframework.beans.factory.support.AbstractAutowireCapableBeanFactory.doCreateBean(AbstractAutowireCapableBeanFactory.java:565)
	at org.springframework.beans.factory.support.AbstractAutowireCapableBeanFactory.createBean(AbstractAutowireCapableBeanFactory.java:525)
	at org.springframework.beans.factory.support.AbstractBeanFactory.lambda$doGetBean$0(AbstractBeanFactory.java:333)
	at org.springframework.beans.factory.support.DefaultSingletonBeanRegistry.getSingleton(DefaultSingletonBeanRegistry.java:371)
	at org.springframework.beans.factory.support.AbstractBeanFactory.doGetBean(AbstractBeanFactory.java:331)
	at org.springframework.beans.factory.support.AbstractBeanFactory.getBean(AbstractBeanFactory.java:201)
	at org.springframework.boot.web.servlet.ServletContextInitializerBeans.getOrderedBeansOfType(ServletContextInitializerBeans.java:231)
	at org.springframework.boot.web.servlet.ServletContextInitializerBeans.addAsRegistrationBean(ServletContextInitializerBeans.java:185)
	at org.springframework.boot.web.servlet.ServletContextInitializerBeans.addAsRegistrationBean(ServletContextInitializerBeans.java:180)
	at org.springframework.boot.web.servlet.ServletContextInitializerBeans.addAdaptableBeans(ServletContextInitializerBeans.java:165)
	at org.springframework.boot.web.servlet.ServletContextInitializerBeans.<init>(ServletContextInitializerBeans.java:97)
	at org.springframework.boot.web.context.servlet.WebApplicationContextInitializer.initialize(WebApplicationContextInitializer.java:53)
	at org.springframework.boot.tomcat.servlet.DeferredServletContainerInitializers.onStartup(DeferredServletContainerInitializers.java:55)
	at org.apache.catalina.core.StandardContext.startInternal(StandardContext.java:4416)
	at org.apache.catalina.util.LifecycleBase.start(LifecycleBase.java:164)
	at org.apache.catalina.core.ContainerBase$StartChild.call(ContainerBase.java:1162)
	at org.apache.catalina.core.ContainerBase$StartChild.call(ContainerBase.java:1158)
	at java.base/java.util.concurrent.FutureTask.run(FutureTask.java:317)
	at org.apache.tomcat.util.threads.InlineExecutorService.execute(InlineExecutorService.java:81)
	at java.base/java.util.concurrent.AbstractExecutorService.submit(AbstractExecutorService.java:145)
	at org.apache.catalina.core.ContainerBase.startInternal(ContainerBase.java:714)
	at org.apache.catalina.core.StandardHost.startInternal(StandardHost.java:780)
	at org.apache.catalina.util.LifecycleBase.start(LifecycleBase.java:164)
	at org.apache.catalina.core.ContainerBase$StartChild.call(ContainerBase.java:1162)
	at org.apache.catalina.core.ContainerBase$StartChild.call(ContainerBase.java:1158)
	at java.base/java.util.concurrent.FutureTask.run(FutureTask.java:317)
	at org.apache.tomcat.util.threads.InlineExecutorService.execute(InlineExecutorService.java:81)
	at java.base/java.util.concurrent.AbstractExecutorService.submit(AbstractExecutorService.java:145)
	at org.apache.catalina.core.ContainerBase.startInternal(ContainerBase.java:714)
	at org.apache.catalina.core.StandardEngine.startInternal(StandardEngine.java:201)
	at org.apache.catalina.util.LifecycleBase.start(LifecycleBase.java:164)
	at org.apache.catalina.core.StandardService.startInternal(StandardService.java:410)
	at org.apache.catalina.util.LifecycleBase.start(LifecycleBase.java:164)
	at org.apache.catalina.core.StandardServer.startInternal(StandardServer.java:864)
	at org.apache.catalina.util.LifecycleBase.start(LifecycleBase.java:164)
	at org.apache.catalina.startup.Tomcat.start(Tomcat.java:435)
	at org.springframework.boot.tomcat.TomcatWebServer.initialize(TomcatWebServer.java:131)
	at org.springframework.boot.tomcat.TomcatWebServer.<init>(TomcatWebServer.java:110)
	at org.springframework.boot.tomcat.servlet.TomcatServletWebServerFactory.getTomcatWebServer(TomcatServletWebServerFactory.java:408)
	at org.springframework.boot.tomcat.servlet.TomcatServletWebServerFactory.getWebServer(TomcatServletWebServerFactory.java:166)
	at org.springframework.boot.web.server.servlet.context.ServletWebServerApplicationContext.createWebServer(ServletWebServerApplicationContext.java:190)
	at org.springframework.boot.web.server.servlet.context.ServletWebServerApplicationContext.onRefresh(ServletWebServerApplicationContext.java:164)
	at org.springframework.context.support.AbstractApplicationContext.refresh(AbstractApplicationContext.java:615)
	at org.springframework.boot.web.server.servlet.context.ServletWebServerApplicationContext.refresh(ServletWebServerApplicationContext.java:143)
	at org.springframework.boot.SpringApplication.refresh(SpringApplication.java:756)
	at org.springframework.boot.SpringApplication.refreshContext(SpringApplication.java:445)
	at org.springframework.boot.SpringApplication.run(SpringApplication.java:321)
	at org.springframework.boot.SpringApplication.run(SpringApplication.java:1365)
	at org.springframework.boot.SpringApplication.run(SpringApplication.java:1354)
	at com.spring.boot.super30.backend.BackendApplication.main(BackendApplication.java:10)
Caused by: org.postgresql.util.PSQLException: FATAL: password authentication failed for user "postgres"
	at org.postgresql.core.v3.ConnectionFactoryImpl.doAuthentication(ConnectionFactoryImpl.java:778)
	at org.postgresql.core.v3.ConnectionFactoryImpl.tryConnect(ConnectionFactoryImpl.java:234)
	at org.postgresql.core.v3.ConnectionFactoryImpl.openConnectionImpl(ConnectionFactoryImpl.java:289)
	at org.postgresql.core.ConnectionFactory.openConnection(ConnectionFactory.java:57)
	at org.postgresql.jdbc.PgConnection.<init>(PgConnection.java:290)
	at org.postgresql.Driver.makeConnection(Driver.java:448)
	at org.postgresql.Driver.connect(Driver.java:298)
	at com.zaxxer.hikari.util.DriverDataSource.getConnection(DriverDataSource.java:144)
	at com.zaxxer.hikari.pool.PoolBase.newConnection(PoolBase.java:373)
	at com.zaxxer.hikari.pool.PoolBase.newPoolEntry(PoolBase.java:210)
	at com.zaxxer.hikari.pool.HikariPool.createPoolEntry(HikariPool.java:488)
	at com.zaxxer.hikari.pool.HikariPool.checkFailFast(HikariPool.java:576)
	at com.zaxxer.hikari.pool.HikariPool.<init>(HikariPool.java:97)
	at com.zaxxer.hikari.HikariDataSource.getConnection(HikariDataSource.java:111)
	at org.hibernate.engine.jdbc.connections.internal.DataSourceConnectionProvider.getConnection(DataSourceConnectionProvider.java:137)
	at org.hibernate.engine.jdbc.env.internal.JdbcEnvironmentInitiator$ConnectionProviderJdbcConnectionAccess.obtainConnection(JdbcEnvironmentInitiator.java:508)
	at org.hibernate.resource.transaction.backend.jdbc.internal.JdbcIsolationDelegate.delegateWork(JdbcIsolationDelegate.java:48)
	... 122 common frames omitted
2026-05-01 23:25:00,586 WARN o.h.e.j.d.i.DialectFactoryImpl [main] HHH90000025: PostgreSQLDialect does not need to be specified explicitly using 'hibernate.dialect' (remove the property setting and it will be selected by default)
2026-05-01 23:25:00,604 INFO o.h.e.j.e.i.JdbcEnvironmentInitiator [main] HHH10001005: Database info:
	Database JDBC URL [undefined/unknown]
	Database driver: undefined/unknown
	Database dialect: PostgreSQLDialect
	Database version: 13.0
	Default catalog/schema: unknown/unknown
	Autocommit mode: undefined/unknown
	Isolation level: NONE [default NONE]
	JDBC fetch size: undefined/unknown
	Pool: DataSourceConnectionProvider
	Minimum pool size: undefined/unknown
	Maximum pool size: undefined/unknown
2026-05-01 23:25:03,332 INFO o.h.e.t.j.p.i.JtaPlatformInitiator [main] HHH000489: No JTA platform available (set 'hibernate.transaction.jta.platform' to enable JTA platform integration)
2026-05-01 23:25:03,374 INFO c.z.h.HikariDataSource [main] HikariPool-1 - Starting...
2026-05-01 23:25:04,439 WARN o.h.e.j.s.SqlExceptionHelper [main] HHH000247: ErrorCode: 0, SQLState: 28P01
2026-05-01 23:25:04,441 WARN o.h.e.j.s.SqlExceptionHelper [main] FATAL: password authentication failed for user "postgres"
2026-05-01 23:25:04,451 ERROR o.s.o.j.AbstractEntityManagerFactoryBean [main] Failed to initialize JPA EntityManagerFactory: Unable to build Hibernate SessionFactory  [persistence unit: default] ; nested exception is org.hibernate.exception.AuthException: Unable to open JDBC Connection for DDL execution [FATAL: password authentication failed for user "postgres"] [n/a]
2026-05-01 23:25:04,455 ERROR o.s.b.t.s.DeferredServletContainerInitializers [main] Error starting Tomcat context. Exception: org.springframework.beans.factory.UnsatisfiedDependencyException. Message: Error creating bean with name 'jwtAuthenticationFilter' defined in file [C:\Projects\prescribe\backend\target\classes\com\spring\boot\super30\backend\security\jwt\JwtAuthenticationFilter.class]: Unsatisfied dependency expressed through constructor parameter 1: Error creating bean with name 'customUserDetailsService' defined in file [C:\Projects\prescribe\backend\target\classes\com\spring\boot\super30\backend\security\service\CustomUserDetailsService.class]: Unsatisfied dependency expressed through constructor parameter 0: Error creating bean with name 'userRepository' defined in com.spring.boot.super30.backend.shared.repository.UserRepository defined in @EnableJpaRepositories declared on DataJpaRepositoriesRegistrar.EnableJpaRepositoriesConfiguration: Cannot resolve reference to bean 'jpaSharedEM_entityManagerFactory' while setting bean property 'entityManager'
2026-05-01 23:25:04,513 INFO o.a.j.l.DirectJDKLog [main] Stopping service [Tomcat]
2026-05-01 23:25:04,523 WARN o.s.c.s.AbstractApplicationContext [main] Exception encountered during context initialization - cancelling refresh attempt: org.springframework.context.ApplicationContextException: Unable to start web server
2026-05-01 23:25:04,537 INFO o.s.b.a.l.ConditionEvaluationReportLogger [main] 

Error starting ApplicationContext. To display the condition evaluation report re-run your application with 'debug' enabled.
2026-05-01 23:25:04,568 ERROR o.s.b.SpringApplication [main] Application run failed
org.springframework.context.ApplicationContextException: Unable to start web server
	at org.springframework.boot.web.server.servlet.context.ServletWebServerApplicationContext.onRefresh(ServletWebServerApplicationContext.java:167)
	at org.springframework.context.support.AbstractApplicationContext.refresh(AbstractApplicationContext.java:615)
	at org.springframework.boot.web.server.servlet.context.ServletWebServerApplicationContext.refresh(ServletWebServerApplicationContext.java:143)
	at org.springframework.boot.SpringApplication.refresh(SpringApplication.java:756)
	at org.springframework.boot.SpringApplication.refreshContext(SpringApplication.java:445)
	at org.springframework.boot.SpringApplication.run(SpringApplication.java:321)
	at org.springframework.boot.SpringApplication.run(SpringApplication.java:1365)
	at org.springframework.boot.SpringApplication.run(SpringApplication.java:1354)
	at com.spring.boot.super30.backend.BackendApplication.main(BackendApplication.java:10)
Caused by: org.springframework.boot.web.server.WebServerException: Unable to start embedded Tomcat
	at org.springframework.boot.tomcat.TomcatWebServer.initialize(TomcatWebServer.java:150)
	at org.springframework.boot.tomcat.TomcatWebServer.<init>(TomcatWebServer.java:110)
	at org.springframework.boot.tomcat.servlet.TomcatServletWebServerFactory.getTomcatWebServer(TomcatServletWebServerFactory.java:408)
	at org.springframework.boot.tomcat.servlet.TomcatServletWebServerFactory.getWebServer(TomcatServletWebServerFactory.java:166)
	at org.springframework.boot.web.server.servlet.context.ServletWebServerApplicationContext.createWebServer(ServletWebServerApplicationContext.java:190)
	at org.springframework.boot.web.server.servlet.context.ServletWebServerApplicationContext.onRefresh(ServletWebServerApplicationContext.java:164)
	... 8 common frames omitted
Caused by: org.springframework.beans.factory.UnsatisfiedDependencyException: Error creating bean with name 'jwtAuthenticationFilter' defined in file [C:\Projects\prescribe\backend\target\classes\com\spring\boot\super30\backend\security\jwt\JwtAuthenticationFilter.class]: Unsatisfied dependency expressed through constructor parameter 1: Error creating bean with name 'customUserDetailsService' defined in file [C:\Projects\prescribe\backend\target\classes\com\spring\boot\super30\backend\security\service\CustomUserDetailsService.class]: Unsatisfied dependency expressed through constructor parameter 0: Error creating bean with name 'userRepository' defined in com.spring.boot.super30.backend.shared.repository.UserRepository defined in @EnableJpaRepositories declared on DataJpaRepositoriesRegistrar.EnableJpaRepositoriesConfiguration: Cannot resolve reference to bean 'jpaSharedEM_entityManagerFactory' while setting bean property 'entityManager'
	at org.springframework.beans.factory.support.ConstructorResolver.createArgumentArray(ConstructorResolver.java:804)
	at org.springframework.beans.factory.support.ConstructorResolver.autowireConstructor(ConstructorResolver.java:240)
	at org.springframework.beans.factory.support.AbstractAutowireCapableBeanFactory.autowireConstructor(AbstractAutowireCapableBeanFactory.java:1382)
	at org.springframework.beans.factory.support.AbstractAutowireCapableBeanFactory.createBeanInstance(AbstractAutowireCapableBeanFactory.java:1221)
	at org.springframework.beans.factory.support.AbstractAutowireCapableBeanFactory.doCreateBean(AbstractAutowireCapableBeanFactory.java:565)
	at org.springframework.beans.factory.support.AbstractAutowireCapableBeanFactory.createBean(AbstractAutowireCapableBeanFactory.java:525)
	at org.springframework.beans.factory.support.AbstractBeanFactory.lambda$doGetBean$0(AbstractBeanFactory.java:333)
	at org.springframework.beans.factory.support.DefaultSingletonBeanRegistry.getSingleton(DefaultSingletonBeanRegistry.java:371)
	at org.springframework.beans.factory.support.AbstractBeanFactory.doGetBean(AbstractBeanFactory.java:331)
	at org.springframework.beans.factory.support.AbstractBeanFactory.getBean(AbstractBeanFactory.java:201)
	at org.springframework.boot.web.servlet.ServletContextInitializerBeans.getOrderedBeansOfType(ServletContextInitializerBeans.java:231)
	at org.springframework.boot.web.servlet.ServletContextInitializerBeans.addAsRegistrationBean(ServletContextInitializerBeans.java:185)
	at org.springframework.boot.web.servlet.ServletContextInitializerBeans.addAsRegistrationBean(ServletContextInitializerBeans.java:180)
	at org.springframework.boot.web.servlet.ServletContextInitializerBeans.addAdaptableBeans(ServletContextInitializerBeans.java:165)
	at org.springframework.boot.web.servlet.ServletContextInitializerBeans.<init>(ServletContextInitializerBeans.java:97)
	at org.springframework.boot.web.context.servlet.WebApplicationContextInitializer.initialize(WebApplicationContextInitializer.java:53)
	at org.springframework.boot.tomcat.servlet.DeferredServletContainerInitializers.onStartup(DeferredServletContainerInitializers.java:55)
	at org.apache.catalina.core.StandardContext.startInternal(StandardContext.java:4416)
	at org.apache.catalina.util.LifecycleBase.start(LifecycleBase.java:164)
	at org.apache.catalina.core.ContainerBase$StartChild.call(ContainerBase.java:1162)
	at org.apache.catalina.core.ContainerBase$StartChild.call(ContainerBase.java:1158)
	at java.base/java.util.concurrent.FutureTask.run(FutureTask.java:317)
	at org.apache.tomcat.util.threads.InlineExecutorService.execute(InlineExecutorService.java:81)
	at java.base/java.util.concurrent.AbstractExecutorService.submit(AbstractExecutorService.java:145)
	at org.apache.catalina.core.ContainerBase.startInternal(ContainerBase.java:714)
	at org.apache.catalina.core.StandardHost.startInternal(StandardHost.java:780)
	at org.apache.catalina.util.LifecycleBase.start(LifecycleBase.java:164)
	at org.apache.catalina.core.ContainerBase$StartChild.call(ContainerBase.java:1162)
	at org.apache.catalina.core.ContainerBase$StartChild.call(ContainerBase.java:1158)
	at java.base/java.util.concurrent.FutureTask.run(FutureTask.java:317)
	at org.apache.tomcat.util.threads.InlineExecutorService.execute(InlineExecutorService.java:81)
	at java.base/java.util.concurrent.AbstractExecutorService.submit(AbstractExecutorService.java:145)
	at org.apache.catalina.core.ContainerBase.startInternal(ContainerBase.java:714)
	at org.apache.catalina.core.StandardEngine.startInternal(StandardEngine.java:201)
	at org.apache.catalina.util.LifecycleBase.start(LifecycleBase.java:164)
	at org.apache.catalina.core.StandardService.startInternal(StandardService.java:410)
	at org.apache.catalina.util.LifecycleBase.start(LifecycleBase.java:164)
	at org.apache.catalina.core.StandardServer.startInternal(StandardServer.java:864)
	at org.apache.catalina.util.LifecycleBase.start(LifecycleBase.java:164)
	at org.apache.catalina.startup.Tomcat.start(Tomcat.java:435)
	at org.springframework.boot.tomcat.TomcatWebServer.initialize(TomcatWebServer.java:131)
	... 13 common frames omitted
Caused by: org.springframework.beans.factory.UnsatisfiedDependencyException: Error creating bean with name 'customUserDetailsService' defined in file [C:\Projects\prescribe\backend\target\classes\com\spring\boot\super30\backend\security\service\CustomUserDetailsService.class]: Unsatisfied dependency expressed through constructor parameter 0: Error creating bean with name 'userRepository' defined in com.spring.boot.super30.backend.shared.repository.UserRepository defined in @EnableJpaRepositories declared on DataJpaRepositoriesRegistrar.EnableJpaRepositoriesConfiguration: Cannot resolve reference to bean 'jpaSharedEM_entityManagerFactory' while setting bean property 'entityManager'
	at org.springframework.beans.factory.support.ConstructorResolver.createArgumentArray(ConstructorResolver.java:804)
	at org.springframework.beans.factory.support.ConstructorResolver.autowireConstructor(ConstructorResolver.java:240)
	at org.springframework.beans.factory.support.AbstractAutowireCapableBeanFactory.autowireConstructor(AbstractAutowireCapableBeanFactory.java:1382)
	at org.springframework.beans.factory.support.AbstractAutowireCapableBeanFactory.createBeanInstance(AbstractAutowireCapableBeanFactory.java:1221)
	at org.springframework.beans.factory.support.AbstractAutowireCapableBeanFactory.doCreateBean(AbstractAutowireCapableBeanFactory.java:565)
	at org.springframework.beans.factory.support.AbstractAutowireCapableBeanFactory.createBean(AbstractAutowireCapableBeanFactory.java:525)
	at org.springframework.beans.factory.support.AbstractBeanFactory.lambda$doGetBean$0(AbstractBeanFactory.java:333)
	at org.springframework.beans.factory.support.DefaultSingletonBeanRegistry.getSingleton(DefaultSingletonBeanRegistry.java:371)
	at org.springframework.beans.factory.support.AbstractBeanFactory.doGetBean(AbstractBeanFactory.java:331)
	at org.springframework.beans.factory.support.AbstractBeanFactory.getBean(AbstractBeanFactory.java:201)
	at org.springframework.beans.factory.config.DependencyDescriptor.resolveCandidate(DependencyDescriptor.java:229)
	at org.springframework.beans.factory.support.DefaultListableBeanFactory.doResolveDependency(DefaultListableBeanFactory.java:1762)
	at org.springframework.beans.factory.support.DefaultListableBeanFactory.resolveDependency(DefaultListableBeanFactory.java:1651)
	at org.springframework.beans.factory.support.ConstructorResolver.resolveAutowiredArgument(ConstructorResolver.java:912)
	at org.springframework.beans.factory.support.ConstructorResolver.createArgumentArray(ConstructorResolver.java:791)
	... 53 common frames omitted
Caused by: org.springframework.beans.factory.BeanCreationException: Error creating bean with name 'userRepository' defined in com.spring.boot.super30.backend.shared.repository.UserRepository defined in @EnableJpaRepositories declared on DataJpaRepositoriesRegistrar.EnableJpaRepositoriesConfiguration: Cannot resolve reference to bean 'jpaSharedEM_entityManagerFactory' while setting bean property 'entityManager'
	at org.springframework.beans.factory.support.BeanDefinitionValueResolver.resolveReference(BeanDefinitionValueResolver.java:377)
	at org.springframework.beans.factory.support.BeanDefinitionValueResolver.resolveValueIfNecessary(BeanDefinitionValueResolver.java:135)
	at org.springframework.beans.factory.support.AbstractAutowireCapableBeanFactory.applyPropertyValues(AbstractAutowireCapableBeanFactory.java:1712)
	at org.springframework.beans.factory.support.AbstractAutowireCapableBeanFactory.populateBean(AbstractAutowireCapableBeanFactory.java:1461)
	at org.springframework.beans.factory.support.AbstractAutowireCapableBeanFactory.doCreateBean(AbstractAutowireCapableBeanFactory.java:602)
	at org.springframework.beans.factory.support.AbstractAutowireCapableBeanFactory.createBean(AbstractAutowireCapableBeanFactory.java:525)
	at org.springframework.beans.factory.support.AbstractBeanFactory.lambda$doGetBean$0(AbstractBeanFactory.java:333)
	at org.springframework.beans.factory.support.DefaultSingletonBeanRegistry.getSingleton(DefaultSingletonBeanRegistry.java:371)
	at org.springframework.beans.factory.support.AbstractBeanFactory.doGetBean(AbstractBeanFactory.java:331)
	at org.springframework.beans.factory.support.AbstractBeanFactory.getBean(AbstractBeanFactory.java:201)
	at org.springframework.beans.factory.support.DefaultListableBeanFactory.resolveBean(DefaultListableBeanFactory.java:1225)
	at org.springframework.beans.factory.support.DefaultListableBeanFactory.doResolveDependency(DefaultListableBeanFactory.java:1704)
	at org.springframework.beans.factory.support.DefaultListableBeanFactory.resolveDependency(DefaultListableBeanFactory.java:1651)
	at org.springframework.beans.factory.support.ConstructorResolver.resolveAutowiredArgument(ConstructorResolver.java:912)
	at org.springframework.beans.factory.support.ConstructorResolver.createArgumentArray(ConstructorResolver.java:791)
	... 67 common frames omitted
Caused by: org.springframework.beans.factory.BeanCreationException: Error creating bean with name 'jpaSharedEM_entityManagerFactory': Cannot resolve reference to bean 'entityManagerFactory' while setting constructor argument
	at org.springframework.beans.factory.support.BeanDefinitionValueResolver.resolveReference(BeanDefinitionValueResolver.java:377)
	at org.springframework.beans.factory.support.BeanDefinitionValueResolver.resolveValueIfNecessary(BeanDefinitionValueResolver.java:135)
	at org.springframework.beans.factory.support.ConstructorResolver.resolveConstructorArguments(ConstructorResolver.java:691)
	at org.springframework.beans.factory.support.ConstructorResolver.instantiateUsingFactoryMethod(ConstructorResolver.java:513)
	at org.springframework.beans.factory.support.AbstractAutowireCapableBeanFactory.instantiateUsingFactoryMethod(AbstractAutowireCapableBeanFactory.java:1362)
	at org.springframework.beans.factory.support.AbstractAutowireCapableBeanFactory.createBeanInstance(AbstractAutowireCapableBeanFactory.java:1194)
	at org.springframework.beans.factory.support.AbstractAutowireCapableBeanFactory.doCreateBean(AbstractAutowireCapableBeanFactory.java:565)
	at org.springframework.beans.factory.support.AbstractAutowireCapableBeanFactory.createBean(AbstractAutowireCapableBeanFactory.java:525)
	at org.springframework.beans.factory.support.AbstractBeanFactory.lambda$doGetBean$0(AbstractBeanFactory.java:333)
	at org.springframework.beans.factory.support.DefaultSingletonBeanRegistry.getSingleton(DefaultSingletonBeanRegistry.java:371)
	at org.springframework.beans.factory.support.AbstractBeanFactory.doGetBean(AbstractBeanFactory.java:331)
	at org.springframework.beans.factory.support.AbstractBeanFactory.getBean(AbstractBeanFactory.java:201)
	at org.springframework.beans.factory.support.BeanDefinitionValueResolver.resolveReference(BeanDefinitionValueResolver.java:356)
	... 81 common frames omitted
Caused by: org.springframework.beans.factory.BeanCreationException: Error creating bean with name 'entityManagerFactory' defined in class path resource [org/springframework/boot/hibernate/autoconfigure/HibernateJpaConfiguration.class]: Unable to build Hibernate SessionFactory  [persistence unit: default] ; nested exception is org.hibernate.exception.AuthException: Unable to open JDBC Connection for DDL execution [FATAL: password authentication failed for user "postgres"] [n/a]
	at org.springframework.beans.factory.support.AbstractAutowireCapableBeanFactory.initializeBean(AbstractAutowireCapableBeanFactory.java:1817)
	at org.springframework.beans.factory.support.AbstractAutowireCapableBeanFactory.doCreateBean(AbstractAutowireCapableBeanFactory.java:603)
	at org.springframework.beans.factory.support.AbstractAutowireCapableBeanFactory.createBean(AbstractAutowireCapableBeanFactory.java:525)
	at org.springframework.beans.factory.support.AbstractBeanFactory.lambda$doGetBean$0(AbstractBeanFactory.java:333)
	at org.springframework.beans.factory.support.DefaultSingletonBeanRegistry.getSingleton(DefaultSingletonBeanRegistry.java:371)
	at org.springframework.beans.factory.support.AbstractBeanFactory.doGetBean(AbstractBeanFactory.java:331)
	at org.springframework.beans.factory.support.AbstractBeanFactory.getBean(AbstractBeanFactory.java:196)
	at org.springframework.beans.factory.support.BeanDefinitionValueResolver.resolveReference(BeanDefinitionValueResolver.java:365)
	... 93 common frames omitted
Caused by: jakarta.persistence.PersistenceException: Unable to build Hibernate SessionFactory  [persistence unit: default] ; nested exception is org.hibernate.exception.AuthException: Unable to open JDBC Connection for DDL execution [FATAL: password authentication failed for user "postgres"] [n/a]
	at org.springframework.orm.jpa.AbstractEntityManagerFactoryBean.buildNativeEntityManagerFactory(AbstractEntityManagerFactoryBean.java:448)
	at org.springframework.orm.jpa.AbstractEntityManagerFactoryBean.afterPropertiesSet(AbstractEntityManagerFactoryBean.java:411)
	at org.springframework.orm.jpa.LocalContainerEntityManagerFactoryBean.afterPropertiesSet(LocalContainerEntityManagerFactoryBean.java:419)
	at org.springframework.beans.factory.support.AbstractAutowireCapableBeanFactory.invokeInitMethods(AbstractAutowireCapableBeanFactory.java:1864)
	at org.springframework.beans.factory.support.AbstractAutowireCapableBeanFactory.initializeBean(AbstractAutowireCapableBeanFactory.java:1813)
	... 100 common frames omitted
Caused by: org.hibernate.exception.AuthException: Unable to open JDBC Connection for DDL execution [FATAL: password authentication failed for user "postgres"] [n/a]
	at org.hibernate.exception.internal.SQLStateConversionDelegate.convert(SQLStateConversionDelegate.java:87)
	at org.hibernate.exception.internal.StandardSQLExceptionConverter.convert(StandardSQLExceptionConverter.java:34)
	at org.hibernate.engine.jdbc.spi.SqlExceptionHelper.convert(SqlExceptionHelper.java:115)
	at org.hibernate.engine.jdbc.spi.SqlExceptionHelper.convert(SqlExceptionHelper.java:101)
	at org.hibernate.resource.transaction.backend.jdbc.internal.DdlTransactionIsolatorNonJtaImpl.getIsolatedConnection(DdlTransactionIsolatorNonJtaImpl.java:71)
	at org.hibernate.resource.transaction.backend.jdbc.internal.DdlTransactionIsolatorNonJtaImpl.getIsolatedConnection(DdlTransactionIsolatorNonJtaImpl.java:37)
	at org.hibernate.tool.schema.internal.exec.ImprovedExtractionContextImpl.getJdbcConnection(ImprovedExtractionContextImpl.java:61)
	at org.hibernate.tool.schema.extract.spi.ExtractionContext.getQueryResults(ExtractionContext.java:41)
	at org.hibernate.tool.schema.extract.internal.SequenceInformationExtractorLegacyImpl.extractMetadata(SequenceInformationExtractorLegacyImpl.java:36)
	at org.hibernate.tool.schema.extract.internal.DatabaseInformationImpl.initializeSequences(DatabaseInformationImpl.java:73)
	at org.hibernate.tool.schema.extract.internal.DatabaseInformationImpl.<init>(DatabaseInformationImpl.java:63)
	at org.hibernate.tool.schema.extract.internal.CachingDatabaseInformationImpl.<init>(CachingDatabaseInformationImpl.java:43)
	at org.hibernate.tool.schema.internal.GroupedSchemaMigratorImpl.buildDatabaseInformation(GroupedSchemaMigratorImpl.java:112)
	at org.hibernate.tool.schema.internal.AbstractSchemaMigrator.doMigration(AbstractSchemaMigrator.java:83)
	at org.hibernate.tool.schema.spi.SchemaManagementToolCoordinator.performDatabaseAction(SchemaManagementToolCoordinator.java:269)
	at org.hibernate.tool.schema.spi.SchemaManagementToolCoordinator.lambda$process$1(SchemaManagementToolCoordinator.java:101)
	at java.base/java.util.HashMap.forEach(HashMap.java:1429)
	at org.hibernate.tool.schema.spi.SchemaManagementToolCoordinator.process(SchemaManagementToolCoordinator.java:100)
	at org.hibernate.boot.internal.SessionFactoryObserverForSchemaExport.sessionFactoryCreated(SessionFactoryObserverForSchemaExport.java:35)
	at org.hibernate.internal.SessionFactoryObserverChain.sessionFactoryCreated(SessionFactoryObserverChain.java:33)
	at org.hibernate.internal.SessionFactoryImpl.<init>(SessionFactoryImpl.java:323)
	at org.hibernate.internal.SessionFactoryRegistry.instantiateSessionFactory(SessionFactoryRegistry.java:64)
	at org.hibernate.boot.internal.SessionFactoryBuilderImpl.build(SessionFactoryBuilderImpl.java:437)
	at org.hibernate.jpa.boot.internal.EntityManagerFactoryBuilderImpl.build(EntityManagerFactoryBuilderImpl.java:1456)
	at org.springframework.orm.jpa.vendor.SpringHibernateJpaPersistenceProvider.createContainerEntityManagerFactory(SpringHibernateJpaPersistenceProvider.java:93)
	at org.springframework.orm.jpa.LocalContainerEntityManagerFactoryBean.createNativeEntityManagerFactory(LocalContainerEntityManagerFactoryBean.java:443)
	at org.springframework.orm.jpa.AbstractEntityManagerFactoryBean.buildNativeEntityManagerFactory(AbstractEntityManagerFactoryBean.java:436)
	... 104 common frames omitted
Caused by: org.postgresql.util.PSQLException: FATAL: password authentication failed for user "postgres"
	at org.postgresql.core.v3.ConnectionFactoryImpl.doAuthentication(ConnectionFactoryImpl.java:778)
	at org.postgresql.core.v3.ConnectionFactoryImpl.tryConnect(ConnectionFactoryImpl.java:234)
	at org.postgresql.core.v3.ConnectionFactoryImpl.openConnectionImpl(ConnectionFactoryImpl.java:289)
	at org.postgresql.core.ConnectionFactory.openConnection(ConnectionFactory.java:57)
	at org.postgresql.jdbc.PgConnection.<init>(PgConnection.java:290)
	at org.postgresql.Driver.makeConnection(Driver.java:448)
	at org.postgresql.Driver.connect(Driver.java:298)
	at com.zaxxer.hikari.util.DriverDataSource.getConnection(DriverDataSource.java:144)
	at com.zaxxer.hikari.pool.PoolBase.newConnection(PoolBase.java:373)
	at com.zaxxer.hikari.pool.PoolBase.newPoolEntry(PoolBase.java:210)
	at com.zaxxer.hikari.pool.HikariPool.createPoolEntry(HikariPool.java:488)
	at com.zaxxer.hikari.pool.HikariPool.checkFailFast(HikariPool.java:576)
	at com.zaxxer.hikari.pool.HikariPool.<init>(HikariPool.java:97)
	at com.zaxxer.hikari.HikariDataSource.getConnection(HikariDataSource.java:111)
	at org.hibernate.engine.jdbc.connections.internal.DataSourceConnectionProvider.getConnection(DataSourceConnectionProvider.java:137)
	at org.hibernate.engine.jdbc.env.internal.JdbcEnvironmentInitiator$ConnectionProviderJdbcConnectionAccess.obtainConnection(JdbcEnvironmentInitiator.java:508)
	at org.hibernate.resource.transaction.backend.jdbc.internal.DdlTransactionIsolatorNonJtaImpl.getIsolatedConnection(DdlTransactionIsolatorNonJtaImpl.java:44)
	... 126 common frames omitted
2026-05-01 23:27:58,996 INFO o.s.b.StartupInfoLogger [main] Starting BackendApplication using Java 21.0.9 with PID 20048 (C:\Projects\prescribe\backend\target\classes started by Pranav in C:\Projects\prescribe\backend)
2026-05-01 23:27:58,999 INFO o.s.b.SpringApplication [main] No active profile set, falling back to 1 default profile: "default"
2026-05-01 23:27:59,192 INFO o.h.v.i.u.Version [background-preinit] HV000001: Hibernate Validator 9.0.1.Final
2026-05-01 23:27:59,712 INFO o.s.d.r.c.RepositoryConfigurationDelegate [main] Bootstrapping Spring Data JPA repositories in DEFAULT mode.
2026-05-01 23:27:59,807 INFO o.s.d.r.c.RepositoryConfigurationDelegate [main] Finished Spring Data repository scanning in 84 ms. Found 9 JPA repository interfaces.
2026-05-01 23:28:00,285 INFO o.s.b.t.TomcatWebServer [main] Tomcat initialized with port 8080 (http)
2026-05-01 23:28:00,296 INFO o.a.j.l.DirectJDKLog [main] Initializing ProtocolHandler ["http-nio-8080"]
2026-05-01 23:28:00,299 INFO o.a.j.l.DirectJDKLog [main] Starting service [Tomcat]
2026-05-01 23:28:00,299 INFO o.a.j.l.DirectJDKLog [main] Starting Servlet engine: [Apache Tomcat/11.0.18]
2026-05-01 23:28:00,357 INFO o.s.b.w.c.s.WebApplicationContextInitializer [main] Root WebApplicationContext: initialization completed in 1311 ms
2026-05-01 23:28:00,486 INFO o.h.j.i.u.LogHelper [main] HHH008540: Processing PersistenceUnitInfo [name: default]
2026-05-01 23:28:00,542 INFO o.h.Version [main] HHH000001: Hibernate ORM core version 7.2.4.Final
2026-05-01 23:28:00,941 INFO o.s.o.j.p.SpringPersistenceUnitInfo [main] No LoadTimeWeaver setup: ignoring JPA class transformer
2026-05-01 23:28:00,970 INFO c.z.h.HikariDataSource [main] HikariPool-1 - Starting...
2026-05-01 23:28:01,129 INFO c.z.h.p.HikariPool [main] HikariPool-1 - Added connection org.postgresql.jdbc.PgConnection@44d84313
2026-05-01 23:28:01,131 INFO c.z.h.HikariDataSource [main] HikariPool-1 - Start completed.
2026-05-01 23:28:01,160 WARN o.h.e.j.d.i.DialectFactoryImpl [main] HHH90000025: PostgreSQLDialect does not need to be specified explicitly using 'hibernate.dialect' (remove the property setting and it will be selected by default)
2026-05-01 23:28:01,184 INFO o.h.e.j.e.i.JdbcEnvironmentInitiator [main] HHH10001005: Database info:
	Database JDBC URL [jdbc:postgresql://localhost:5432/postgres]
	Database driver: PostgreSQL JDBC Driver
	Database dialect: PostgreSQLDialect
	Database version: 18.3
	Default catalog/schema: postgres/public
	Autocommit mode: undefined/unknown
	Isolation level: READ_COMMITTED [default READ_COMMITTED]
	JDBC fetch size: none
	Pool: DataSourceConnectionProvider
	Minimum pool size: undefined/unknown
	Maximum pool size: undefined/unknown
2026-05-01 23:28:02,351 INFO o.h.e.t.j.p.i.JtaPlatformInitiator [main] HHH000489: No JTA platform available (set 'hibernate.transaction.jta.platform' to enable JTA platform integration)
2026-05-01 23:28:02,470 INFO o.s.o.j.AbstractEntityManagerFactoryBean [main] Initialized JPA EntityManagerFactory for persistence unit 'default'
2026-05-01 23:28:02,525 INFO o.s.d.j.r.q.QueryEnhancerFactories [main] Hibernate is in classpath; If applicable, HQL parser will be used.
2026-05-01 23:28:03,382 INFO c.s.b.s.b.s.s.SubscriptionService [main] Razorpay client initialized successfully
2026-05-01 23:28:03,441 INFO o.s.s.c.a.a.c.InitializeAuthenticationProviderBeanManagerConfigurer$InitializeAuthenticationProviderManagerConfigurer [main] Global AuthenticationManager configured with AuthenticationProvider bean with name authenticationProvider
2026-05-01 23:28:03,442 WARN o.s.s.c.a.a.c.InitializeUserDetailsBeanManagerConfigurer$InitializeUserDetailsManagerConfigurer [main] Global AuthenticationManager configured with an AuthenticationProvider bean. UserDetailsService beans will not be used by Spring Security for automatically configuring username/password login. Consider removing the AuthenticationProvider bean. Alternatively, consider using the UserDetailsService in a manually instantiated DaoAuthenticationProvider. If the current configuration is intentional, to turn off this warning, increase the logging level of 'org.springframework.security.config.annotation.authentication.configuration.InitializeUserDetailsBeanManagerConfigurer' to ERROR
2026-05-01 23:28:03,559 WARN o.s.b.j.a.JpaBaseConfiguration$JpaWebConfiguration [main] spring.jpa.open-in-view is enabled by default. Therefore, database queries may be performed during view rendering. Explicitly configure spring.jpa.open-in-view to disable this warning
2026-05-01 23:28:04,019 INFO o.a.j.l.DirectJDKLog [main] Starting ProtocolHandler ["http-nio-8080"]
2026-05-01 23:28:04,028 INFO o.s.b.t.TomcatWebServer [main] Tomcat started on port 8080 (http) with context path '/'
2026-05-01 23:28:04,037 INFO o.s.b.StartupInfoLogger [main] Started BackendApplication in 5.539 seconds (process running for 5.927)
2026-05-01 23:32:47,274 INFO o.s.b.StartupInfoLogger [main] Starting BackendApplication using Java 21.0.9 with PID 20988 (C:\Projects\prescribe\backend\target\classes started by Pranav in C:\Projects\prescribe\backend)
2026-05-01 23:32:47,277 INFO o.s.b.SpringApplication [main] No active profile set, falling back to 1 default profile: "default"
2026-05-01 23:32:47,470 INFO o.h.v.i.u.Version [background-preinit] HV000001: Hibernate Validator 9.0.1.Final
2026-05-01 23:32:47,938 INFO o.s.d.r.c.RepositoryConfigurationDelegate [main] Bootstrapping Spring Data JPA repositories in DEFAULT mode.
2026-05-01 23:32:48,018 INFO o.s.d.r.c.RepositoryConfigurationDelegate [main] Finished Spring Data repository scanning in 72 ms. Found 9 JPA repository interfaces.
2026-05-01 23:32:48,465 INFO o.s.b.t.TomcatWebServer [main] Tomcat initialized with port 8080 (http)
2026-05-01 23:32:48,477 INFO o.a.j.l.DirectJDKLog [main] Initializing ProtocolHandler ["http-nio-8080"]
2026-05-01 23:32:48,479 INFO o.a.j.l.DirectJDKLog [main] Starting service [Tomcat]
2026-05-01 23:32:48,480 INFO o.a.j.l.DirectJDKLog [main] Starting Servlet engine: [Apache Tomcat/11.0.18]
2026-05-01 23:32:48,533 INFO o.s.b.w.c.s.WebApplicationContextInitializer [main] Root WebApplicationContext: initialization completed in 1215 ms
2026-05-01 23:32:48,645 INFO o.h.j.i.u.LogHelper [main] HHH008540: Processing PersistenceUnitInfo [name: default]
2026-05-01 23:32:48,690 INFO o.h.Version [main] HHH000001: Hibernate ORM core version 7.2.4.Final
2026-05-01 23:32:49,100 INFO o.s.o.j.p.SpringPersistenceUnitInfo [main] No LoadTimeWeaver setup: ignoring JPA class transformer
2026-05-01 23:32:49,127 INFO c.z.h.HikariDataSource [main] HikariPool-1 - Starting...
2026-05-01 23:32:49,280 INFO c.z.h.p.HikariPool [main] HikariPool-1 - Added connection org.postgresql.jdbc.PgConnection@44d84313
2026-05-01 23:32:49,283 INFO c.z.h.HikariDataSource [main] HikariPool-1 - Start completed.
2026-05-01 23:32:49,314 WARN o.h.e.j.d.i.DialectFactoryImpl [main] HHH90000025: PostgreSQLDialect does not need to be specified explicitly using 'hibernate.dialect' (remove the property setting and it will be selected by default)
2026-05-01 23:32:49,335 INFO o.h.e.j.e.i.JdbcEnvironmentInitiator [main] HHH10001005: Database info:
	Database JDBC URL [jdbc:postgresql://localhost:5432/postgres]
	Database driver: PostgreSQL JDBC Driver
	Database dialect: PostgreSQLDialect
	Database version: 18.3
	Default catalog/schema: postgres/public
	Autocommit mode: undefined/unknown
	Isolation level: READ_COMMITTED [default READ_COMMITTED]
	JDBC fetch size: none
	Pool: DataSourceConnectionProvider
	Minimum pool size: undefined/unknown
	Maximum pool size: undefined/unknown
2026-05-01 23:32:50,478 INFO o.h.e.t.j.p.i.JtaPlatformInitiator [main] HHH000489: No JTA platform available (set 'hibernate.transaction.jta.platform' to enable JTA platform integration)
2026-05-01 23:32:50,568 INFO o.s.o.j.AbstractEntityManagerFactoryBean [main] Initialized JPA EntityManagerFactory for persistence unit 'default'
2026-05-01 23:32:50,616 INFO o.s.d.j.r.q.QueryEnhancerFactories [main] Hibernate is in classpath; If applicable, HQL parser will be used.
2026-05-01 23:32:51,446 INFO c.s.b.s.b.s.s.SubscriptionService [main] Razorpay client initialized successfully
2026-05-01 23:32:51,500 INFO o.s.s.c.a.a.c.InitializeAuthenticationProviderBeanManagerConfigurer$InitializeAuthenticationProviderManagerConfigurer [main] Global AuthenticationManager configured with AuthenticationProvider bean with name authenticationProvider
2026-05-01 23:32:51,500 WARN o.s.s.c.a.a.c.InitializeUserDetailsBeanManagerConfigurer$InitializeUserDetailsManagerConfigurer [main] Global AuthenticationManager configured with an AuthenticationProvider bean. UserDetailsService beans will not be used by Spring Security for automatically configuring username/password login. Consider removing the AuthenticationProvider bean. Alternatively, consider using the UserDetailsService in a manually instantiated DaoAuthenticationProvider. If the current configuration is intentional, to turn off this warning, increase the logging level of 'org.springframework.security.config.annotation.authentication.configuration.InitializeUserDetailsBeanManagerConfigurer' to ERROR
2026-05-01 23:32:51,618 WARN o.s.b.j.a.JpaBaseConfiguration$JpaWebConfiguration [main] spring.jpa.open-in-view is enabled by default. Therefore, database queries may be performed during view rendering. Explicitly configure spring.jpa.open-in-view to disable this warning
2026-05-01 23:32:52,048 INFO o.a.j.l.DirectJDKLog [main] Starting ProtocolHandler ["http-nio-8080"]
2026-05-01 23:32:52,058 INFO o.s.b.t.TomcatWebServer [main] Tomcat started on port 8080 (http) with context path '/'
2026-05-01 23:32:52,067 INFO o.s.b.StartupInfoLogger [main] Started BackendApplication in 5.301 seconds (process running for 5.711)
2026-05-01 23:35:37,694 INFO o.s.b.t.GracefulShutdown [SpringApplicationShutdownHook] Commencing graceful shutdown. Waiting for active requests to complete
2026-05-01 23:35:37,707 INFO o.s.b.t.GracefulShutdown [tomcat-shutdown] Graceful shutdown complete
2026-05-01 23:35:37,711 INFO o.s.o.j.AbstractEntityManagerFactoryBean [SpringApplicationShutdownHook] Closing JPA EntityManagerFactory for persistence unit 'default'
2026-05-01 23:35:37,717 INFO c.z.h.HikariDataSource [SpringApplicationShutdownHook] HikariPool-1 - Shutdown initiated...
2026-05-01 23:35:37,720 INFO c.z.h.HikariDataSource [SpringApplicationShutdownHook] HikariPool-1 - Shutdown completed.
2026-05-01 23:36:26,662 INFO o.s.b.StartupInfoLogger [main] Starting BackendApplication using Java 21.0.9 with PID 21448 (C:\Projects\prescribe\backend\target\classes started by Pranav in C:\Projects\prescribe\backend)
2026-05-01 23:36:26,666 INFO o.s.b.SpringApplication [main] No active profile set, falling back to 1 default profile: "default"
2026-05-01 23:36:26,841 INFO o.h.v.i.u.Version [background-preinit] HV000001: Hibernate Validator 9.0.1.Final
2026-05-01 23:36:27,331 INFO o.s.d.r.c.RepositoryConfigurationDelegate [main] Bootstrapping Spring Data JPA repositories in DEFAULT mode.
2026-05-01 23:36:27,421 INFO o.s.d.r.c.RepositoryConfigurationDelegate [main] Finished Spring Data repository scanning in 77 ms. Found 9 JPA repository interfaces.
2026-05-01 23:36:27,861 INFO o.s.b.t.TomcatWebServer [main] Tomcat initialized with port 8080 (http)
2026-05-01 23:36:27,870 INFO o.a.j.l.DirectJDKLog [main] Initializing ProtocolHandler ["http-nio-8080"]
2026-05-01 23:36:27,878 INFO o.a.j.l.DirectJDKLog [main] Starting service [Tomcat]
2026-05-01 23:36:27,879 INFO o.a.j.l.DirectJDKLog [main] Starting Servlet engine: [Apache Tomcat/11.0.18]
2026-05-01 23:36:27,935 INFO o.s.b.w.c.s.WebApplicationContextInitializer [main] Root WebApplicationContext: initialization completed in 1233 ms
2026-05-01 23:36:28,050 INFO o.h.j.i.u.LogHelper [main] HHH008540: Processing PersistenceUnitInfo [name: default]
2026-05-01 23:36:28,101 INFO o.h.Version [main] HHH000001: Hibernate ORM core version 7.2.4.Final
2026-05-01 23:36:28,481 INFO o.s.o.j.p.SpringPersistenceUnitInfo [main] No LoadTimeWeaver setup: ignoring JPA class transformer
2026-05-01 23:36:28,512 INFO c.z.h.HikariDataSource [main] HikariPool-1 - Starting...
2026-05-01 23:36:29,630 WARN o.h.e.j.s.SqlExceptionHelper [main] HHH000247: ErrorCode: 0, SQLState: 28P01
2026-05-01 23:36:29,631 WARN o.h.e.j.s.SqlExceptionHelper [main] FATAL: password authentication failed for user "postgres"
2026-05-01 23:36:29,631 WARN o.h.e.j.e.i.JdbcEnvironmentInitiator [main] HHH100046: Could not obtain connection to query JDBC database metadata
org.hibernate.exception.AuthException: Unable to obtain isolated JDBC connection [FATAL: password authentication failed for user "postgres"] [n/a]
	at org.hibernate.exception.internal.SQLStateConversionDelegate.convert(SQLStateConversionDelegate.java:87)
	at org.hibernate.exception.internal.StandardSQLExceptionConverter.convert(StandardSQLExceptionConverter.java:34)
	at org.hibernate.engine.jdbc.spi.SqlExceptionHelper.convert(SqlExceptionHelper.java:115)
	at org.hibernate.engine.jdbc.spi.SqlExceptionHelper.convert(SqlExceptionHelper.java:101)
	at org.hibernate.resource.transaction.backend.jdbc.internal.JdbcIsolationDelegate.delegateWork(JdbcIsolationDelegate.java:51)
	at org.hibernate.engine.jdbc.env.internal.JdbcEnvironmentInitiator.getJdbcEnvironmentUsingJdbcMetadata(JdbcEnvironmentInitiator.java:366)
	at org.hibernate.engine.jdbc.env.internal.JdbcEnvironmentInitiator.getJdbcEnvironment(JdbcEnvironmentInitiator.java:143)
	at org.hibernate.engine.jdbc.env.internal.JdbcEnvironmentInitiator.initiateService(JdbcEnvironmentInitiator.java:120)
	at org.hibernate.engine.jdbc.env.internal.JdbcEnvironmentInitiator.initiateService(JdbcEnvironmentInitiator.java:80)
	at org.hibernate.boot.registry.internal.StandardServiceRegistryImpl.initiateService(StandardServiceRegistryImpl.java:133)
	at org.hibernate.service.internal.AbstractServiceRegistryImpl.createService(AbstractServiceRegistryImpl.java:260)
	at org.hibernate.service.internal.AbstractServiceRegistryImpl.initializeService(AbstractServiceRegistryImpl.java:235)
	at org.hibernate.service.internal.AbstractServiceRegistryImpl.getService(AbstractServiceRegistryImpl.java:212)
	at org.hibernate.boot.model.relational.Database.<init>(Database.java:44)
	at org.hibernate.boot.internal.InFlightMetadataCollectorImpl.getDatabase(InFlightMetadataCollectorImpl.java:251)
	at org.hibernate.boot.internal.InFlightMetadataCollectorImpl.<init>(InFlightMetadataCollectorImpl.java:203)
	at org.hibernate.boot.model.process.spi.MetadataBuildingProcess.complete(MetadataBuildingProcess.java:170)
	at org.hibernate.jpa.boot.internal.EntityManagerFactoryBuilderImpl.metadata(EntityManagerFactoryBuilderImpl.java:1392)
	at org.hibernate.jpa.boot.internal.EntityManagerFactoryBuilderImpl.populateSessionFactoryBuilder(EntityManagerFactoryBuilderImpl.java:1472)
	at org.hibernate.jpa.boot.internal.EntityManagerFactoryBuilderImpl.build(EntityManagerFactoryBuilderImpl.java:1454)
	at org.springframework.orm.jpa.vendor.SpringHibernateJpaPersistenceProvider.createContainerEntityManagerFactory(SpringHibernateJpaPersistenceProvider.java:93)
	at org.springframework.orm.jpa.LocalContainerEntityManagerFactoryBean.createNativeEntityManagerFactory(LocalContainerEntityManagerFactoryBean.java:443)
	at org.springframework.orm.jpa.AbstractEntityManagerFactoryBean.buildNativeEntityManagerFactory(AbstractEntityManagerFactoryBean.java:436)
	at org.springframework.orm.jpa.AbstractEntityManagerFactoryBean.afterPropertiesSet(AbstractEntityManagerFactoryBean.java:411)
	at org.springframework.orm.jpa.LocalContainerEntityManagerFactoryBean.afterPropertiesSet(LocalContainerEntityManagerFactoryBean.java:419)
	at org.springframework.beans.factory.support.AbstractAutowireCapableBeanFactory.invokeInitMethods(AbstractAutowireCapableBeanFactory.java:1864)
	at org.springframework.beans.factory.support.AbstractAutowireCapableBeanFactory.initializeBean(AbstractAutowireCapableBeanFactory.java:1813)
	at org.springframework.beans.factory.support.AbstractAutowireCapableBeanFactory.doCreateBean(AbstractAutowireCapableBeanFactory.java:603)
	at org.springframework.beans.factory.support.AbstractAutowireCapableBeanFactory.createBean(AbstractAutowireCapableBeanFactory.java:525)
	at org.springframework.beans.factory.support.AbstractBeanFactory.lambda$doGetBean$0(AbstractBeanFactory.java:333)
	at org.springframework.beans.factory.support.DefaultSingletonBeanRegistry.getSingleton(DefaultSingletonBeanRegistry.java:371)
	at org.springframework.beans.factory.support.AbstractBeanFactory.doGetBean(AbstractBeanFactory.java:331)
	at org.springframework.beans.factory.support.AbstractBeanFactory.getBean(AbstractBeanFactory.java:196)
	at org.springframework.beans.factory.support.BeanDefinitionValueResolver.resolveReference(BeanDefinitionValueResolver.java:365)
	at org.springframework.beans.factory.support.BeanDefinitionValueResolver.resolveValueIfNecessary(BeanDefinitionValueResolver.java:135)
	at org.springframework.beans.factory.support.ConstructorResolver.resolveConstructorArguments(ConstructorResolver.java:691)
	at org.springframework.beans.factory.support.ConstructorResolver.instantiateUsingFactoryMethod(ConstructorResolver.java:513)
	at org.springframework.beans.factory.support.AbstractAutowireCapableBeanFactory.instantiateUsingFactoryMethod(AbstractAutowireCapableBeanFactory.java:1362)
	at org.springframework.beans.factory.support.AbstractAutowireCapableBeanFactory.createBeanInstance(AbstractAutowireCapableBeanFactory.java:1194)
	at org.springframework.beans.factory.support.AbstractAutowireCapableBeanFactory.doCreateBean(AbstractAutowireCapableBeanFactory.java:565)
	at org.springframework.beans.factory.support.AbstractAutowireCapableBeanFactory.createBean(AbstractAutowireCapableBeanFactory.java:525)
	at org.springframework.beans.factory.support.AbstractBeanFactory.lambda$doGetBean$0(AbstractBeanFactory.java:333)
	at org.springframework.beans.factory.support.DefaultSingletonBeanRegistry.getSingleton(DefaultSingletonBeanRegistry.java:371)
	at org.springframework.beans.factory.support.AbstractBeanFactory.doGetBean(AbstractBeanFactory.java:331)
	at org.springframework.beans.factory.support.AbstractBeanFactory.getBean(AbstractBeanFactory.java:201)
	at org.springframework.beans.factory.support.BeanDefinitionValueResolver.resolveReference(BeanDefinitionValueResolver.java:356)
	at org.springframework.beans.factory.support.BeanDefinitionValueResolver.resolveValueIfNecessary(BeanDefinitionValueResolver.java:135)
	at org.springframework.beans.factory.support.AbstractAutowireCapableBeanFactory.applyPropertyValues(AbstractAutowireCapableBeanFactory.java:1712)
	at org.springframework.beans.factory.support.AbstractAutowireCapableBeanFactory.populateBean(AbstractAutowireCapableBeanFactory.java:1461)
	at org.springframework.beans.factory.support.AbstractAutowireCapableBeanFactory.doCreateBean(AbstractAutowireCapableBeanFactory.java:602)
	at org.springframework.beans.factory.support.AbstractAutowireCapableBeanFactory.createBean(AbstractAutowireCapableBeanFactory.java:525)
	at org.springframework.beans.factory.support.AbstractBeanFactory.lambda$doGetBean$0(AbstractBeanFactory.java:333)
	at org.springframework.beans.factory.support.DefaultSingletonBeanRegistry.getSingleton(DefaultSingletonBeanRegistry.java:371)
	at org.springframework.beans.factory.support.AbstractBeanFactory.doGetBean(AbstractBeanFactory.java:331)
	at org.springframework.beans.factory.support.AbstractBeanFactory.getBean(AbstractBeanFactory.java:201)
	at org.springframework.beans.factory.support.DefaultListableBeanFactory.resolveBean(DefaultListableBeanFactory.java:1225)
	at org.springframework.beans.factory.support.DefaultListableBeanFactory.doResolveDependency(DefaultListableBeanFactory.java:1704)
	at org.springframework.beans.factory.support.DefaultListableBeanFactory.resolveDependency(DefaultListableBeanFactory.java:1651)
	at org.springframework.beans.factory.support.ConstructorResolver.resolveAutowiredArgument(ConstructorResolver.java:912)
	at org.springframework.beans.factory.support.ConstructorResolver.createArgumentArray(ConstructorResolver.java:791)
	at org.springframework.beans.factory.support.ConstructorResolver.autowireConstructor(ConstructorResolver.java:240)
	at org.springframework.beans.factory.support.AbstractAutowireCapableBeanFactory.autowireConstructor(AbstractAutowireCapableBeanFactory.java:1382)
	at org.springframework.beans.factory.support.AbstractAutowireCapableBeanFactory.createBeanInstance(AbstractAutowireCapableBeanFactory.java:1221)
	at org.springframework.beans.factory.support.AbstractAutowireCapableBeanFactory.doCreateBean(AbstractAutowireCapableBeanFactory.java:565)
	at org.springframework.beans.factory.support.AbstractAutowireCapableBeanFactory.createBean(AbstractAutowireCapableBeanFactory.java:525)
	at org.springframework.beans.factory.support.AbstractBeanFactory.lambda$doGetBean$0(AbstractBeanFactory.java:333)
	at org.springframework.beans.factory.support.DefaultSingletonBeanRegistry.getSingleton(DefaultSingletonBeanRegistry.java:371)
	at org.springframework.beans.factory.support.AbstractBeanFactory.doGetBean(AbstractBeanFactory.java:331)
	at org.springframework.beans.factory.support.AbstractBeanFactory.getBean(AbstractBeanFactory.java:201)
	at org.springframework.beans.factory.config.DependencyDescriptor.resolveCandidate(DependencyDescriptor.java:229)
	at org.springframework.beans.factory.support.DefaultListableBeanFactory.doResolveDependency(DefaultListableBeanFactory.java:1762)
	at org.springframework.beans.factory.support.DefaultListableBeanFactory.resolveDependency(DefaultListableBeanFactory.java:1651)
	at org.springframework.beans.factory.support.ConstructorResolver.resolveAutowiredArgument(ConstructorResolver.java:912)
	at org.springframework.beans.factory.support.ConstructorResolver.createArgumentArray(ConstructorResolver.java:791)
	at org.springframework.beans.factory.support.ConstructorResolver.autowireConstructor(ConstructorResolver.java:240)
	at org.springframework.beans.factory.support.AbstractAutowireCapableBeanFactory.autowireConstructor(AbstractAutowireCapableBeanFactory.java:1382)
	at org.springframework.beans.factory.support.AbstractAutowireCapableBeanFactory.createBeanInstance(AbstractAutowireCapableBeanFactory.java:1221)
	at org.springframework.beans.factory.support.AbstractAutowireCapableBeanFactory.doCreateBean(AbstractAutowireCapableBeanFactory.java:565)
	at org.springframework.beans.factory.support.AbstractAutowireCapableBeanFactory.createBean(AbstractAutowireCapableBeanFactory.java:525)
	at org.springframework.beans.factory.support.AbstractBeanFactory.lambda$doGetBean$0(AbstractBeanFactory.java:333)
	at org.springframework.beans.factory.support.DefaultSingletonBeanRegistry.getSingleton(DefaultSingletonBeanRegistry.java:371)
	at org.springframework.beans.factory.support.AbstractBeanFactory.doGetBean(AbstractBeanFactory.java:331)
	at org.springframework.beans.factory.support.AbstractBeanFactory.getBean(AbstractBeanFactory.java:201)
	at org.springframework.boot.web.servlet.ServletContextInitializerBeans.getOrderedBeansOfType(ServletContextInitializerBeans.java:231)
	at org.springframework.boot.web.servlet.ServletContextInitializerBeans.addAsRegistrationBean(ServletContextInitializerBeans.java:185)
	at org.springframework.boot.web.servlet.ServletContextInitializerBeans.addAsRegistrationBean(ServletContextInitializerBeans.java:180)
	at org.springframework.boot.web.servlet.ServletContextInitializerBeans.addAdaptableBeans(ServletContextInitializerBeans.java:165)
	at org.springframework.boot.web.servlet.ServletContextInitializerBeans.<init>(ServletContextInitializerBeans.java:97)
	at org.springframework.boot.web.context.servlet.WebApplicationContextInitializer.initialize(WebApplicationContextInitializer.java:53)
	at org.springframework.boot.tomcat.servlet.DeferredServletContainerInitializers.onStartup(DeferredServletContainerInitializers.java:55)
	at org.apache.catalina.core.StandardContext.startInternal(StandardContext.java:4416)
	at org.apache.catalina.util.LifecycleBase.start(LifecycleBase.java:164)
	at org.apache.catalina.core.ContainerBase$StartChild.call(ContainerBase.java:1162)
	at org.apache.catalina.core.ContainerBase$StartChild.call(ContainerBase.java:1158)
	at java.base/java.util.concurrent.FutureTask.run(FutureTask.java:317)
	at org.apache.tomcat.util.threads.InlineExecutorService.execute(InlineExecutorService.java:81)
	at java.base/java.util.concurrent.AbstractExecutorService.submit(AbstractExecutorService.java:145)
	at org.apache.catalina.core.ContainerBase.startInternal(ContainerBase.java:714)
	at org.apache.catalina.core.StandardHost.startInternal(StandardHost.java:780)
	at org.apache.catalina.util.LifecycleBase.start(LifecycleBase.java:164)
	at org.apache.catalina.core.ContainerBase$StartChild.call(ContainerBase.java:1162)
	at org.apache.catalina.core.ContainerBase$StartChild.call(ContainerBase.java:1158)
	at java.base/java.util.concurrent.FutureTask.run(FutureTask.java:317)
	at org.apache.tomcat.util.threads.InlineExecutorService.execute(InlineExecutorService.java:81)
	at java.base/java.util.concurrent.AbstractExecutorService.submit(AbstractExecutorService.java:145)
	at org.apache.catalina.core.ContainerBase.startInternal(ContainerBase.java:714)
	at org.apache.catalina.core.StandardEngine.startInternal(StandardEngine.java:201)
	at org.apache.catalina.util.LifecycleBase.start(LifecycleBase.java:164)
	at org.apache.catalina.core.StandardService.startInternal(StandardService.java:410)
	at org.apache.catalina.util.LifecycleBase.start(LifecycleBase.java:164)
	at org.apache.catalina.core.StandardServer.startInternal(StandardServer.java:864)
	at org.apache.catalina.util.LifecycleBase.start(LifecycleBase.java:164)
	at org.apache.catalina.startup.Tomcat.start(Tomcat.java:435)
	at org.springframework.boot.tomcat.TomcatWebServer.initialize(TomcatWebServer.java:131)
	at org.springframework.boot.tomcat.TomcatWebServer.<init>(TomcatWebServer.java:110)
	at org.springframework.boot.tomcat.servlet.TomcatServletWebServerFactory.getTomcatWebServer(TomcatServletWebServerFactory.java:408)
	at org.springframework.boot.tomcat.servlet.TomcatServletWebServerFactory.getWebServer(TomcatServletWebServerFactory.java:166)
	at org.springframework.boot.web.server.servlet.context.ServletWebServerApplicationContext.createWebServer(ServletWebServerApplicationContext.java:190)
	at org.springframework.boot.web.server.servlet.context.ServletWebServerApplicationContext.onRefresh(ServletWebServerApplicationContext.java:164)
	at org.springframework.context.support.AbstractApplicationContext.refresh(AbstractApplicationContext.java:615)
	at org.springframework.boot.web.server.servlet.context.ServletWebServerApplicationContext.refresh(ServletWebServerApplicationContext.java:143)
	at org.springframework.boot.SpringApplication.refresh(SpringApplication.java:756)
	at org.springframework.boot.SpringApplication.refreshContext(SpringApplication.java:445)
	at org.springframework.boot.SpringApplication.run(SpringApplication.java:321)
	at org.springframework.boot.SpringApplication.run(SpringApplication.java:1365)
	at org.springframework.boot.SpringApplication.run(SpringApplication.java:1354)
	at com.spring.boot.super30.backend.BackendApplication.main(BackendApplication.java:10)
Caused by: org.postgresql.util.PSQLException: FATAL: password authentication failed for user "postgres"
	at org.postgresql.core.v3.ConnectionFactoryImpl.doAuthentication(ConnectionFactoryImpl.java:778)
	at org.postgresql.core.v3.ConnectionFactoryImpl.tryConnect(ConnectionFactoryImpl.java:234)
	at org.postgresql.core.v3.ConnectionFactoryImpl.openConnectionImpl(ConnectionFactoryImpl.java:289)
	at org.postgresql.core.ConnectionFactory.openConnection(ConnectionFactory.java:57)
	at org.postgresql.jdbc.PgConnection.<init>(PgConnection.java:290)
	at org.postgresql.Driver.makeConnection(Driver.java:448)
	at org.postgresql.Driver.connect(Driver.java:298)
	at com.zaxxer.hikari.util.DriverDataSource.getConnection(DriverDataSource.java:144)
	at com.zaxxer.hikari.pool.PoolBase.newConnection(PoolBase.java:373)
	at com.zaxxer.hikari.pool.PoolBase.newPoolEntry(PoolBase.java:210)
	at com.zaxxer.hikari.pool.HikariPool.createPoolEntry(HikariPool.java:488)
	at com.zaxxer.hikari.pool.HikariPool.checkFailFast(HikariPool.java:576)
	at com.zaxxer.hikari.pool.HikariPool.<init>(HikariPool.java:97)
	at com.zaxxer.hikari.HikariDataSource.getConnection(HikariDataSource.java:111)
	at org.hibernate.engine.jdbc.connections.internal.DataSourceConnectionProvider.getConnection(DataSourceConnectionProvider.java:137)
	at org.hibernate.engine.jdbc.env.internal.JdbcEnvironmentInitiator$ConnectionProviderJdbcConnectionAccess.obtainConnection(JdbcEnvironmentInitiator.java:508)
	at org.hibernate.resource.transaction.backend.jdbc.internal.JdbcIsolationDelegate.delegateWork(JdbcIsolationDelegate.java:48)
	... 122 common frames omitted
2026-05-01 23:36:29,656 WARN o.h.e.j.d.i.DialectFactoryImpl [main] HHH90000025: PostgreSQLDialect does not need to be specified explicitly using 'hibernate.dialect' (remove the property setting and it will be selected by default)
2026-05-01 23:36:29,666 INFO o.h.e.j.e.i.JdbcEnvironmentInitiator [main] HHH10001005: Database info:
	Database JDBC URL [undefined/unknown]
	Database driver: undefined/unknown
	Database dialect: PostgreSQLDialect
	Database version: 13.0
	Default catalog/schema: unknown/unknown
	Autocommit mode: undefined/unknown
	Isolation level: NONE [default NONE]
	JDBC fetch size: undefined/unknown
	Pool: DataSourceConnectionProvider
	Minimum pool size: undefined/unknown
	Maximum pool size: undefined/unknown
2026-05-01 23:36:30,820 INFO o.h.e.t.j.p.i.JtaPlatformInitiator [main] HHH000489: No JTA platform available (set 'hibernate.transaction.jta.platform' to enable JTA platform integration)
2026-05-01 23:36:30,847 INFO c.z.h.HikariDataSource [main] HikariPool-1 - Starting...
2026-05-01 23:36:31,892 WARN o.h.e.j.s.SqlExceptionHelper [main] HHH000247: ErrorCode: 0, SQLState: 28P01
2026-05-01 23:36:31,894 WARN o.h.e.j.s.SqlExceptionHelper [main] FATAL: password authentication failed for user "postgres"
2026-05-01 23:36:31,900 ERROR o.s.o.j.AbstractEntityManagerFactoryBean [main] Failed to initialize JPA EntityManagerFactory: Unable to build Hibernate SessionFactory  [persistence unit: default] ; nested exception is org.hibernate.exception.AuthException: Unable to open JDBC Connection for DDL execution [FATAL: password authentication failed for user "postgres"] [n/a]
2026-05-01 23:36:31,901 ERROR o.s.b.t.s.DeferredServletContainerInitializers [main] Error starting Tomcat context. Exception: org.springframework.beans.factory.UnsatisfiedDependencyException. Message: Error creating bean with name 'jwtAuthenticationFilter' defined in file [C:\Projects\prescribe\backend\target\classes\com\spring\boot\super30\backend\security\jwt\JwtAuthenticationFilter.class]: Unsatisfied dependency expressed through constructor parameter 1: Error creating bean with name 'customUserDetailsService' defined in file [C:\Projects\prescribe\backend\target\classes\com\spring\boot\super30\backend\security\service\CustomUserDetailsService.class]: Unsatisfied dependency expressed through constructor parameter 0: Error creating bean with name 'userRepository' defined in com.spring.boot.super30.backend.shared.repository.UserRepository defined in @EnableJpaRepositories declared on DataJpaRepositoriesRegistrar.EnableJpaRepositoriesConfiguration: Cannot resolve reference to bean 'jpaSharedEM_entityManagerFactory' while setting bean property 'entityManager'
2026-05-01 23:36:31,930 INFO o.a.j.l.DirectJDKLog [main] Stopping service [Tomcat]
2026-05-01 23:36:31,930 WARN o.s.c.s.AbstractApplicationContext [main] Exception encountered during context initialization - cancelling refresh attempt: org.springframework.context.ApplicationContextException: Unable to start web server
2026-05-01 23:36:31,930 INFO o.s.b.a.l.ConditionEvaluationReportLogger [main] 

Error starting ApplicationContext. To display the condition evaluation report re-run your application with 'debug' enabled.
2026-05-01 23:36:31,950 ERROR o.s.b.SpringApplication [main] Application run failed
org.springframework.context.ApplicationContextException: Unable to start web server
	at org.springframework.boot.web.server.servlet.context.ServletWebServerApplicationContext.onRefresh(ServletWebServerApplicationContext.java:167)
	at org.springframework.context.support.AbstractApplicationContext.refresh(AbstractApplicationContext.java:615)
	at org.springframework.boot.web.server.servlet.context.ServletWebServerApplicationContext.refresh(ServletWebServerApplicationContext.java:143)
	at org.springframework.boot.SpringApplication.refresh(SpringApplication.java:756)
	at org.springframework.boot.SpringApplication.refreshContext(SpringApplication.java:445)
	at org.springframework.boot.SpringApplication.run(SpringApplication.java:321)
	at org.springframework.boot.SpringApplication.run(SpringApplication.java:1365)
	at org.springframework.boot.SpringApplication.run(SpringApplication.java:1354)
	at com.spring.boot.super30.backend.BackendApplication.main(BackendApplication.java:10)
Caused by: org.springframework.boot.web.server.WebServerException: Unable to start embedded Tomcat
	at org.springframework.boot.tomcat.TomcatWebServer.initialize(TomcatWebServer.java:150)
	at org.springframework.boot.tomcat.TomcatWebServer.<init>(TomcatWebServer.java:110)
	at org.springframework.boot.tomcat.servlet.TomcatServletWebServerFactory.getTomcatWebServer(TomcatServletWebServerFactory.java:408)
	at org.springframework.boot.tomcat.servlet.TomcatServletWebServerFactory.getWebServer(TomcatServletWebServerFactory.java:166)
	at org.springframework.boot.web.server.servlet.context.ServletWebServerApplicationContext.createWebServer(ServletWebServerApplicationContext.java:190)
	at org.springframework.boot.web.server.servlet.context.ServletWebServerApplicationContext.onRefresh(ServletWebServerApplicationContext.java:164)
	... 8 common frames omitted
Caused by: org.springframework.beans.factory.UnsatisfiedDependencyException: Error creating bean with name 'jwtAuthenticationFilter' defined in file [C:\Projects\prescribe\backend\target\classes\com\spring\boot\super30\backend\security\jwt\JwtAuthenticationFilter.class]: Unsatisfied dependency expressed through constructor parameter 1: Error creating bean with name 'customUserDetailsService' defined in file [C:\Projects\prescribe\backend\target\classes\com\spring\boot\super30\backend\security\service\CustomUserDetailsService.class]: Unsatisfied dependency expressed through constructor parameter 0: Error creating bean with name 'userRepository' defined in com.spring.boot.super30.backend.shared.repository.UserRepository defined in @EnableJpaRepositories declared on DataJpaRepositoriesRegistrar.EnableJpaRepositoriesConfiguration: Cannot resolve reference to bean 'jpaSharedEM_entityManagerFactory' while setting bean property 'entityManager'
	at org.springframework.beans.factory.support.ConstructorResolver.createArgumentArray(ConstructorResolver.java:804)
	at org.springframework.beans.factory.support.ConstructorResolver.autowireConstructor(ConstructorResolver.java:240)
	at org.springframework.beans.factory.support.AbstractAutowireCapableBeanFactory.autowireConstructor(AbstractAutowireCapableBeanFactory.java:1382)
	at org.springframework.beans.factory.support.AbstractAutowireCapableBeanFactory.createBeanInstance(AbstractAutowireCapableBeanFactory.java:1221)
	at org.springframework.beans.factory.support.AbstractAutowireCapableBeanFactory.doCreateBean(AbstractAutowireCapableBeanFactory.java:565)
	at org.springframework.beans.factory.support.AbstractAutowireCapableBeanFactory.createBean(AbstractAutowireCapableBeanFactory.java:525)
	at org.springframework.beans.factory.support.AbstractBeanFactory.lambda$doGetBean$0(AbstractBeanFactory.java:333)
	at org.springframework.beans.factory.support.DefaultSingletonBeanRegistry.getSingleton(DefaultSingletonBeanRegistry.java:371)
	at org.springframework.beans.factory.support.AbstractBeanFactory.doGetBean(AbstractBeanFactory.java:331)
	at org.springframework.beans.factory.support.AbstractBeanFactory.getBean(AbstractBeanFactory.java:201)
	at org.springframework.boot.web.servlet.ServletContextInitializerBeans.getOrderedBeansOfType(ServletContextInitializerBeans.java:231)
	at org.springframework.boot.web.servlet.ServletContextInitializerBeans.addAsRegistrationBean(ServletContextInitializerBeans.java:185)
	at org.springframework.boot.web.servlet.ServletContextInitializerBeans.addAsRegistrationBean(ServletContextInitializerBeans.java:180)
	at org.springframework.boot.web.servlet.ServletContextInitializerBeans.addAdaptableBeans(ServletContextInitializerBeans.java:165)
	at org.springframework.boot.web.servlet.ServletContextInitializerBeans.<init>(ServletContextInitializerBeans.java:97)
	at org.springframework.boot.web.context.servlet.WebApplicationContextInitializer.initialize(WebApplicationContextInitializer.java:53)
	at org.springframework.boot.tomcat.servlet.DeferredServletContainerInitializers.onStartup(DeferredServletContainerInitializers.java:55)
	at org.apache.catalina.core.StandardContext.startInternal(StandardContext.java:4416)
	at org.apache.catalina.util.LifecycleBase.start(LifecycleBase.java:164)
	at org.apache.catalina.core.ContainerBase$StartChild.call(ContainerBase.java:1162)
	at org.apache.catalina.core.ContainerBase$StartChild.call(ContainerBase.java:1158)
	at java.base/java.util.concurrent.FutureTask.run(FutureTask.java:317)
	at org.apache.tomcat.util.threads.InlineExecutorService.execute(InlineExecutorService.java:81)
	at java.base/java.util.concurrent.AbstractExecutorService.submit(AbstractExecutorService.java:145)
	at org.apache.catalina.core.ContainerBase.startInternal(ContainerBase.java:714)
	at org.apache.catalina.core.StandardHost.startInternal(StandardHost.java:780)
	at org.apache.catalina.util.LifecycleBase.start(LifecycleBase.java:164)
	at org.apache.catalina.core.ContainerBase$StartChild.call(ContainerBase.java:1162)
	at org.apache.catalina.core.ContainerBase$StartChild.call(ContainerBase.java:1158)
	at java.base/java.util.concurrent.FutureTask.run(FutureTask.java:317)
	at org.apache.tomcat.util.threads.InlineExecutorService.execute(InlineExecutorService.java:81)
	at java.base/java.util.concurrent.AbstractExecutorService.submit(AbstractExecutorService.java:145)
	at org.apache.catalina.core.ContainerBase.startInternal(ContainerBase.java:714)
	at org.apache.catalina.core.StandardEngine.startInternal(StandardEngine.java:201)
	at org.apache.catalina.util.LifecycleBase.start(LifecycleBase.java:164)
	at org.apache.catalina.core.StandardService.startInternal(StandardService.java:410)
	at org.apache.catalina.util.LifecycleBase.start(LifecycleBase.java:164)
	at org.apache.catalina.core.StandardServer.startInternal(StandardServer.java:864)
	at org.apache.catalina.util.LifecycleBase.start(LifecycleBase.java:164)
	at org.apache.catalina.startup.Tomcat.start(Tomcat.java:435)
	at org.springframework.boot.tomcat.TomcatWebServer.initialize(TomcatWebServer.java:131)
	... 13 common frames omitted
Caused by: org.springframework.beans.factory.UnsatisfiedDependencyException: Error creating bean with name 'customUserDetailsService' defined in file [C:\Projects\prescribe\backend\target\classes\com\spring\boot\super30\backend\security\service\CustomUserDetailsService.class]: Unsatisfied dependency expressed through constructor parameter 0: Error creating bean with name 'userRepository' defined in com.spring.boot.super30.backend.shared.repository.UserRepository defined in @EnableJpaRepositories declared on DataJpaRepositoriesRegistrar.EnableJpaRepositoriesConfiguration: Cannot resolve reference to bean 'jpaSharedEM_entityManagerFactory' while setting bean property 'entityManager'
	at org.springframework.beans.factory.support.ConstructorResolver.createArgumentArray(ConstructorResolver.java:804)
	at org.springframework.beans.factory.support.ConstructorResolver.autowireConstructor(ConstructorResolver.java:240)
	at org.springframework.beans.factory.support.AbstractAutowireCapableBeanFactory.autowireConstructor(AbstractAutowireCapableBeanFactory.java:1382)
	at org.springframework.beans.factory.support.AbstractAutowireCapableBeanFactory.createBeanInstance(AbstractAutowireCapableBeanFactory.java:1221)
	at org.springframework.beans.factory.support.AbstractAutowireCapableBeanFactory.doCreateBean(AbstractAutowireCapableBeanFactory.java:565)
	at org.springframework.beans.factory.support.AbstractAutowireCapableBeanFactory.createBean(AbstractAutowireCapableBeanFactory.java:525)
	at org.springframework.beans.factory.support.AbstractBeanFactory.lambda$doGetBean$0(AbstractBeanFactory.java:333)
	at org.springframework.beans.factory.support.DefaultSingletonBeanRegistry.getSingleton(DefaultSingletonBeanRegistry.java:371)
	at org.springframework.beans.factory.support.AbstractBeanFactory.doGetBean(AbstractBeanFactory.java:331)
	at org.springframework.beans.factory.support.AbstractBeanFactory.getBean(AbstractBeanFactory.java:201)
	at org.springframework.beans.factory.config.DependencyDescriptor.resolveCandidate(DependencyDescriptor.java:229)
	at org.springframework.beans.factory.support.DefaultListableBeanFactory.doResolveDependency(DefaultListableBeanFactory.java:1762)
	at org.springframework.beans.factory.support.DefaultListableBeanFactory.resolveDependency(DefaultListableBeanFactory.java:1651)
	at org.springframework.beans.factory.support.ConstructorResolver.resolveAutowiredArgument(ConstructorResolver.java:912)
	at org.springframework.beans.factory.support.ConstructorResolver.createArgumentArray(ConstructorResolver.java:791)
	... 53 common frames omitted
Caused by: org.springframework.beans.factory.BeanCreationException: Error creating bean with name 'userRepository' defined in com.spring.boot.super30.backend.shared.repository.UserRepository defined in @EnableJpaRepositories declared on DataJpaRepositoriesRegistrar.EnableJpaRepositoriesConfiguration: Cannot resolve reference to bean 'jpaSharedEM_entityManagerFactory' while setting bean property 'entityManager'
	at org.springframework.beans.factory.support.BeanDefinitionValueResolver.resolveReference(BeanDefinitionValueResolver.java:377)
	at org.springframework.beans.factory.support.BeanDefinitionValueResolver.resolveValueIfNecessary(BeanDefinitionValueResolver.java:135)
	at org.springframework.beans.factory.support.AbstractAutowireCapableBeanFactory.applyPropertyValues(AbstractAutowireCapableBeanFactory.java:1712)
	at org.springframework.beans.factory.support.AbstractAutowireCapableBeanFactory.populateBean(AbstractAutowireCapableBeanFactory.java:1461)
	at org.springframework.beans.factory.support.AbstractAutowireCapableBeanFactory.doCreateBean(AbstractAutowireCapableBeanFactory.java:602)
	at org.springframework.beans.factory.support.AbstractAutowireCapableBeanFactory.createBean(AbstractAutowireCapableBeanFactory.java:525)
	at org.springframework.beans.factory.support.AbstractBeanFactory.lambda$doGetBean$0(AbstractBeanFactory.java:333)
	at org.springframework.beans.factory.support.DefaultSingletonBeanRegistry.getSingleton(DefaultSingletonBeanRegistry.java:371)
	at org.springframework.beans.factory.support.AbstractBeanFactory.doGetBean(AbstractBeanFactory.java:331)
	at org.springframework.beans.factory.support.AbstractBeanFactory.getBean(AbstractBeanFactory.java:201)
	at org.springframework.beans.factory.support.DefaultListableBeanFactory.resolveBean(DefaultListableBeanFactory.java:1225)
	at org.springframework.beans.factory.support.DefaultListableBeanFactory.doResolveDependency(DefaultListableBeanFactory.java:1704)
	at org.springframework.beans.factory.support.DefaultListableBeanFactory.resolveDependency(DefaultListableBeanFactory.java:1651)
	at org.springframework.beans.factory.support.ConstructorResolver.resolveAutowiredArgument(ConstructorResolver.java:912)
	at org.springframework.beans.factory.support.ConstructorResolver.createArgumentArray(ConstructorResolver.java:791)
	... 67 common frames omitted
Caused by: org.springframework.beans.factory.BeanCreationException: Error creating bean with name 'jpaSharedEM_entityManagerFactory': Cannot resolve reference to bean 'entityManagerFactory' while setting constructor argument
	at org.springframework.beans.factory.support.BeanDefinitionValueResolver.resolveReference(BeanDefinitionValueResolver.java:377)
	at org.springframework.beans.factory.support.BeanDefinitionValueResolver.resolveValueIfNecessary(BeanDefinitionValueResolver.java:135)
	at org.springframework.beans.factory.support.ConstructorResolver.resolveConstructorArguments(ConstructorResolver.java:691)
	at org.springframework.beans.factory.support.ConstructorResolver.instantiateUsingFactoryMethod(ConstructorResolver.java:513)
	at org.springframework.beans.factory.support.AbstractAutowireCapableBeanFactory.instantiateUsingFactoryMethod(AbstractAutowireCapableBeanFactory.java:1362)
	at org.springframework.beans.factory.support.AbstractAutowireCapableBeanFactory.createBeanInstance(AbstractAutowireCapableBeanFactory.java:1194)
	at org.springframework.beans.factory.support.AbstractAutowireCapableBeanFactory.doCreateBean(AbstractAutowireCapableBeanFactory.java:565)
	at org.springframework.beans.factory.support.AbstractAutowireCapableBeanFactory.createBean(AbstractAutowireCapableBeanFactory.java:525)
	at org.springframework.beans.factory.support.AbstractBeanFactory.lambda$doGetBean$0(AbstractBeanFactory.java:333)
	at org.springframework.beans.factory.support.DefaultSingletonBeanRegistry.getSingleton(DefaultSingletonBeanRegistry.java:371)
	at org.springframework.beans.factory.support.AbstractBeanFactory.doGetBean(AbstractBeanFactory.java:331)
	at org.springframework.beans.factory.support.AbstractBeanFactory.getBean(AbstractBeanFactory.java:201)
	at org.springframework.beans.factory.support.BeanDefinitionValueResolver.resolveReference(BeanDefinitionValueResolver.java:356)
	... 81 common frames omitted
Caused by: org.springframework.beans.factory.BeanCreationException: Error creating bean with name 'entityManagerFactory' defined in class path resource [org/springframework/boot/hibernate/autoconfigure/HibernateJpaConfiguration.class]: Unable to build Hibernate SessionFactory  [persistence unit: default] ; nested exception is org.hibernate.exception.AuthException: Unable to open JDBC Connection for DDL execution [FATAL: password authentication failed for user "postgres"] [n/a]
	at org.springframework.beans.factory.support.AbstractAutowireCapableBeanFactory.initializeBean(AbstractAutowireCapableBeanFactory.java:1817)
	at org.springframework.beans.factory.support.AbstractAutowireCapableBeanFactory.doCreateBean(AbstractAutowireCapableBeanFactory.java:603)
	at org.springframework.beans.factory.support.AbstractAutowireCapableBeanFactory.createBean(AbstractAutowireCapableBeanFactory.java:525)
	at org.springframework.beans.factory.support.AbstractBeanFactory.lambda$doGetBean$0(AbstractBeanFactory.java:333)
	at org.springframework.beans.factory.support.DefaultSingletonBeanRegistry.getSingleton(DefaultSingletonBeanRegistry.java:371)
	at org.springframework.beans.factory.support.AbstractBeanFactory.doGetBean(AbstractBeanFactory.java:331)
	at org.springframework.beans.factory.support.AbstractBeanFactory.getBean(AbstractBeanFactory.java:196)
	at org.springframework.beans.factory.support.BeanDefinitionValueResolver.resolveReference(BeanDefinitionValueResolver.java:365)
	... 93 common frames omitted
Caused by: jakarta.persistence.PersistenceException: Unable to build Hibernate SessionFactory  [persistence unit: default] ; nested exception is org.hibernate.exception.AuthException: Unable to open JDBC Connection for DDL execution [FATAL: password authentication failed for user "postgres"] [n/a]
	at org.springframework.orm.jpa.AbstractEntityManagerFactoryBean.buildNativeEntityManagerFactory(AbstractEntityManagerFactoryBean.java:448)
	at org.springframework.orm.jpa.AbstractEntityManagerFactoryBean.afterPropertiesSet(AbstractEntityManagerFactoryBean.java:411)
	at org.springframework.orm.jpa.LocalContainerEntityManagerFactoryBean.afterPropertiesSet(LocalContainerEntityManagerFactoryBean.java:419)
	at org.springframework.beans.factory.support.AbstractAutowireCapableBeanFactory.invokeInitMethods(AbstractAutowireCapableBeanFactory.java:1864)
	at org.springframework.beans.factory.support.AbstractAutowireCapableBeanFactory.initializeBean(AbstractAutowireCapableBeanFactory.java:1813)
	... 100 common frames omitted
Caused by: org.hibernate.exception.AuthException: Unable to open JDBC Connection for DDL execution [FATAL: password authentication failed for user "postgres"] [n/a]
	at org.hibernate.exception.internal.SQLStateConversionDelegate.convert(SQLStateConversionDelegate.java:87)
	at org.hibernate.exception.internal.StandardSQLExceptionConverter.convert(StandardSQLExceptionConverter.java:34)
	at org.hibernate.engine.jdbc.spi.SqlExceptionHelper.convert(SqlExceptionHelper.java:115)
	at org.hibernate.engine.jdbc.spi.SqlExceptionHelper.convert(SqlExceptionHelper.java:101)
	at org.hibernate.resource.transaction.backend.jdbc.internal.DdlTransactionIsolatorNonJtaImpl.getIsolatedConnection(DdlTransactionIsolatorNonJtaImpl.java:71)
	at org.hibernate.resource.transaction.backend.jdbc.internal.DdlTransactionIsolatorNonJtaImpl.getIsolatedConnection(DdlTransactionIsolatorNonJtaImpl.java:37)
	at org.hibernate.tool.schema.internal.exec.ImprovedExtractionContextImpl.getJdbcConnection(ImprovedExtractionContextImpl.java:61)
	at org.hibernate.tool.schema.extract.spi.ExtractionContext.getQueryResults(ExtractionContext.java:41)
	at org.hibernate.tool.schema.extract.internal.SequenceInformationExtractorLegacyImpl.extractMetadata(SequenceInformationExtractorLegacyImpl.java:36)
	at org.hibernate.tool.schema.extract.internal.DatabaseInformationImpl.initializeSequences(DatabaseInformationImpl.java:73)
	at org.hibernate.tool.schema.extract.internal.DatabaseInformationImpl.<init>(DatabaseInformationImpl.java:63)
	at org.hibernate.tool.schema.extract.internal.CachingDatabaseInformationImpl.<init>(CachingDatabaseInformationImpl.java:43)
	at org.hibernate.tool.schema.internal.GroupedSchemaMigratorImpl.buildDatabaseInformation(GroupedSchemaMigratorImpl.java:112)
	at org.hibernate.tool.schema.internal.AbstractSchemaMigrator.doMigration(AbstractSchemaMigrator.java:83)
	at org.hibernate.tool.schema.spi.SchemaManagementToolCoordinator.performDatabaseAction(SchemaManagementToolCoordinator.java:269)
	at org.hibernate.tool.schema.spi.SchemaManagementToolCoordinator.lambda$process$1(SchemaManagementToolCoordinator.java:101)
	at java.base/java.util.HashMap.forEach(HashMap.java:1429)
	at org.hibernate.tool.schema.spi.SchemaManagementToolCoordinator.process(SchemaManagementToolCoordinator.java:100)
	at org.hibernate.boot.internal.SessionFactoryObserverForSchemaExport.sessionFactoryCreated(SessionFactoryObserverForSchemaExport.java:35)
	at org.hibernate.internal.SessionFactoryObserverChain.sessionFactoryCreated(SessionFactoryObserverChain.java:33)
	at org.hibernate.internal.SessionFactoryImpl.<init>(SessionFactoryImpl.java:323)
	at org.hibernate.internal.SessionFactoryRegistry.instantiateSessionFactory(SessionFactoryRegistry.java:64)
	at org.hibernate.boot.internal.SessionFactoryBuilderImpl.build(SessionFactoryBuilderImpl.java:437)
	at org.hibernate.jpa.boot.internal.EntityManagerFactoryBuilderImpl.build(EntityManagerFactoryBuilderImpl.java:1456)
	at org.springframework.orm.jpa.vendor.SpringHibernateJpaPersistenceProvider.createContainerEntityManagerFactory(SpringHibernateJpaPersistenceProvider.java:93)
	at org.springframework.orm.jpa.LocalContainerEntityManagerFactoryBean.createNativeEntityManagerFactory(LocalContainerEntityManagerFactoryBean.java:443)
	at org.springframework.orm.jpa.AbstractEntityManagerFactoryBean.buildNativeEntityManagerFactory(AbstractEntityManagerFactoryBean.java:436)
	... 104 common frames omitted
Caused by: org.postgresql.util.PSQLException: FATAL: password authentication failed for user "postgres"
	at org.postgresql.core.v3.ConnectionFactoryImpl.doAuthentication(ConnectionFactoryImpl.java:778)
	at org.postgresql.core.v3.ConnectionFactoryImpl.tryConnect(ConnectionFactoryImpl.java:234)
	at org.postgresql.core.v3.ConnectionFactoryImpl.openConnectionImpl(ConnectionFactoryImpl.java:289)
	at org.postgresql.core.ConnectionFactory.openConnection(ConnectionFactory.java:57)
	at org.postgresql.jdbc.PgConnection.<init>(PgConnection.java:290)
	at org.postgresql.Driver.makeConnection(Driver.java:448)
	at org.postgresql.Driver.connect(Driver.java:298)
	at com.zaxxer.hikari.util.DriverDataSource.getConnection(DriverDataSource.java:144)
	at com.zaxxer.hikari.pool.PoolBase.newConnection(PoolBase.java:373)
	at com.zaxxer.hikari.pool.PoolBase.newPoolEntry(PoolBase.java:210)
	at com.zaxxer.hikari.pool.HikariPool.createPoolEntry(HikariPool.java:488)
	at com.zaxxer.hikari.pool.HikariPool.checkFailFast(HikariPool.java:576)
	at com.zaxxer.hikari.pool.HikariPool.<init>(HikariPool.java:97)
	at com.zaxxer.hikari.HikariDataSource.getConnection(HikariDataSource.java:111)
	at org.hibernate.engine.jdbc.connections.internal.DataSourceConnectionProvider.getConnection(DataSourceConnectionProvider.java:137)
	at org.hibernate.engine.jdbc.env.internal.JdbcEnvironmentInitiator$ConnectionProviderJdbcConnectionAccess.obtainConnection(JdbcEnvironmentInitiator.java:508)
	at org.hibernate.resource.transaction.backend.jdbc.internal.DdlTransactionIsolatorNonJtaImpl.getIsolatedConnection(DdlTransactionIsolatorNonJtaImpl.java:44)
	... 126 common frames omitted
2026-05-01 23:36:57,301 INFO o.s.b.StartupInfoLogger [main] Starting BackendApplication using Java 21.0.9 with PID 26456 (C:\Projects\prescribe\backend\target\classes started by Pranav in C:\Projects\prescribe\backend)
2026-05-01 23:36:57,308 INFO o.s.b.SpringApplication [main] No active profile set, falling back to 1 default profile: "default"
2026-05-01 23:36:57,490 INFO o.h.v.i.u.Version [background-preinit] HV000001: Hibernate Validator 9.0.1.Final
2026-05-01 23:36:57,980 INFO o.s.d.r.c.RepositoryConfigurationDelegate [main] Bootstrapping Spring Data JPA repositories in DEFAULT mode.
2026-05-01 23:36:58,071 INFO o.s.d.r.c.RepositoryConfigurationDelegate [main] Finished Spring Data repository scanning in 77 ms. Found 9 JPA repository interfaces.
2026-05-01 23:36:58,519 INFO o.s.b.t.TomcatWebServer [main] Tomcat initialized with port 8080 (http)
2026-05-01 23:36:58,529 INFO o.a.j.l.DirectJDKLog [main] Initializing ProtocolHandler ["http-nio-8080"]
2026-05-01 23:36:58,532 INFO o.a.j.l.DirectJDKLog [main] Starting service [Tomcat]
2026-05-01 23:36:58,532 INFO o.a.j.l.DirectJDKLog [main] Starting Servlet engine: [Apache Tomcat/11.0.18]
2026-05-01 23:36:58,581 INFO o.s.b.w.c.s.WebApplicationContextInitializer [main] Root WebApplicationContext: initialization completed in 1231 ms
2026-05-01 23:36:58,709 INFO o.h.j.i.u.LogHelper [main] HHH008540: Processing PersistenceUnitInfo [name: default]
2026-05-01 23:36:58,751 INFO o.h.Version [main] HHH000001: Hibernate ORM core version 7.2.4.Final
2026-05-01 23:36:59,150 INFO o.s.o.j.p.SpringPersistenceUnitInfo [main] No LoadTimeWeaver setup: ignoring JPA class transformer
2026-05-01 23:36:59,184 INFO c.z.h.HikariDataSource [main] HikariPool-1 - Starting...
2026-05-01 23:36:59,331 INFO c.z.h.p.HikariPool [main] HikariPool-1 - Added connection org.postgresql.jdbc.PgConnection@44d84313
2026-05-01 23:36:59,331 INFO c.z.h.HikariDataSource [main] HikariPool-1 - Start completed.
2026-05-01 23:36:59,362 WARN o.h.e.j.d.i.DialectFactoryImpl [main] HHH90000025: PostgreSQLDialect does not need to be specified explicitly using 'hibernate.dialect' (remove the property setting and it will be selected by default)
2026-05-01 23:36:59,391 INFO o.h.e.j.e.i.JdbcEnvironmentInitiator [main] HHH10001005: Database info:
	Database JDBC URL [jdbc:postgresql://localhost:5432/postgres]
	Database driver: PostgreSQL JDBC Driver
	Database dialect: PostgreSQLDialect
	Database version: 18.3
	Default catalog/schema: postgres/public
	Autocommit mode: undefined/unknown
	Isolation level: READ_COMMITTED [default READ_COMMITTED]
	JDBC fetch size: none
	Pool: DataSourceConnectionProvider
	Minimum pool size: undefined/unknown
	Maximum pool size: undefined/unknown
2026-05-01 23:37:00,571 INFO o.h.e.t.j.p.i.JtaPlatformInitiator [main] HHH000489: No JTA platform available (set 'hibernate.transaction.jta.platform' to enable JTA platform integration)
2026-05-01 23:37:00,667 INFO o.s.o.j.AbstractEntityManagerFactoryBean [main] Initialized JPA EntityManagerFactory for persistence unit 'default'
2026-05-01 23:37:00,719 INFO o.s.d.j.r.q.QueryEnhancerFactories [main] Hibernate is in classpath; If applicable, HQL parser will be used.
2026-05-01 23:37:01,590 INFO c.s.b.s.b.s.s.SubscriptionService [main] Razorpay client initialized successfully
2026-05-01 23:37:01,646 INFO o.s.s.c.a.a.c.InitializeAuthenticationProviderBeanManagerConfigurer$InitializeAuthenticationProviderManagerConfigurer [main] Global AuthenticationManager configured with AuthenticationProvider bean with name authenticationProvider
2026-05-01 23:37:01,646 WARN o.s.s.c.a.a.c.InitializeUserDetailsBeanManagerConfigurer$InitializeUserDetailsManagerConfigurer [main] Global AuthenticationManager configured with an AuthenticationProvider bean. UserDetailsService beans will not be used by Spring Security for automatically configuring username/password login. Consider removing the AuthenticationProvider bean. Alternatively, consider using the UserDetailsService in a manually instantiated DaoAuthenticationProvider. If the current configuration is intentional, to turn off this warning, increase the logging level of 'org.springframework.security.config.annotation.authentication.configuration.InitializeUserDetailsBeanManagerConfigurer' to ERROR
2026-05-01 23:37:01,756 WARN o.s.b.j.a.JpaBaseConfiguration$JpaWebConfiguration [main] spring.jpa.open-in-view is enabled by default. Therefore, database queries may be performed during view rendering. Explicitly configure spring.jpa.open-in-view to disable this warning
2026-05-01 23:37:02,216 INFO o.a.j.l.DirectJDKLog [main] Starting ProtocolHandler ["http-nio-8080"]
2026-05-01 23:37:02,220 INFO o.s.b.t.TomcatWebServer [main] Tomcat started on port 8080 (http) with context path '/'
2026-05-01 23:37:02,234 INFO o.s.b.StartupInfoLogger [main] Started BackendApplication in 5.435 seconds (process running for 5.818)
2026-05-01 23:37:45,640 INFO o.a.j.l.DirectJDKLog [http-nio-8080-exec-1] Initializing Spring DispatcherServlet 'dispatcherServlet'
2026-05-01 23:37:45,642 INFO o.s.w.s.FrameworkServlet [http-nio-8080-exec-1] Initializing Servlet 'dispatcherServlet'
2026-05-01 23:37:45,645 INFO o.s.w.s.FrameworkServlet [http-nio-8080-exec-1] Completed initialization in 2 ms
2026-05-01 23:37:45,866 INFO c.s.b.s.b.s.c.AuthController [http-nio-8080-exec-1] Attempting to register new user with email: shubham@gmail.com
2026-05-01 23:37:46,988 INFO c.s.b.s.b.s.c.AuthController [http-nio-8080-exec-1] Successfully registered user with email: shubham@gmail.com
2026-05-01 23:37:47,127 INFO c.s.b.s.b.s.j.JwtAuthenticationFilter [http-nio-8080-exec-3] JWT validated successfully for context user: shubham@gmail.com
2026-05-01 23:37:47,145 INFO c.s.b.s.b.d.c.DoctorController [http-nio-8080-exec-3] Received request to create a new doctor with email: shubham@gmail.com
2026-05-01 23:37:47,202 INFO c.s.b.s.b.d.s.DoctorService [http-nio-8080-exec-3] Successfully saved doctor with ID: DOC-d77ea844
2026-05-01 23:37:47,203 INFO c.s.b.s.b.d.c.DoctorController [http-nio-8080-exec-3] Successfully created doctor with ID: DOC-d77ea844
2026-05-01 23:37:47,272 INFO c.s.b.s.b.s.j.JwtAuthenticationFilter [http-nio-8080-exec-6] JWT validated successfully for context user: shubham@gmail.com
2026-05-01 23:37:47,288 INFO c.s.b.s.b.p.c.PrescriptionController [http-nio-8080-exec-6] Fetching prescriptions for doctor ID: DOC-d77ea844
2026-05-01 23:37:47,361 INFO c.s.b.s.b.s.j.JwtAuthenticationFilter [http-nio-8080-exec-8] JWT validated successfully for context user: shubham@gmail.com
2026-05-01 23:37:47,362 INFO c.s.b.s.b.p.c.PrescriptionController [http-nio-8080-exec-8] Fetching prescriptions for doctor ID: DOC-d77ea844
2026-05-01 23:40:54,382 INFO o.s.b.t.GracefulShutdown [SpringApplicationShutdownHook] Commencing graceful shutdown. Waiting for active requests to complete
2026-05-01 23:40:54,387 INFO o.s.b.t.GracefulShutdown [tomcat-shutdown] Graceful shutdown complete
2026-05-01 23:40:54,394 INFO o.s.o.j.AbstractEntityManagerFactoryBean [SpringApplicationShutdownHook] Closing JPA EntityManagerFactory for persistence unit 'default'
2026-05-01 23:40:54,396 INFO c.z.h.HikariDataSource [SpringApplicationShutdownHook] HikariPool-1 - Shutdown initiated...
2026-05-01 23:40:54,398 INFO c.z.h.HikariDataSource [SpringApplicationShutdownHook] HikariPool-1 - Shutdown completed.
2026-05-01 23:41:12,452 INFO o.s.b.StartupInfoLogger [main] Starting BackendApplication using Java 21.0.9 with PID 26656 (C:\Projects\prescribe\backend\target\classes started by Pranav in C:\Projects\prescribe\backend)
2026-05-01 23:41:12,456 INFO o.s.b.SpringApplication [main] No active profile set, falling back to 1 default profile: "default"
2026-05-01 23:41:12,650 INFO o.h.v.i.u.Version [background-preinit] HV000001: Hibernate Validator 9.0.1.Final
2026-05-01 23:41:13,203 INFO o.s.d.r.c.RepositoryConfigurationDelegate [main] Bootstrapping Spring Data JPA repositories in DEFAULT mode.
2026-05-01 23:41:13,295 INFO o.s.d.r.c.RepositoryConfigurationDelegate [main] Finished Spring Data repository scanning in 82 ms. Found 9 JPA repository interfaces.
2026-05-01 23:41:13,795 INFO o.s.b.t.TomcatWebServer [main] Tomcat initialized with port 8080 (http)
2026-05-01 23:41:13,806 INFO o.a.j.l.DirectJDKLog [main] Initializing ProtocolHandler ["http-nio-8080"]
2026-05-01 23:41:13,808 INFO o.a.j.l.DirectJDKLog [main] Starting service [Tomcat]
2026-05-01 23:41:13,809 INFO o.a.j.l.DirectJDKLog [main] Starting Servlet engine: [Apache Tomcat/11.0.18]
2026-05-01 23:41:13,868 INFO o.s.b.w.c.s.WebApplicationContextInitializer [main] Root WebApplicationContext: initialization completed in 1368 ms
2026-05-01 23:41:14,008 INFO o.h.j.i.u.LogHelper [main] HHH008540: Processing PersistenceUnitInfo [name: default]
2026-05-01 23:41:14,055 INFO o.h.Version [main] HHH000001: Hibernate ORM core version 7.2.4.Final
2026-05-01 23:41:14,466 INFO o.s.o.j.p.SpringPersistenceUnitInfo [main] No LoadTimeWeaver setup: ignoring JPA class transformer
2026-05-01 23:41:14,496 INFO c.z.h.HikariDataSource [main] HikariPool-1 - Starting...
2026-05-01 23:41:15,624 WARN o.h.e.j.s.SqlExceptionHelper [main] HHH000247: ErrorCode: 0, SQLState: 28P01
2026-05-01 23:41:15,625 WARN o.h.e.j.s.SqlExceptionHelper [main] FATAL: password authentication failed for user "postgres"
2026-05-01 23:41:15,626 WARN o.h.e.j.e.i.JdbcEnvironmentInitiator [main] HHH100046: Could not obtain connection to query JDBC database metadata
org.hibernate.exception.AuthException: Unable to obtain isolated JDBC connection [FATAL: password authentication failed for user "postgres"] [n/a]
	at org.hibernate.exception.internal.SQLStateConversionDelegate.convert(SQLStateConversionDelegate.java:87)
	at org.hibernate.exception.internal.StandardSQLExceptionConverter.convert(StandardSQLExceptionConverter.java:34)
	at org.hibernate.engine.jdbc.spi.SqlExceptionHelper.convert(SqlExceptionHelper.java:115)
	at org.hibernate.engine.jdbc.spi.SqlExceptionHelper.convert(SqlExceptionHelper.java:101)
	at org.hibernate.resource.transaction.backend.jdbc.internal.JdbcIsolationDelegate.delegateWork(JdbcIsolationDelegate.java:51)
	at org.hibernate.engine.jdbc.env.internal.JdbcEnvironmentInitiator.getJdbcEnvironmentUsingJdbcMetadata(JdbcEnvironmentInitiator.java:366)
	at org.hibernate.engine.jdbc.env.internal.JdbcEnvironmentInitiator.getJdbcEnvironment(JdbcEnvironmentInitiator.java:143)
	at org.hibernate.engine.jdbc.env.internal.JdbcEnvironmentInitiator.initiateService(JdbcEnvironmentInitiator.java:120)
	at org.hibernate.engine.jdbc.env.internal.JdbcEnvironmentInitiator.initiateService(JdbcEnvironmentInitiator.java:80)
	at org.hibernate.boot.registry.internal.StandardServiceRegistryImpl.initiateService(StandardServiceRegistryImpl.java:133)
	at org.hibernate.service.internal.AbstractServiceRegistryImpl.createService(AbstractServiceRegistryImpl.java:260)
	at org.hibernate.service.internal.AbstractServiceRegistryImpl.initializeService(AbstractServiceRegistryImpl.java:235)
	at org.hibernate.service.internal.AbstractServiceRegistryImpl.getService(AbstractServiceRegistryImpl.java:212)
	at org.hibernate.boot.model.relational.Database.<init>(Database.java:44)
	at org.hibernate.boot.internal.InFlightMetadataCollectorImpl.getDatabase(InFlightMetadataCollectorImpl.java:251)
	at org.hibernate.boot.internal.InFlightMetadataCollectorImpl.<init>(InFlightMetadataCollectorImpl.java:203)
	at org.hibernate.boot.model.process.spi.MetadataBuildingProcess.complete(MetadataBuildingProcess.java:170)
	at org.hibernate.jpa.boot.internal.EntityManagerFactoryBuilderImpl.metadata(EntityManagerFactoryBuilderImpl.java:1392)
	at org.hibernate.jpa.boot.internal.EntityManagerFactoryBuilderImpl.populateSessionFactoryBuilder(EntityManagerFactoryBuilderImpl.java:1472)
	at org.hibernate.jpa.boot.internal.EntityManagerFactoryBuilderImpl.build(EntityManagerFactoryBuilderImpl.java:1454)
	at org.springframework.orm.jpa.vendor.SpringHibernateJpaPersistenceProvider.createContainerEntityManagerFactory(SpringHibernateJpaPersistenceProvider.java:93)
	at org.springframework.orm.jpa.LocalContainerEntityManagerFactoryBean.createNativeEntityManagerFactory(LocalContainerEntityManagerFactoryBean.java:443)
	at org.springframework.orm.jpa.AbstractEntityManagerFactoryBean.buildNativeEntityManagerFactory(AbstractEntityManagerFactoryBean.java:436)
	at org.springframework.orm.jpa.AbstractEntityManagerFactoryBean.afterPropertiesSet(AbstractEntityManagerFactoryBean.java:411)
	at org.springframework.orm.jpa.LocalContainerEntityManagerFactoryBean.afterPropertiesSet(LocalContainerEntityManagerFactoryBean.java:419)
	at org.springframework.beans.factory.support.AbstractAutowireCapableBeanFactory.invokeInitMethods(AbstractAutowireCapableBeanFactory.java:1864)
	at org.springframework.beans.factory.support.AbstractAutowireCapableBeanFactory.initializeBean(AbstractAutowireCapableBeanFactory.java:1813)
	at org.springframework.beans.factory.support.AbstractAutowireCapableBeanFactory.doCreateBean(AbstractAutowireCapableBeanFactory.java:603)
	at org.springframework.beans.factory.support.AbstractAutowireCapableBeanFactory.createBean(AbstractAutowireCapableBeanFactory.java:525)
	at org.springframework.beans.factory.support.AbstractBeanFactory.lambda$doGetBean$0(AbstractBeanFactory.java:333)
	at org.springframework.beans.factory.support.DefaultSingletonBeanRegistry.getSingleton(DefaultSingletonBeanRegistry.java:371)
	at org.springframework.beans.factory.support.AbstractBeanFactory.doGetBean(AbstractBeanFactory.java:331)
	at org.springframework.beans.factory.support.AbstractBeanFactory.getBean(AbstractBeanFactory.java:196)
	at org.springframework.beans.factory.support.BeanDefinitionValueResolver.resolveReference(BeanDefinitionValueResolver.java:365)
	at org.springframework.beans.factory.support.BeanDefinitionValueResolver.resolveValueIfNecessary(BeanDefinitionValueResolver.java:135)
	at org.springframework.beans.factory.support.ConstructorResolver.resolveConstructorArguments(ConstructorResolver.java:691)
	at org.springframework.beans.factory.support.ConstructorResolver.instantiateUsingFactoryMethod(ConstructorResolver.java:513)
	at org.springframework.beans.factory.support.AbstractAutowireCapableBeanFactory.instantiateUsingFactoryMethod(AbstractAutowireCapableBeanFactory.java:1362)
	at org.springframework.beans.factory.support.AbstractAutowireCapableBeanFactory.createBeanInstance(AbstractAutowireCapableBeanFactory.java:1194)
	at org.springframework.beans.factory.support.AbstractAutowireCapableBeanFactory.doCreateBean(AbstractAutowireCapableBeanFactory.java:565)
	at org.springframework.beans.factory.support.AbstractAutowireCapableBeanFactory.createBean(AbstractAutowireCapableBeanFactory.java:525)
	at org.springframework.beans.factory.support.AbstractBeanFactory.lambda$doGetBean$0(AbstractBeanFactory.java:333)
	at org.springframework.beans.factory.support.DefaultSingletonBeanRegistry.getSingleton(DefaultSingletonBeanRegistry.java:371)
	at org.springframework.beans.factory.support.AbstractBeanFactory.doGetBean(AbstractBeanFactory.java:331)
	at org.springframework.beans.factory.support.AbstractBeanFactory.getBean(AbstractBeanFactory.java:201)
	at org.springframework.beans.factory.support.BeanDefinitionValueResolver.resolveReference(BeanDefinitionValueResolver.java:356)
	at org.springframework.beans.factory.support.BeanDefinitionValueResolver.resolveValueIfNecessary(BeanDefinitionValueResolver.java:135)
	at org.springframework.beans.factory.support.AbstractAutowireCapableBeanFactory.applyPropertyValues(AbstractAutowireCapableBeanFactory.java:1712)
	at org.springframework.beans.factory.support.AbstractAutowireCapableBeanFactory.populateBean(AbstractAutowireCapableBeanFactory.java:1461)
	at org.springframework.beans.factory.support.AbstractAutowireCapableBeanFactory.doCreateBean(AbstractAutowireCapableBeanFactory.java:602)
	at org.springframework.beans.factory.support.AbstractAutowireCapableBeanFactory.createBean(AbstractAutowireCapableBeanFactory.java:525)
	at org.springframework.beans.factory.support.AbstractBeanFactory.lambda$doGetBean$0(AbstractBeanFactory.java:333)
	at org.springframework.beans.factory.support.DefaultSingletonBeanRegistry.getSingleton(DefaultSingletonBeanRegistry.java:371)
	at org.springframework.beans.factory.support.AbstractBeanFactory.doGetBean(AbstractBeanFactory.java:331)
	at org.springframework.beans.factory.support.AbstractBeanFactory.getBean(AbstractBeanFactory.java:201)
	at org.springframework.beans.factory.support.DefaultListableBeanFactory.resolveBean(DefaultListableBeanFactory.java:1225)
	at org.springframework.beans.factory.support.DefaultListableBeanFactory.doResolveDependency(DefaultListableBeanFactory.java:1704)
	at org.springframework.beans.factory.support.DefaultListableBeanFactory.resolveDependency(DefaultListableBeanFactory.java:1651)
	at org.springframework.beans.factory.support.ConstructorResolver.resolveAutowiredArgument(ConstructorResolver.java:912)
	at org.springframework.beans.factory.support.ConstructorResolver.createArgumentArray(ConstructorResolver.java:791)
	at org.springframework.beans.factory.support.ConstructorResolver.autowireConstructor(ConstructorResolver.java:240)
	at org.springframework.beans.factory.support.AbstractAutowireCapableBeanFactory.autowireConstructor(AbstractAutowireCapableBeanFactory.java:1382)
	at org.springframework.beans.factory.support.AbstractAutowireCapableBeanFactory.createBeanInstance(AbstractAutowireCapableBeanFactory.java:1221)
	at org.springframework.beans.factory.support.AbstractAutowireCapableBeanFactory.doCreateBean(AbstractAutowireCapableBeanFactory.java:565)
	at org.springframework.beans.factory.support.AbstractAutowireCapableBeanFactory.createBean(AbstractAutowireCapableBeanFactory.java:525)
	at org.springframework.beans.factory.support.AbstractBeanFactory.lambda$doGetBean$0(AbstractBeanFactory.java:333)
	at org.springframework.beans.factory.support.DefaultSingletonBeanRegistry.getSingleton(DefaultSingletonBeanRegistry.java:371)
	at org.springframework.beans.factory.support.AbstractBeanFactory.doGetBean(AbstractBeanFactory.java:331)
	at org.springframework.beans.factory.support.AbstractBeanFactory.getBean(AbstractBeanFactory.java:201)
	at org.springframework.beans.factory.config.DependencyDescriptor.resolveCandidate(DependencyDescriptor.java:229)
	at org.springframework.beans.factory.support.DefaultListableBeanFactory.doResolveDependency(DefaultListableBeanFactory.java:1762)
	at org.springframework.beans.factory.support.DefaultListableBeanFactory.resolveDependency(DefaultListableBeanFactory.java:1651)
	at org.springframework.beans.factory.support.ConstructorResolver.resolveAutowiredArgument(ConstructorResolver.java:912)
	at org.springframework.beans.factory.support.ConstructorResolver.createArgumentArray(ConstructorResolver.java:791)
	at org.springframework.beans.factory.support.ConstructorResolver.autowireConstructor(ConstructorResolver.java:240)
	at org.springframework.beans.factory.support.AbstractAutowireCapableBeanFactory.autowireConstructor(AbstractAutowireCapableBeanFactory.java:1382)
	at org.springframework.beans.factory.support.AbstractAutowireCapableBeanFactory.createBeanInstance(AbstractAutowireCapableBeanFactory.java:1221)
	at org.springframework.beans.factory.support.AbstractAutowireCapableBeanFactory.doCreateBean(AbstractAutowireCapableBeanFactory.java:565)
	at org.springframework.beans.factory.support.AbstractAutowireCapableBeanFactory.createBean(AbstractAutowireCapableBeanFactory.java:525)
	at org.springframework.beans.factory.support.AbstractBeanFactory.lambda$doGetBean$0(AbstractBeanFactory.java:333)
	at org.springframework.beans.factory.support.DefaultSingletonBeanRegistry.getSingleton(DefaultSingletonBeanRegistry.java:371)
	at org.springframework.beans.factory.support.AbstractBeanFactory.doGetBean(AbstractBeanFactory.java:331)
	at org.springframework.beans.factory.support.AbstractBeanFactory.getBean(AbstractBeanFactory.java:201)
	at org.springframework.boot.web.servlet.ServletContextInitializerBeans.getOrderedBeansOfType(ServletContextInitializerBeans.java:231)
	at org.springframework.boot.web.servlet.ServletContextInitializerBeans.addAsRegistrationBean(ServletContextInitializerBeans.java:185)
	at org.springframework.boot.web.servlet.ServletContextInitializerBeans.addAsRegistrationBean(ServletContextInitializerBeans.java:180)
	at org.springframework.boot.web.servlet.ServletContextInitializerBeans.addAdaptableBeans(ServletContextInitializerBeans.java:165)
	at org.springframework.boot.web.servlet.ServletContextInitializerBeans.<init>(ServletContextInitializerBeans.java:97)
	at org.springframework.boot.web.context.servlet.WebApplicationContextInitializer.initialize(WebApplicationContextInitializer.java:53)
	at org.springframework.boot.tomcat.servlet.DeferredServletContainerInitializers.onStartup(DeferredServletContainerInitializers.java:55)
	at org.apache.catalina.core.StandardContext.startInternal(StandardContext.java:4416)
	at org.apache.catalina.util.LifecycleBase.start(LifecycleBase.java:164)
	at org.apache.catalina.core.ContainerBase$StartChild.call(ContainerBase.java:1162)
	at org.apache.catalina.core.ContainerBase$StartChild.call(ContainerBase.java:1158)
	at java.base/java.util.concurrent.FutureTask.run(FutureTask.java:317)
	at org.apache.tomcat.util.threads.InlineExecutorService.execute(InlineExecutorService.java:81)
	at java.base/java.util.concurrent.AbstractExecutorService.submit(AbstractExecutorService.java:145)
	at org.apache.catalina.core.ContainerBase.startInternal(ContainerBase.java:714)
	at org.apache.catalina.core.StandardHost.startInternal(StandardHost.java:780)
	at org.apache.catalina.util.LifecycleBase.start(LifecycleBase.java:164)
	at org.apache.catalina.core.ContainerBase$StartChild.call(ContainerBase.java:1162)
	at org.apache.catalina.core.ContainerBase$StartChild.call(ContainerBase.java:1158)
	at java.base/java.util.concurrent.FutureTask.run(FutureTask.java:317)
	at org.apache.tomcat.util.threads.InlineExecutorService.execute(InlineExecutorService.java:81)
	at java.base/java.util.concurrent.AbstractExecutorService.submit(AbstractExecutorService.java:145)
	at org.apache.catalina.core.ContainerBase.startInternal(ContainerBase.java:714)
	at org.apache.catalina.core.StandardEngine.startInternal(StandardEngine.java:201)
	at org.apache.catalina.util.LifecycleBase.start(LifecycleBase.java:164)
	at org.apache.catalina.core.StandardService.startInternal(StandardService.java:410)
	at org.apache.catalina.util.LifecycleBase.start(LifecycleBase.java:164)
	at org.apache.catalina.core.StandardServer.startInternal(StandardServer.java:864)
	at org.apache.catalina.util.LifecycleBase.start(LifecycleBase.java:164)
	at org.apache.catalina.startup.Tomcat.start(Tomcat.java:435)
	at org.springframework.boot.tomcat.TomcatWebServer.initialize(TomcatWebServer.java:131)
	at org.springframework.boot.tomcat.TomcatWebServer.<init>(TomcatWebServer.java:110)
	at org.springframework.boot.tomcat.servlet.TomcatServletWebServerFactory.getTomcatWebServer(TomcatServletWebServerFactory.java:408)
	at org.springframework.boot.tomcat.servlet.TomcatServletWebServerFactory.getWebServer(TomcatServletWebServerFactory.java:166)
	at org.springframework.boot.web.server.servlet.context.ServletWebServerApplicationContext.createWebServer(ServletWebServerApplicationContext.java:190)
	at org.springframework.boot.web.server.servlet.context.ServletWebServerApplicationContext.onRefresh(ServletWebServerApplicationContext.java:164)
	at org.springframework.context.support.AbstractApplicationContext.refresh(AbstractApplicationContext.java:615)
	at org.springframework.boot.web.server.servlet.context.ServletWebServerApplicationContext.refresh(ServletWebServerApplicationContext.java:143)
	at org.springframework.boot.SpringApplication.refresh(SpringApplication.java:756)
	at org.springframework.boot.SpringApplication.refreshContext(SpringApplication.java:445)
	at org.springframework.boot.SpringApplication.run(SpringApplication.java:321)
	at org.springframework.boot.SpringApplication.run(SpringApplication.java:1365)
	at org.springframework.boot.SpringApplication.run(SpringApplication.java:1354)
	at com.spring.boot.super30.backend.BackendApplication.main(BackendApplication.java:10)
Caused by: org.postgresql.util.PSQLException: FATAL: password authentication failed for user "postgres"
	at org.postgresql.core.v3.ConnectionFactoryImpl.doAuthentication(ConnectionFactoryImpl.java:778)
	at org.postgresql.core.v3.ConnectionFactoryImpl.tryConnect(ConnectionFactoryImpl.java:234)
	at org.postgresql.core.v3.ConnectionFactoryImpl.openConnectionImpl(ConnectionFactoryImpl.java:289)
	at org.postgresql.core.ConnectionFactory.openConnection(ConnectionFactory.java:57)
	at org.postgresql.jdbc.PgConnection.<init>(PgConnection.java:290)
	at org.postgresql.Driver.makeConnection(Driver.java:448)
	at org.postgresql.Driver.connect(Driver.java:298)
	at com.zaxxer.hikari.util.DriverDataSource.getConnection(DriverDataSource.java:144)
	at com.zaxxer.hikari.pool.PoolBase.newConnection(PoolBase.java:373)
	at com.zaxxer.hikari.pool.PoolBase.newPoolEntry(PoolBase.java:210)
	at com.zaxxer.hikari.pool.HikariPool.createPoolEntry(HikariPool.java:488)
	at com.zaxxer.hikari.pool.HikariPool.checkFailFast(HikariPool.java:576)
	at com.zaxxer.hikari.pool.HikariPool.<init>(HikariPool.java:97)
	at com.zaxxer.hikari.HikariDataSource.getConnection(HikariDataSource.java:111)
	at org.hibernate.engine.jdbc.connections.internal.DataSourceConnectionProvider.getConnection(DataSourceConnectionProvider.java:137)
	at org.hibernate.engine.jdbc.env.internal.JdbcEnvironmentInitiator$ConnectionProviderJdbcConnectionAccess.obtainConnection(JdbcEnvironmentInitiator.java:508)
	at org.hibernate.resource.transaction.backend.jdbc.internal.JdbcIsolationDelegate.delegateWork(JdbcIsolationDelegate.java:48)
	... 122 common frames omitted
2026-05-01 23:41:15,645 WARN o.h.e.j.d.i.DialectFactoryImpl [main] HHH90000025: PostgreSQLDialect does not need to be specified explicitly using 'hibernate.dialect' (remove the property setting and it will be selected by default)
2026-05-01 23:41:15,658 INFO o.h.e.j.e.i.JdbcEnvironmentInitiator [main] HHH10001005: Database info:
	Database JDBC URL [undefined/unknown]
	Database driver: undefined/unknown
	Database dialect: PostgreSQLDialect
	Database version: 13.0
	Default catalog/schema: unknown/unknown
	Autocommit mode: undefined/unknown
	Isolation level: NONE [default NONE]
	JDBC fetch size: undefined/unknown
	Pool: DataSourceConnectionProvider
	Minimum pool size: undefined/unknown
	Maximum pool size: undefined/unknown
2026-05-01 23:41:16,938 INFO o.h.e.t.j.p.i.JtaPlatformInitiator [main] HHH000489: No JTA platform available (set 'hibernate.transaction.jta.platform' to enable JTA platform integration)
2026-05-01 23:41:16,961 INFO c.z.h.HikariDataSource [main] HikariPool-1 - Starting...
2026-05-01 23:41:18,011 WARN o.h.e.j.s.SqlExceptionHelper [main] HHH000247: ErrorCode: 0, SQLState: 28P01
2026-05-01 23:41:18,015 WARN o.h.e.j.s.SqlExceptionHelper [main] FATAL: password authentication failed for user "postgres"
2026-05-01 23:41:18,018 ERROR o.s.o.j.AbstractEntityManagerFactoryBean [main] Failed to initialize JPA EntityManagerFactory: Unable to build Hibernate SessionFactory  [persistence unit: default] ; nested exception is org.hibernate.exception.AuthException: Unable to open JDBC Connection for DDL execution [FATAL: password authentication failed for user "postgres"] [n/a]
2026-05-01 23:41:18,019 ERROR o.s.b.t.s.DeferredServletContainerInitializers [main] Error starting Tomcat context. Exception: org.springframework.beans.factory.UnsatisfiedDependencyException. Message: Error creating bean with name 'jwtAuthenticationFilter' defined in file [C:\Projects\prescribe\backend\target\classes\com\spring\boot\super30\backend\security\jwt\JwtAuthenticationFilter.class]: Unsatisfied dependency expressed through constructor parameter 1: Error creating bean with name 'customUserDetailsService' defined in file [C:\Projects\prescribe\backend\target\classes\com\spring\boot\super30\backend\security\service\CustomUserDetailsService.class]: Unsatisfied dependency expressed through constructor parameter 0: Error creating bean with name 'userRepository' defined in com.spring.boot.super30.backend.shared.repository.UserRepository defined in @EnableJpaRepositories declared on DataJpaRepositoriesRegistrar.EnableJpaRepositoriesConfiguration: Cannot resolve reference to bean 'jpaSharedEM_entityManagerFactory' while setting bean property 'entityManager'
2026-05-01 23:41:18,038 INFO o.a.j.l.DirectJDKLog [main] Stopping service [Tomcat]
2026-05-01 23:41:18,042 WARN o.s.c.s.AbstractApplicationContext [main] Exception encountered during context initialization - cancelling refresh attempt: org.springframework.context.ApplicationContextException: Unable to start web server
2026-05-01 23:41:18,047 INFO o.s.b.a.l.ConditionEvaluationReportLogger [main] 

Error starting ApplicationContext. To display the condition evaluation report re-run your application with 'debug' enabled.
2026-05-01 23:41:18,058 ERROR o.s.b.SpringApplication [main] Application run failed
org.springframework.context.ApplicationContextException: Unable to start web server
	at org.springframework.boot.web.server.servlet.context.ServletWebServerApplicationContext.onRefresh(ServletWebServerApplicationContext.java:167)
	at org.springframework.context.support.AbstractApplicationContext.refresh(AbstractApplicationContext.java:615)
	at org.springframework.boot.web.server.servlet.context.ServletWebServerApplicationContext.refresh(ServletWebServerApplicationContext.java:143)
	at org.springframework.boot.SpringApplication.refresh(SpringApplication.java:756)
	at org.springframework.boot.SpringApplication.refreshContext(SpringApplication.java:445)
	at org.springframework.boot.SpringApplication.run(SpringApplication.java:321)
	at org.springframework.boot.SpringApplication.run(SpringApplication.java:1365)
	at org.springframework.boot.SpringApplication.run(SpringApplication.java:1354)
	at com.spring.boot.super30.backend.BackendApplication.main(BackendApplication.java:10)
Caused by: org.springframework.boot.web.server.WebServerException: Unable to start embedded Tomcat
	at org.springframework.boot.tomcat.TomcatWebServer.initialize(TomcatWebServer.java:150)
	at org.springframework.boot.tomcat.TomcatWebServer.<init>(TomcatWebServer.java:110)
	at org.springframework.boot.tomcat.servlet.TomcatServletWebServerFactory.getTomcatWebServer(TomcatServletWebServerFactory.java:408)
	at org.springframework.boot.tomcat.servlet.TomcatServletWebServerFactory.getWebServer(TomcatServletWebServerFactory.java:166)
	at org.springframework.boot.web.server.servlet.context.ServletWebServerApplicationContext.createWebServer(ServletWebServerApplicationContext.java:190)
	at org.springframework.boot.web.server.servlet.context.ServletWebServerApplicationContext.onRefresh(ServletWebServerApplicationContext.java:164)
	... 8 common frames omitted
Caused by: org.springframework.beans.factory.UnsatisfiedDependencyException: Error creating bean with name 'jwtAuthenticationFilter' defined in file [C:\Projects\prescribe\backend\target\classes\com\spring\boot\super30\backend\security\jwt\JwtAuthenticationFilter.class]: Unsatisfied dependency expressed through constructor parameter 1: Error creating bean with name 'customUserDetailsService' defined in file [C:\Projects\prescribe\backend\target\classes\com\spring\boot\super30\backend\security\service\CustomUserDetailsService.class]: Unsatisfied dependency expressed through constructor parameter 0: Error creating bean with name 'userRepository' defined in com.spring.boot.super30.backend.shared.repository.UserRepository defined in @EnableJpaRepositories declared on DataJpaRepositoriesRegistrar.EnableJpaRepositoriesConfiguration: Cannot resolve reference to bean 'jpaSharedEM_entityManagerFactory' while setting bean property 'entityManager'
	at org.springframework.beans.factory.support.ConstructorResolver.createArgumentArray(ConstructorResolver.java:804)
	at org.springframework.beans.factory.support.ConstructorResolver.autowireConstructor(ConstructorResolver.java:240)
	at org.springframework.beans.factory.support.AbstractAutowireCapableBeanFactory.autowireConstructor(AbstractAutowireCapableBeanFactory.java:1382)
	at org.springframework.beans.factory.support.AbstractAutowireCapableBeanFactory.createBeanInstance(AbstractAutowireCapableBeanFactory.java:1221)
	at org.springframework.beans.factory.support.AbstractAutowireCapableBeanFactory.doCreateBean(AbstractAutowireCapableBeanFactory.java:565)
	at org.springframework.beans.factory.support.AbstractAutowireCapableBeanFactory.createBean(AbstractAutowireCapableBeanFactory.java:525)
	at org.springframework.beans.factory.support.AbstractBeanFactory.lambda$doGetBean$0(AbstractBeanFactory.java:333)
	at org.springframework.beans.factory.support.DefaultSingletonBeanRegistry.getSingleton(DefaultSingletonBeanRegistry.java:371)
	at org.springframework.beans.factory.support.AbstractBeanFactory.doGetBean(AbstractBeanFactory.java:331)
	at org.springframework.beans.factory.support.AbstractBeanFactory.getBean(AbstractBeanFactory.java:201)
	at org.springframework.boot.web.servlet.ServletContextInitializerBeans.getOrderedBeansOfType(ServletContextInitializerBeans.java:231)
	at org.springframework.boot.web.servlet.ServletContextInitializerBeans.addAsRegistrationBean(ServletContextInitializerBeans.java:185)
	at org.springframework.boot.web.servlet.ServletContextInitializerBeans.addAsRegistrationBean(ServletContextInitializerBeans.java:180)
	at org.springframework.boot.web.servlet.ServletContextInitializerBeans.addAdaptableBeans(ServletContextInitializerBeans.java:165)
	at org.springframework.boot.web.servlet.ServletContextInitializerBeans.<init>(ServletContextInitializerBeans.java:97)
	at org.springframework.boot.web.context.servlet.WebApplicationContextInitializer.initialize(WebApplicationContextInitializer.java:53)
	at org.springframework.boot.tomcat.servlet.DeferredServletContainerInitializers.onStartup(DeferredServletContainerInitializers.java:55)
	at org.apache.catalina.core.StandardContext.startInternal(StandardContext.java:4416)
	at org.apache.catalina.util.LifecycleBase.start(LifecycleBase.java:164)
	at org.apache.catalina.core.ContainerBase$StartChild.call(ContainerBase.java:1162)
	at org.apache.catalina.core.ContainerBase$StartChild.call(ContainerBase.java:1158)
	at java.base/java.util.concurrent.FutureTask.run(FutureTask.java:317)
	at org.apache.tomcat.util.threads.InlineExecutorService.execute(InlineExecutorService.java:81)
	at java.base/java.util.concurrent.AbstractExecutorService.submit(AbstractExecutorService.java:145)
	at org.apache.catalina.core.ContainerBase.startInternal(ContainerBase.java:714)
	at org.apache.catalina.core.StandardHost.startInternal(StandardHost.java:780)
	at org.apache.catalina.util.LifecycleBase.start(LifecycleBase.java:164)
	at org.apache.catalina.core.ContainerBase$StartChild.call(ContainerBase.java:1162)
	at org.apache.catalina.core.ContainerBase$StartChild.call(ContainerBase.java:1158)
	at java.base/java.util.concurrent.FutureTask.run(FutureTask.java:317)
	at org.apache.tomcat.util.threads.InlineExecutorService.execute(InlineExecutorService.java:81)
	at java.base/java.util.concurrent.AbstractExecutorService.submit(AbstractExecutorService.java:145)
	at org.apache.catalina.core.ContainerBase.startInternal(ContainerBase.java:714)
	at org.apache.catalina.core.StandardEngine.startInternal(StandardEngine.java:201)
	at org.apache.catalina.util.LifecycleBase.start(LifecycleBase.java:164)
	at org.apache.catalina.core.StandardService.startInternal(StandardService.java:410)
	at org.apache.catalina.util.LifecycleBase.start(LifecycleBase.java:164)
	at org.apache.catalina.core.StandardServer.startInternal(StandardServer.java:864)
	at org.apache.catalina.util.LifecycleBase.start(LifecycleBase.java:164)
	at org.apache.catalina.startup.Tomcat.start(Tomcat.java:435)
	at org.springframework.boot.tomcat.TomcatWebServer.initialize(TomcatWebServer.java:131)
	... 13 common frames omitted
Caused by: org.springframework.beans.factory.UnsatisfiedDependencyException: Error creating bean with name 'customUserDetailsService' defined in file [C:\Projects\prescribe\backend\target\classes\com\spring\boot\super30\backend\security\service\CustomUserDetailsService.class]: Unsatisfied dependency expressed through constructor parameter 0: Error creating bean with name 'userRepository' defined in com.spring.boot.super30.backend.shared.repository.UserRepository defined in @EnableJpaRepositories declared on DataJpaRepositoriesRegistrar.EnableJpaRepositoriesConfiguration: Cannot resolve reference to bean 'jpaSharedEM_entityManagerFactory' while setting bean property 'entityManager'
	at org.springframework.beans.factory.support.ConstructorResolver.createArgumentArray(ConstructorResolver.java:804)
	at org.springframework.beans.factory.support.ConstructorResolver.autowireConstructor(ConstructorResolver.java:240)
	at org.springframework.beans.factory.support.AbstractAutowireCapableBeanFactory.autowireConstructor(AbstractAutowireCapableBeanFactory.java:1382)
	at org.springframework.beans.factory.support.AbstractAutowireCapableBeanFactory.createBeanInstance(AbstractAutowireCapableBeanFactory.java:1221)
	at org.springframework.beans.factory.support.AbstractAutowireCapableBeanFactory.doCreateBean(AbstractAutowireCapableBeanFactory.java:565)
	at org.springframework.beans.factory.support.AbstractAutowireCapableBeanFactory.createBean(AbstractAutowireCapableBeanFactory.java:525)
	at org.springframework.beans.factory.support.AbstractBeanFactory.lambda$doGetBean$0(AbstractBeanFactory.java:333)
	at org.springframework.beans.factory.support.DefaultSingletonBeanRegistry.getSingleton(DefaultSingletonBeanRegistry.java:371)
	at org.springframework.beans.factory.support.AbstractBeanFactory.doGetBean(AbstractBeanFactory.java:331)
	at org.springframework.beans.factory.support.AbstractBeanFactory.getBean(AbstractBeanFactory.java:201)
	at org.springframework.beans.factory.config.DependencyDescriptor.resolveCandidate(DependencyDescriptor.java:229)
	at org.springframework.beans.factory.support.DefaultListableBeanFactory.doResolveDependency(DefaultListableBeanFactory.java:1762)
	at org.springframework.beans.factory.support.DefaultListableBeanFactory.resolveDependency(DefaultListableBeanFactory.java:1651)
	at org.springframework.beans.factory.support.ConstructorResolver.resolveAutowiredArgument(ConstructorResolver.java:912)
	at org.springframework.beans.factory.support.ConstructorResolver.createArgumentArray(ConstructorResolver.java:791)
	... 53 common frames omitted
Caused by: org.springframework.beans.factory.BeanCreationException: Error creating bean with name 'userRepository' defined in com.spring.boot.super30.backend.shared.repository.UserRepository defined in @EnableJpaRepositories declared on DataJpaRepositoriesRegistrar.EnableJpaRepositoriesConfiguration: Cannot resolve reference to bean 'jpaSharedEM_entityManagerFactory' while setting bean property 'entityManager'
	at org.springframework.beans.factory.support.BeanDefinitionValueResolver.resolveReference(BeanDefinitionValueResolver.java:377)
	at org.springframework.beans.factory.support.BeanDefinitionValueResolver.resolveValueIfNecessary(BeanDefinitionValueResolver.java:135)
	at org.springframework.beans.factory.support.AbstractAutowireCapableBeanFactory.applyPropertyValues(AbstractAutowireCapableBeanFactory.java:1712)
	at org.springframework.beans.factory.support.AbstractAutowireCapableBeanFactory.populateBean(AbstractAutowireCapableBeanFactory.java:1461)
	at org.springframework.beans.factory.support.AbstractAutowireCapableBeanFactory.doCreateBean(AbstractAutowireCapableBeanFactory.java:602)
	at org.springframework.beans.factory.support.AbstractAutowireCapableBeanFactory.createBean(AbstractAutowireCapableBeanFactory.java:525)
	at org.springframework.beans.factory.support.AbstractBeanFactory.lambda$doGetBean$0(AbstractBeanFactory.java:333)
	at org.springframework.beans.factory.support.DefaultSingletonBeanRegistry.getSingleton(DefaultSingletonBeanRegistry.java:371)
	at org.springframework.beans.factory.support.AbstractBeanFactory.doGetBean(AbstractBeanFactory.java:331)
	at org.springframework.beans.factory.support.AbstractBeanFactory.getBean(AbstractBeanFactory.java:201)
	at org.springframework.beans.factory.support.DefaultListableBeanFactory.resolveBean(DefaultListableBeanFactory.java:1225)
	at org.springframework.beans.factory.support.DefaultListableBeanFactory.doResolveDependency(DefaultListableBeanFactory.java:1704)
	at org.springframework.beans.factory.support.DefaultListableBeanFactory.resolveDependency(DefaultListableBeanFactory.java:1651)
	at org.springframework.beans.factory.support.ConstructorResolver.resolveAutowiredArgument(ConstructorResolver.java:912)
	at org.springframework.beans.factory.support.ConstructorResolver.createArgumentArray(ConstructorResolver.java:791)
	... 67 common frames omitted
Caused by: org.springframework.beans.factory.BeanCreationException: Error creating bean with name 'jpaSharedEM_entityManagerFactory': Cannot resolve reference to bean 'entityManagerFactory' while setting constructor argument
	at org.springframework.beans.factory.support.BeanDefinitionValueResolver.resolveReference(BeanDefinitionValueResolver.java:377)
	at org.springframework.beans.factory.support.BeanDefinitionValueResolver.resolveValueIfNecessary(BeanDefinitionValueResolver.java:135)
	at org.springframework.beans.factory.support.ConstructorResolver.resolveConstructorArguments(ConstructorResolver.java:691)
	at org.springframework.beans.factory.support.ConstructorResolver.instantiateUsingFactoryMethod(ConstructorResolver.java:513)
	at org.springframework.beans.factory.support.AbstractAutowireCapableBeanFactory.instantiateUsingFactoryMethod(AbstractAutowireCapableBeanFactory.java:1362)
	at org.springframework.beans.factory.support.AbstractAutowireCapableBeanFactory.createBeanInstance(AbstractAutowireCapableBeanFactory.java:1194)
	at org.springframework.beans.factory.support.AbstractAutowireCapableBeanFactory.doCreateBean(AbstractAutowireCapableBeanFactory.java:565)
	at org.springframework.beans.factory.support.AbstractAutowireCapableBeanFactory.createBean(AbstractAutowireCapableBeanFactory.java:525)
	at org.springframework.beans.factory.support.AbstractBeanFactory.lambda$doGetBean$0(AbstractBeanFactory.java:333)
	at org.springframework.beans.factory.support.DefaultSingletonBeanRegistry.getSingleton(DefaultSingletonBeanRegistry.java:371)
	at org.springframework.beans.factory.support.AbstractBeanFactory.doGetBean(AbstractBeanFactory.java:331)
	at org.springframework.beans.factory.support.AbstractBeanFactory.getBean(AbstractBeanFactory.java:201)
	at org.springframework.beans.factory.support.BeanDefinitionValueResolver.resolveReference(BeanDefinitionValueResolver.java:356)
	... 81 common frames omitted
Caused by: org.springframework.beans.factory.BeanCreationException: Error creating bean with name 'entityManagerFactory' defined in class path resource [org/springframework/boot/hibernate/autoconfigure/HibernateJpaConfiguration.class]: Unable to build Hibernate SessionFactory  [persistence unit: default] ; nested exception is org.hibernate.exception.AuthException: Unable to open JDBC Connection for DDL execution [FATAL: password authentication failed for user "postgres"] [n/a]
	at org.springframework.beans.factory.support.AbstractAutowireCapableBeanFactory.initializeBean(AbstractAutowireCapableBeanFactory.java:1817)
	at org.springframework.beans.factory.support.AbstractAutowireCapableBeanFactory.doCreateBean(AbstractAutowireCapableBeanFactory.java:603)
	at org.springframework.beans.factory.support.AbstractAutowireCapableBeanFactory.createBean(AbstractAutowireCapableBeanFactory.java:525)
	at org.springframework.beans.factory.support.AbstractBeanFactory.lambda$doGetBean$0(AbstractBeanFactory.java:333)
	at org.springframework.beans.factory.support.DefaultSingletonBeanRegistry.getSingleton(DefaultSingletonBeanRegistry.java:371)
	at org.springframework.beans.factory.support.AbstractBeanFactory.doGetBean(AbstractBeanFactory.java:331)
	at org.springframework.beans.factory.support.AbstractBeanFactory.getBean(AbstractBeanFactory.java:196)
	at org.springframework.beans.factory.support.BeanDefinitionValueResolver.resolveReference(BeanDefinitionValueResolver.java:365)
	... 93 common frames omitted
Caused by: jakarta.persistence.PersistenceException: Unable to build Hibernate SessionFactory  [persistence unit: default] ; nested exception is org.hibernate.exception.AuthException: Unable to open JDBC Connection for DDL execution [FATAL: password authentication failed for user "postgres"] [n/a]
	at org.springframework.orm.jpa.AbstractEntityManagerFactoryBean.buildNativeEntityManagerFactory(AbstractEntityManagerFactoryBean.java:448)
	at org.springframework.orm.jpa.AbstractEntityManagerFactoryBean.afterPropertiesSet(AbstractEntityManagerFactoryBean.java:411)
	at org.springframework.orm.jpa.LocalContainerEntityManagerFactoryBean.afterPropertiesSet(LocalContainerEntityManagerFactoryBean.java:419)
	at org.springframework.beans.factory.support.AbstractAutowireCapableBeanFactory.invokeInitMethods(AbstractAutowireCapableBeanFactory.java:1864)
	at org.springframework.beans.factory.support.AbstractAutowireCapableBeanFactory.initializeBean(AbstractAutowireCapableBeanFactory.java:1813)
	... 100 common frames omitted
Caused by: org.hibernate.exception.AuthException: Unable to open JDBC Connection for DDL execution [FATAL: password authentication failed for user "postgres"] [n/a]
	at org.hibernate.exception.internal.SQLStateConversionDelegate.convert(SQLStateConversionDelegate.java:87)
	at org.hibernate.exception.internal.StandardSQLExceptionConverter.convert(StandardSQLExceptionConverter.java:34)
	at org.hibernate.engine.jdbc.spi.SqlExceptionHelper.convert(SqlExceptionHelper.java:115)
	at org.hibernate.engine.jdbc.spi.SqlExceptionHelper.convert(SqlExceptionHelper.java:101)
	at org.hibernate.resource.transaction.backend.jdbc.internal.DdlTransactionIsolatorNonJtaImpl.getIsolatedConnection(DdlTransactionIsolatorNonJtaImpl.java:71)
	at org.hibernate.resource.transaction.backend.jdbc.internal.DdlTransactionIsolatorNonJtaImpl.getIsolatedConnection(DdlTransactionIsolatorNonJtaImpl.java:37)
	at org.hibernate.tool.schema.internal.exec.ImprovedExtractionContextImpl.getJdbcConnection(ImprovedExtractionContextImpl.java:61)
	at org.hibernate.tool.schema.extract.spi.ExtractionContext.getQueryResults(ExtractionContext.java:41)
	at org.hibernate.tool.schema.extract.internal.SequenceInformationExtractorLegacyImpl.extractMetadata(SequenceInformationExtractorLegacyImpl.java:36)
	at org.hibernate.tool.schema.extract.internal.DatabaseInformationImpl.initializeSequences(DatabaseInformationImpl.java:73)
	at org.hibernate.tool.schema.extract.internal.DatabaseInformationImpl.<init>(DatabaseInformationImpl.java:63)
	at org.hibernate.tool.schema.extract.internal.CachingDatabaseInformationImpl.<init>(CachingDatabaseInformationImpl.java:43)
	at org.hibernate.tool.schema.internal.GroupedSchemaMigratorImpl.buildDatabaseInformation(GroupedSchemaMigratorImpl.java:112)
	at org.hibernate.tool.schema.internal.AbstractSchemaMigrator.doMigration(AbstractSchemaMigrator.java:83)
	at org.hibernate.tool.schema.spi.SchemaManagementToolCoordinator.performDatabaseAction(SchemaManagementToolCoordinator.java:269)
	at org.hibernate.tool.schema.spi.SchemaManagementToolCoordinator.lambda$process$1(SchemaManagementToolCoordinator.java:101)
	at java.base/java.util.HashMap.forEach(HashMap.java:1429)
	at org.hibernate.tool.schema.spi.SchemaManagementToolCoordinator.process(SchemaManagementToolCoordinator.java:100)
	at org.hibernate.boot.internal.SessionFactoryObserverForSchemaExport.sessionFactoryCreated(SessionFactoryObserverForSchemaExport.java:35)
	at org.hibernate.internal.SessionFactoryObserverChain.sessionFactoryCreated(SessionFactoryObserverChain.java:33)
	at org.hibernate.internal.SessionFactoryImpl.<init>(SessionFactoryImpl.java:323)
	at org.hibernate.internal.SessionFactoryRegistry.instantiateSessionFactory(SessionFactoryRegistry.java:64)
	at org.hibernate.boot.internal.SessionFactoryBuilderImpl.build(SessionFactoryBuilderImpl.java:437)
	at org.hibernate.jpa.boot.internal.EntityManagerFactoryBuilderImpl.build(EntityManagerFactoryBuilderImpl.java:1456)
	at org.springframework.orm.jpa.vendor.SpringHibernateJpaPersistenceProvider.createContainerEntityManagerFactory(SpringHibernateJpaPersistenceProvider.java:93)
	at org.springframework.orm.jpa.LocalContainerEntityManagerFactoryBean.createNativeEntityManagerFactory(LocalContainerEntityManagerFactoryBean.java:443)
	at org.springframework.orm.jpa.AbstractEntityManagerFactoryBean.buildNativeEntityManagerFactory(AbstractEntityManagerFactoryBean.java:436)
	... 104 common frames omitted
Caused by: org.postgresql.util.PSQLException: FATAL: password authentication failed for user "postgres"
	at org.postgresql.core.v3.ConnectionFactoryImpl.doAuthentication(ConnectionFactoryImpl.java:778)
	at org.postgresql.core.v3.ConnectionFactoryImpl.tryConnect(ConnectionFactoryImpl.java:234)
	at org.postgresql.core.v3.ConnectionFactoryImpl.openConnectionImpl(ConnectionFactoryImpl.java:289)
	at org.postgresql.core.ConnectionFactory.openConnection(ConnectionFactory.java:57)
	at org.postgresql.jdbc.PgConnection.<init>(PgConnection.java:290)
	at org.postgresql.Driver.makeConnection(Driver.java:448)
	at org.postgresql.Driver.connect(Driver.java:298)
	at com.zaxxer.hikari.util.DriverDataSource.getConnection(DriverDataSource.java:144)
	at com.zaxxer.hikari.pool.PoolBase.newConnection(PoolBase.java:373)
	at com.zaxxer.hikari.pool.PoolBase.newPoolEntry(PoolBase.java:210)
	at com.zaxxer.hikari.pool.HikariPool.createPoolEntry(HikariPool.java:488)
	at com.zaxxer.hikari.pool.HikariPool.checkFailFast(HikariPool.java:576)
	at com.zaxxer.hikari.pool.HikariPool.<init>(HikariPool.java:97)
	at com.zaxxer.hikari.HikariDataSource.getConnection(HikariDataSource.java:111)
	at org.hibernate.engine.jdbc.connections.internal.DataSourceConnectionProvider.getConnection(DataSourceConnectionProvider.java:137)
	at org.hibernate.engine.jdbc.env.internal.JdbcEnvironmentInitiator$ConnectionProviderJdbcConnectionAccess.obtainConnection(JdbcEnvironmentInitiator.java:508)
	at org.hibernate.resource.transaction.backend.jdbc.internal.DdlTransactionIsolatorNonJtaImpl.getIsolatedConnection(DdlTransactionIsolatorNonJtaImpl.java:44)
	... 126 common frames omitted
2026-05-01 23:41:29,816 INFO o.s.b.StartupInfoLogger [main] Starting BackendApplication using Java 21.0.9 with PID 26216 (C:\Projects\prescribe\backend\target\classes started by Pranav in C:\Projects\prescribe\backend)
2026-05-01 23:41:29,819 INFO o.s.b.SpringApplication [main] No active profile set, falling back to 1 default profile: "default"
2026-05-01 23:41:30,019 INFO o.h.v.i.u.Version [background-preinit] HV000001: Hibernate Validator 9.0.1.Final
2026-05-01 23:41:30,557 INFO o.s.d.r.c.RepositoryConfigurationDelegate [main] Bootstrapping Spring Data JPA repositories in DEFAULT mode.
2026-05-01 23:41:30,647 INFO o.s.d.r.c.RepositoryConfigurationDelegate [main] Finished Spring Data repository scanning in 81 ms. Found 9 JPA repository interfaces.
2026-05-01 23:41:31,139 INFO o.s.b.t.TomcatWebServer [main] Tomcat initialized with port 8080 (http)
2026-05-01 23:41:31,151 INFO o.a.j.l.DirectJDKLog [main] Initializing ProtocolHandler ["http-nio-8080"]
2026-05-01 23:41:31,153 INFO o.a.j.l.DirectJDKLog [main] Starting service [Tomcat]
2026-05-01 23:41:31,154 INFO o.a.j.l.DirectJDKLog [main] Starting Servlet engine: [Apache Tomcat/11.0.18]
2026-05-01 23:41:31,210 INFO o.s.b.w.c.s.WebApplicationContextInitializer [main] Root WebApplicationContext: initialization completed in 1347 ms
2026-05-01 23:41:31,344 INFO o.h.j.i.u.LogHelper [main] HHH008540: Processing PersistenceUnitInfo [name: default]
2026-05-01 23:41:31,394 INFO o.h.Version [main] HHH000001: Hibernate ORM core version 7.2.4.Final
2026-05-01 23:41:31,813 INFO o.s.o.j.p.SpringPersistenceUnitInfo [main] No LoadTimeWeaver setup: ignoring JPA class transformer
2026-05-01 23:41:31,844 INFO c.z.h.HikariDataSource [main] HikariPool-1 - Starting...
2026-05-01 23:41:32,002 INFO c.z.h.p.HikariPool [main] HikariPool-1 - Added connection org.postgresql.jdbc.PgConnection@44d84313
2026-05-01 23:41:32,004 INFO c.z.h.HikariDataSource [main] HikariPool-1 - Start completed.
2026-05-01 23:41:32,032 WARN o.h.e.j.d.i.DialectFactoryImpl [main] HHH90000025: PostgreSQLDialect does not need to be specified explicitly using 'hibernate.dialect' (remove the property setting and it will be selected by default)
2026-05-01 23:41:32,054 INFO o.h.e.j.e.i.JdbcEnvironmentInitiator [main] HHH10001005: Database info:
	Database JDBC URL [jdbc:postgresql://localhost:5432/postgres]
	Database driver: PostgreSQL JDBC Driver
	Database dialect: PostgreSQLDialect
	Database version: 18.3
	Default catalog/schema: postgres/public
	Autocommit mode: undefined/unknown
	Isolation level: READ_COMMITTED [default READ_COMMITTED]
	JDBC fetch size: none
	Pool: DataSourceConnectionProvider
	Minimum pool size: undefined/unknown
	Maximum pool size: undefined/unknown
2026-05-01 23:41:33,276 INFO o.h.e.t.j.p.i.JtaPlatformInitiator [main] HHH000489: No JTA platform available (set 'hibernate.transaction.jta.platform' to enable JTA platform integration)
2026-05-01 23:41:33,375 INFO o.s.o.j.AbstractEntityManagerFactoryBean [main] Initialized JPA EntityManagerFactory for persistence unit 'default'
2026-05-01 23:41:33,428 INFO o.s.d.j.r.q.QueryEnhancerFactories [main] Hibernate is in classpath; If applicable, HQL parser will be used.
2026-05-01 23:41:34,334 INFO c.s.b.s.b.s.s.SubscriptionService [main] Razorpay client initialized successfully
2026-05-01 23:41:34,392 INFO o.s.s.c.a.a.c.InitializeAuthenticationProviderBeanManagerConfigurer$InitializeAuthenticationProviderManagerConfigurer [main] Global AuthenticationManager configured with AuthenticationProvider bean with name authenticationProvider
2026-05-01 23:41:34,393 WARN o.s.s.c.a.a.c.InitializeUserDetailsBeanManagerConfigurer$InitializeUserDetailsManagerConfigurer [main] Global AuthenticationManager configured with an AuthenticationProvider bean. UserDetailsService beans will not be used by Spring Security for automatically configuring username/password login. Consider removing the AuthenticationProvider bean. Alternatively, consider using the UserDetailsService in a manually instantiated DaoAuthenticationProvider. If the current configuration is intentional, to turn off this warning, increase the logging level of 'org.springframework.security.config.annotation.authentication.configuration.InitializeUserDetailsBeanManagerConfigurer' to ERROR
2026-05-01 23:41:34,513 WARN o.s.b.j.a.JpaBaseConfiguration$JpaWebConfiguration [main] spring.jpa.open-in-view is enabled by default. Therefore, database queries may be performed during view rendering. Explicitly configure spring.jpa.open-in-view to disable this warning
2026-05-01 23:41:34,998 INFO o.a.j.l.DirectJDKLog [main] Starting ProtocolHandler ["http-nio-8080"]
2026-05-01 23:41:35,009 INFO o.s.b.t.TomcatWebServer [main] Tomcat started on port 8080 (http) with context path '/'
2026-05-01 23:41:35,018 INFO o.s.b.StartupInfoLogger [main] Started BackendApplication in 5.735 seconds (process running for 6.133)
