2026-05-02 16:08:43,016 INFO o.s.b.StartupInfoLogger [main] Starting BackendApplication using Java 21.0.9 with PID 14916 (C:\Projects\prescribe\backend\target\classes started by Pranav in C:\Projects\prescribe\backend)
2026-05-02 16:08:43,021 INFO o.s.b.SpringApplication [main] No active profile set, falling back to 1 default profile: "default"
2026-05-02 16:08:43,384 INFO o.h.v.i.u.Version [background-preinit] HV000001: Hibernate Validator 9.0.1.Final
2026-05-02 16:08:44,175 INFO o.s.d.r.c.RepositoryConfigurationDelegate [main] Bootstrapping Spring Data JPA repositories in DEFAULT mode.
2026-05-02 16:08:44,294 INFO o.s.d.r.c.RepositoryConfigurationDelegate [main] Finished Spring Data repository scanning in 103 ms. Found 9 JPA repository interfaces.
2026-05-02 16:08:45,034 INFO o.s.b.t.TomcatWebServer [main] Tomcat initialized with port 8080 (http)
2026-05-02 16:08:45,052 INFO o.a.j.l.DirectJDKLog [main] Initializing ProtocolHandler ["http-nio-8080"]
2026-05-02 16:08:45,059 INFO o.a.j.l.DirectJDKLog [main] Starting service [Tomcat]
2026-05-02 16:08:45,062 INFO o.a.j.l.DirectJDKLog [main] Starting Servlet engine: [Apache Tomcat/11.0.18]
2026-05-02 16:08:45,154 INFO o.s.b.w.c.s.WebApplicationContextInitializer [main] Root WebApplicationContext: initialization completed in 2072 ms
2026-05-02 16:08:45,366 INFO o.h.j.i.u.LogHelper [main] HHH008540: Processing PersistenceUnitInfo [name: default]
2026-05-02 16:08:45,484 INFO o.h.Version [main] HHH000001: Hibernate ORM core version 7.2.4.Final
2026-05-02 16:08:46,247 INFO o.s.o.j.p.SpringPersistenceUnitInfo [main] No LoadTimeWeaver setup: ignoring JPA class transformer
2026-05-02 16:08:46,304 INFO c.z.h.HikariDataSource [main] HikariPool-1 - Starting...
2026-05-02 16:08:46,588 INFO c.z.h.p.HikariPool [main] HikariPool-1 - Added connection org.postgresql.jdbc.PgConnection@142918a0
2026-05-02 16:08:46,591 INFO c.z.h.HikariDataSource [main] HikariPool-1 - Start completed.
2026-05-02 16:08:46,672 WARN o.h.e.j.d.i.DialectFactoryImpl [main] HHH90000025: PostgreSQLDialect does not need to be specified explicitly using 'hibernate.dialect' (remove the property setting and it will be selected by default)
2026-05-02 16:08:46,713 INFO o.h.e.j.e.i.JdbcEnvironmentInitiator [main] HHH10001005: Database info:
	Database JDBC URL [jdbc:postgresql://localhost:5432/postgres]
	Database driver: PostgreSQL JDBC Driver
	Database dialect: PostgreSQLDialect
	Database version: 18.3
	Default catalog/schema: postgres/public
	Autocommit mode: undefined/unknown
	Isolation level: READ_COMMITTED [default READ_COMMITTED]
	JDBC fetch size: none
	Pool: DataSourceConnectionProvider
	Minimum pool size: undefined/unknown
	Maximum pool size: undefined/unknown
2026-05-02 16:08:48,643 INFO o.h.e.t.j.p.i.JtaPlatformInitiator [main] HHH000489: No JTA platform available (set 'hibernate.transaction.jta.platform' to enable JTA platform integration)
2026-05-02 16:08:48,992 INFO o.s.o.j.AbstractEntityManagerFactoryBean [main] Initialized JPA EntityManagerFactory for persistence unit 'default'
2026-05-02 16:08:49,074 INFO o.s.d.j.r.q.QueryEnhancerFactories [main] Hibernate is in classpath; If applicable, HQL parser will be used.
2026-05-02 16:08:50,682 INFO c.s.b.s.b.s.s.SubscriptionService [main] Razorpay client initialized successfully
2026-05-02 16:08:50,772 INFO o.s.s.c.a.a.c.InitializeAuthenticationProviderBeanManagerConfigurer$InitializeAuthenticationProviderManagerConfigurer [main] Global AuthenticationManager configured with AuthenticationProvider bean with name authenticationProvider
2026-05-02 16:08:50,772 WARN o.s.s.c.a.a.c.InitializeUserDetailsBeanManagerConfigurer$InitializeUserDetailsManagerConfigurer [main] Global AuthenticationManager configured with an AuthenticationProvider bean. UserDetailsService beans will not be used by Spring Security for automatically configuring username/password login. Consider removing the AuthenticationProvider bean. Alternatively, consider using the UserDetailsService in a manually instantiated DaoAuthenticationProvider. If the current configuration is intentional, to turn off this warning, increase the logging level of 'org.springframework.security.config.annotation.authentication.configuration.InitializeUserDetailsBeanManagerConfigurer' to ERROR
2026-05-02 16:08:50,993 WARN o.s.b.j.a.JpaBaseConfiguration$JpaWebConfiguration [main] spring.jpa.open-in-view is enabled by default. Therefore, database queries may be performed during view rendering. Explicitly configure spring.jpa.open-in-view to disable this warning
2026-05-02 16:08:51,685 INFO o.a.j.l.DirectJDKLog [main] Starting ProtocolHandler ["http-nio-8080"]
2026-05-02 16:08:51,700 INFO o.s.b.t.TomcatWebServer [main] Tomcat started on port 8080 (http) with context path '/'
2026-05-02 16:08:51,711 INFO o.s.b.StartupInfoLogger [main] Started BackendApplication in 9.706 seconds (process running for 10.38)
2026-05-02 16:10:12,797 INFO o.a.j.l.DirectJDKLog [http-nio-8080-exec-1] Initializing Spring DispatcherServlet 'dispatcherServlet'
2026-05-02 16:10:12,797 INFO o.s.w.s.FrameworkServlet [http-nio-8080-exec-1] Initializing Servlet 'dispatcherServlet'
2026-05-02 16:10:12,798 INFO o.s.w.s.FrameworkServlet [http-nio-8080-exec-1] Completed initialization in 0 ms
2026-05-02 16:10:13,194 INFO c.s.b.s.b.s.c.AuthController [http-nio-8080-exec-1] Requesting OTP for email: nhweekender17@gmail.com
2026-05-02 16:10:13,379 INFO c.s.b.s.b.s.s.EmailService [http-nio-8080-exec-1] Sending OTP email to nhweekender17@gmail.com
2026-05-02 16:10:16,917 ERROR c.s.b.s.b.s.s.EmailService [http-nio-8080-exec-1] Failed to send OTP email to nhweekender17@gmail.com
org.springframework.mail.MailAuthenticationException: Authentication failed
	at org.springframework.mail.javamail.JavaMailSenderImpl.doSend(JavaMailSenderImpl.java:389)
	at org.springframework.mail.javamail.JavaMailSenderImpl.send(JavaMailSenderImpl.java:304)
	at org.springframework.mail.MailSender.send(MailSender.java:42)
	at com.spring.boot.super30.backend.security.service.EmailService.sendOtpEmail(EmailService.java:24)
	at com.spring.boot.super30.backend.security.controller.AuthController.sendOtp(AuthController.java:94)
	at java.base/jdk.internal.reflect.DirectMethodHandleAccessor.invoke(DirectMethodHandleAccessor.java:103)
	at java.base/java.lang.reflect.Method.invoke(Method.java:580)
	at org.springframework.web.method.support.InvocableHandlerMethod.doInvoke(InvocableHandlerMethod.java:252)
	at org.springframework.web.method.support.InvocableHandlerMethod.invokeForRequest(InvocableHandlerMethod.java:184)
	at org.springframework.web.servlet.mvc.method.annotation.ServletInvocableHandlerMethod.invokeAndHandle(ServletInvocableHandlerMethod.java:117)
	at org.springframework.web.servlet.mvc.method.annotation.RequestMappingHandlerAdapter.invokeHandlerMethod(RequestMappingHandlerAdapter.java:934)
	at org.springframework.web.servlet.mvc.method.annotation.RequestMappingHandlerAdapter.handleInternal(RequestMappingHandlerAdapter.java:853)
	at org.springframework.web.servlet.mvc.method.AbstractHandlerMethodAdapter.handle(AbstractHandlerMethodAdapter.java:86)
	at org.springframework.web.servlet.DispatcherServlet.doDispatch(DispatcherServlet.java:963)
	at org.springframework.web.servlet.DispatcherServlet.doService(DispatcherServlet.java:866)
	at org.springframework.web.servlet.FrameworkServlet.processRequest(FrameworkServlet.java:1000)
	at org.springframework.web.servlet.FrameworkServlet.doPost(FrameworkServlet.java:903)
	at jakarta.servlet.http.HttpServlet.service(HttpServlet.java:649)
	at org.springframework.web.servlet.FrameworkServlet.service(FrameworkServlet.java:874)
	at jakarta.servlet.http.HttpServlet.service(HttpServlet.java:710)
	at org.apache.catalina.core.ApplicationFilterChain.doFilter(ApplicationFilterChain.java:128)
	at org.apache.tomcat.websocket.server.WsFilter.doFilter(WsFilter.java:53)
	at org.apache.catalina.core.ApplicationFilterChain.doFilter(ApplicationFilterChain.java:107)
	at org.springframework.web.filter.OncePerRequestFilter.doFilter(OncePerRequestFilter.java:110)
	at org.apache.catalina.core.ApplicationFilterChain.doFilter(ApplicationFilterChain.java:107)
	at org.springframework.web.filter.CompositeFilter$VirtualFilterChain.doFilter(CompositeFilter.java:108)
	at org.springframework.security.web.FilterChainProxy.lambda$doFilterInternal$3(FilterChainProxy.java:235)
	at org.springframework.security.web.FilterChainProxy$VirtualFilterChain.doFilter(FilterChainProxy.java:371)
	at org.springframework.security.web.access.intercept.AuthorizationFilter.doFilter(AuthorizationFilter.java:101)
	at org.springframework.security.web.FilterChainProxy$VirtualFilterChain.doFilter(FilterChainProxy.java:380)
	at org.springframework.security.web.access.ExceptionTranslationFilter.doFilter(ExceptionTranslationFilter.java:126)
	at org.springframework.security.web.access.ExceptionTranslationFilter.doFilter(ExceptionTranslationFilter.java:120)
	at org.springframework.security.web.FilterChainProxy$VirtualFilterChain.doFilter(FilterChainProxy.java:380)
	at org.springframework.security.web.session.SessionManagementFilter.doFilter(SessionManagementFilter.java:132)
	at org.springframework.security.web.session.SessionManagementFilter.doFilter(SessionManagementFilter.java:86)
	at org.springframework.security.web.FilterChainProxy$VirtualFilterChain.doFilter(FilterChainProxy.java:380)
	at org.springframework.security.web.authentication.AnonymousAuthenticationFilter.doFilter(AnonymousAuthenticationFilter.java:100)
	at org.springframework.security.web.FilterChainProxy$VirtualFilterChain.doFilter(FilterChainProxy.java:380)
	at org.springframework.security.web.servletapi.SecurityContextHolderAwareRequestFilter.doFilter(SecurityContextHolderAwareRequestFilter.java:181)
	at org.springframework.security.web.FilterChainProxy$VirtualFilterChain.doFilter(FilterChainProxy.java:380)
	at org.springframework.security.web.savedrequest.RequestCacheAwareFilter.doFilter(RequestCacheAwareFilter.java:63)
	at org.springframework.security.web.FilterChainProxy$VirtualFilterChain.doFilter(FilterChainProxy.java:380)
	at org.springframework.security.web.authentication.ui.DefaultLogoutPageGeneratingFilter.doFilterInternal(DefaultLogoutPageGeneratingFilter.java:60)
	at org.springframework.web.filter.OncePerRequestFilter.doFilter(OncePerRequestFilter.java:116)
	at org.springframework.security.web.FilterChainProxy$VirtualFilterChain.doFilter(FilterChainProxy.java:380)
	at org.springframework.security.web.authentication.ui.DefaultLoginPageGeneratingFilter.doFilter(DefaultLoginPageGeneratingFilter.java:246)
	at org.springframework.security.web.authentication.ui.DefaultLoginPageGeneratingFilter.doFilter(DefaultLoginPageGeneratingFilter.java:232)
	at org.springframework.security.web.FilterChainProxy$VirtualFilterChain.doFilter(FilterChainProxy.java:380)
	at org.springframework.security.web.authentication.ui.DefaultResourcesFilter.doFilter(DefaultResourcesFilter.java:73)
	at org.springframework.security.web.FilterChainProxy$VirtualFilterChain.doFilter(FilterChainProxy.java:380)
	at com.spring.boot.super30.backend.security.jwt.JwtAuthenticationFilter.doFilterInternal(JwtAuthenticationFilter.java:43)
	at org.springframework.web.filter.OncePerRequestFilter.doFilter(OncePerRequestFilter.java:116)
	at org.springframework.security.web.FilterChainProxy$VirtualFilterChain.doFilter(FilterChainProxy.java:380)
	at org.springframework.security.web.authentication.AbstractAuthenticationProcessingFilter.doFilter(AbstractAuthenticationProcessingFilter.java:245)
	at org.springframework.security.web.authentication.AbstractAuthenticationProcessingFilter.doFilter(AbstractAuthenticationProcessingFilter.java:239)
	at org.springframework.security.web.FilterChainProxy$VirtualFilterChain.doFilter(FilterChainProxy.java:380)
	at org.springframework.security.oauth2.client.web.OAuth2AuthorizationRequestRedirectFilter.doFilterInternal(OAuth2AuthorizationRequestRedirectFilter.java:195)
	at org.springframework.web.filter.OncePerRequestFilter.doFilter(OncePerRequestFilter.java:116)
	at org.springframework.security.web.FilterChainProxy$VirtualFilterChain.doFilter(FilterChainProxy.java:380)
	at org.springframework.security.web.authentication.logout.LogoutFilter.doFilter(LogoutFilter.java:110)
	at org.springframework.security.web.authentication.logout.LogoutFilter.doFilter(LogoutFilter.java:96)
	at org.springframework.security.web.FilterChainProxy$VirtualFilterChain.doFilter(FilterChainProxy.java:380)
	at org.springframework.web.filter.CorsFilter.doFilterInternal(CorsFilter.java:91)
	at org.springframework.web.filter.OncePerRequestFilter.doFilter(OncePerRequestFilter.java:116)
	at org.springframework.security.web.FilterChainProxy$VirtualFilterChain.doFilter(FilterChainProxy.java:380)
	at org.springframework.security.web.header.HeaderWriterFilter.doHeadersAfter(HeaderWriterFilter.java:90)
	at org.springframework.security.web.header.HeaderWriterFilter.doFilterInternal(HeaderWriterFilter.java:75)
	at org.springframework.web.filter.OncePerRequestFilter.doFilter(OncePerRequestFilter.java:116)
	at org.springframework.security.web.FilterChainProxy$VirtualFilterChain.doFilter(FilterChainProxy.java:380)
	at org.springframework.security.web.context.SecurityContextHolderFilter.doFilter(SecurityContextHolderFilter.java:82)
	at org.springframework.security.web.context.SecurityContextHolderFilter.doFilter(SecurityContextHolderFilter.java:69)
	at org.springframework.security.web.FilterChainProxy$VirtualFilterChain.doFilter(FilterChainProxy.java:380)
	at org.springframework.security.web.context.request.async.WebAsyncManagerIntegrationFilter.doFilterInternal(WebAsyncManagerIntegrationFilter.java:62)
	at org.springframework.web.filter.OncePerRequestFilter.doFilter(OncePerRequestFilter.java:116)
	at org.springframework.security.web.FilterChainProxy$VirtualFilterChain.doFilter(FilterChainProxy.java:380)
	at org.springframework.security.web.session.DisableEncodeUrlFilter.doFilterInternal(DisableEncodeUrlFilter.java:42)
	at org.springframework.web.filter.OncePerRequestFilter.doFilter(OncePerRequestFilter.java:116)
	at org.springframework.security.web.FilterChainProxy$VirtualFilterChain.doFilter(FilterChainProxy.java:380)
	at org.springframework.security.web.FilterChainProxy.doFilterInternal(FilterChainProxy.java:237)
	at org.springframework.security.web.FilterChainProxy.doFilter(FilterChainProxy.java:195)
	at org.springframework.web.filter.CompositeFilter$VirtualFilterChain.doFilter(CompositeFilter.java:113)
	at org.springframework.web.filter.ServletRequestPathFilter.doFilter(ServletRequestPathFilter.java:52)
	at org.springframework.web.filter.CompositeFilter$VirtualFilterChain.doFilter(CompositeFilter.java:113)
	at org.springframework.web.filter.CompositeFilter.doFilter(CompositeFilter.java:74)
	at org.springframework.security.config.annotation.web.configuration.WebSecurityConfiguration$CompositeFilterChainProxy.doFilter(WebSecurityConfiguration.java:317)
	at org.springframework.web.filter.DelegatingFilterProxy.invokeDelegate(DelegatingFilterProxy.java:355)
	at org.springframework.web.filter.DelegatingFilterProxy.doFilter(DelegatingFilterProxy.java:272)
	at org.apache.catalina.core.ApplicationFilterChain.doFilter(ApplicationFilterChain.java:107)
	at org.springframework.web.filter.RequestContextFilter.doFilterInternal(RequestContextFilter.java:100)
	at org.springframework.web.filter.OncePerRequestFilter.doFilter(OncePerRequestFilter.java:116)
	at org.apache.catalina.core.ApplicationFilterChain.doFilter(ApplicationFilterChain.java:107)
	at org.springframework.web.filter.FormContentFilter.doFilterInternal(FormContentFilter.java:93)
	at org.springframework.web.filter.OncePerRequestFilter.doFilter(OncePerRequestFilter.java:116)
	at org.apache.catalina.core.ApplicationFilterChain.doFilter(ApplicationFilterChain.java:107)
	at org.springframework.web.filter.CharacterEncodingFilter.doFilterInternal(CharacterEncodingFilter.java:199)
	at org.springframework.web.filter.OncePerRequestFilter.doFilter(OncePerRequestFilter.java:116)
	at org.apache.catalina.core.ApplicationFilterChain.doFilter(ApplicationFilterChain.java:107)
	at org.apache.catalina.core.StandardWrapperValve.invoke(StandardWrapperValve.java:165)
	at org.apache.catalina.core.StandardContextValve.invoke(StandardContextValve.java:77)
	at org.apache.catalina.authenticator.AuthenticatorBase.invoke(AuthenticatorBase.java:492)
	at org.apache.catalina.core.StandardHostValve.invoke(StandardHostValve.java:113)
	at org.apache.catalina.valves.ErrorReportValve.invoke(ErrorReportValve.java:83)
	at org.apache.catalina.core.StandardEngineValve.invoke(StandardEngineValve.java:72)
	at org.apache.catalina.connector.CoyoteAdapter.service(CoyoteAdapter.java:341)
	at org.apache.coyote.http11.Http11Processor.service(Http11Processor.java:397)
	at org.apache.coyote.AbstractProcessorLight.process(AbstractProcessorLight.java:63)
	at org.apache.coyote.AbstractProtocol$ConnectionHandler.process(AbstractProtocol.java:903)
	at org.apache.tomcat.util.net.NioEndpoint$SocketProcessor.doRun(NioEndpoint.java:1779)
	at org.apache.tomcat.util.net.SocketProcessorBase.run(SocketProcessorBase.java:52)
	at org.apache.tomcat.util.threads.ThreadPoolExecutor.runWorker(ThreadPoolExecutor.java:946)
	at org.apache.tomcat.util.threads.ThreadPoolExecutor$Worker.run(ThreadPoolExecutor.java:480)
	at org.apache.tomcat.util.threads.TaskThread$WrappingRunnable.run(TaskThread.java:57)
	at java.base/java.lang.Thread.run(Thread.java:1583)
Caused by: jakarta.mail.AuthenticationFailedException: 535-5.7.8 Username and Password not accepted. For more information, go to
535 5.7.8  https://support.google.com/mail/?p=BadCredentials 41be03b00d2f7-c7ffbbaa731sm4320512a12.5 - gsmtp

	at org.eclipse.angus.mail.smtp.SMTPTransport$Authenticator.authenticate(SMTPTransport.java:954)
	at org.eclipse.angus.mail.smtp.SMTPTransport.authenticate(SMTPTransport.java:865)
	at org.eclipse.angus.mail.smtp.SMTPTransport.protocolConnect(SMTPTransport.java:769)
	at jakarta.mail.Service.connect(Service.java:345)
	at org.springframework.mail.javamail.JavaMailSenderImpl.connectTransport(JavaMailSenderImpl.java:467)
	at org.springframework.mail.javamail.JavaMailSenderImpl.doSend(JavaMailSenderImpl.java:386)
	... 112 common frames omitted
2026-05-02 16:10:16,931 ERROR c.s.b.s.b.e.GlobalExceptionHandler [http-nio-8080-exec-1] Unhandled logical exception occurred at /api/auth/send-otp: Failed to send OTP email
java.lang.RuntimeException: Failed to send OTP email
	at com.spring.boot.super30.backend.security.service.EmailService.sendOtpEmail(EmailService.java:28)
	at com.spring.boot.super30.backend.security.controller.AuthController.sendOtp(AuthController.java:94)
	at java.base/jdk.internal.reflect.DirectMethodHandleAccessor.invoke(DirectMethodHandleAccessor.java:103)
	at java.base/java.lang.reflect.Method.invoke(Method.java:580)
	at org.springframework.web.method.support.InvocableHandlerMethod.doInvoke(InvocableHandlerMethod.java:252)
	at org.springframework.web.method.support.InvocableHandlerMethod.invokeForRequest(InvocableHandlerMethod.java:184)
	at org.springframework.web.servlet.mvc.method.annotation.ServletInvocableHandlerMethod.invokeAndHandle(ServletInvocableHandlerMethod.java:117)
	at org.springframework.web.servlet.mvc.method.annotation.RequestMappingHandlerAdapter.invokeHandlerMethod(RequestMappingHandlerAdapter.java:934)
	at org.springframework.web.servlet.mvc.method.annotation.RequestMappingHandlerAdapter.handleInternal(RequestMappingHandlerAdapter.java:853)
	at org.springframework.web.servlet.mvc.method.AbstractHandlerMethodAdapter.handle(AbstractHandlerMethodAdapter.java:86)
	at org.springframework.web.servlet.DispatcherServlet.doDispatch(DispatcherServlet.java:963)
	at org.springframework.web.servlet.DispatcherServlet.doService(DispatcherServlet.java:866)
	at org.springframework.web.servlet.FrameworkServlet.processRequest(FrameworkServlet.java:1000)
	at org.springframework.web.servlet.FrameworkServlet.doPost(FrameworkServlet.java:903)
	at jakarta.servlet.http.HttpServlet.service(HttpServlet.java:649)
	at org.springframework.web.servlet.FrameworkServlet.service(FrameworkServlet.java:874)
	at jakarta.servlet.http.HttpServlet.service(HttpServlet.java:710)
	at org.apache.catalina.core.ApplicationFilterChain.doFilter(ApplicationFilterChain.java:128)
	at org.apache.tomcat.websocket.server.WsFilter.doFilter(WsFilter.java:53)
	at org.apache.catalina.core.ApplicationFilterChain.doFilter(ApplicationFilterChain.java:107)
	at org.springframework.web.filter.OncePerRequestFilter.doFilter(OncePerRequestFilter.java:110)
	at org.apache.catalina.core.ApplicationFilterChain.doFilter(ApplicationFilterChain.java:107)
	at org.springframework.web.filter.CompositeFilter$VirtualFilterChain.doFilter(CompositeFilter.java:108)
	at org.springframework.security.web.FilterChainProxy.lambda$doFilterInternal$3(FilterChainProxy.java:235)
	at org.springframework.security.web.FilterChainProxy$VirtualFilterChain.doFilter(FilterChainProxy.java:371)
	at org.springframework.security.web.access.intercept.AuthorizationFilter.doFilter(AuthorizationFilter.java:101)
	at org.springframework.security.web.FilterChainProxy$VirtualFilterChain.doFilter(FilterChainProxy.java:380)
	at org.springframework.security.web.access.ExceptionTranslationFilter.doFilter(ExceptionTranslationFilter.java:126)
	at org.springframework.security.web.access.ExceptionTranslationFilter.doFilter(ExceptionTranslationFilter.java:120)
	at org.springframework.security.web.FilterChainProxy$VirtualFilterChain.doFilter(FilterChainProxy.java:380)
	at org.springframework.security.web.session.SessionManagementFilter.doFilter(SessionManagementFilter.java:132)
	at org.springframework.security.web.session.SessionManagementFilter.doFilter(SessionManagementFilter.java:86)
	at org.springframework.security.web.FilterChainProxy$VirtualFilterChain.doFilter(FilterChainProxy.java:380)
	at org.springframework.security.web.authentication.AnonymousAuthenticationFilter.doFilter(AnonymousAuthenticationFilter.java:100)
	at org.springframework.security.web.FilterChainProxy$VirtualFilterChain.doFilter(FilterChainProxy.java:380)
	at org.springframework.security.web.servletapi.SecurityContextHolderAwareRequestFilter.doFilter(SecurityContextHolderAwareRequestFilter.java:181)
	at org.springframework.security.web.FilterChainProxy$VirtualFilterChain.doFilter(FilterChainProxy.java:380)
	at org.springframework.security.web.savedrequest.RequestCacheAwareFilter.doFilter(RequestCacheAwareFilter.java:63)
	at org.springframework.security.web.FilterChainProxy$VirtualFilterChain.doFilter(FilterChainProxy.java:380)
	at org.springframework.security.web.authentication.ui.DefaultLogoutPageGeneratingFilter.doFilterInternal(DefaultLogoutPageGeneratingFilter.java:60)
	at org.springframework.web.filter.OncePerRequestFilter.doFilter(OncePerRequestFilter.java:116)
	at org.springframework.security.web.FilterChainProxy$VirtualFilterChain.doFilter(FilterChainProxy.java:380)
	at org.springframework.security.web.authentication.ui.DefaultLoginPageGeneratingFilter.doFilter(DefaultLoginPageGeneratingFilter.java:246)
	at org.springframework.security.web.authentication.ui.DefaultLoginPageGeneratingFilter.doFilter(DefaultLoginPageGeneratingFilter.java:232)
	at org.springframework.security.web.FilterChainProxy$VirtualFilterChain.doFilter(FilterChainProxy.java:380)
	at org.springframework.security.web.authentication.ui.DefaultResourcesFilter.doFilter(DefaultResourcesFilter.java:73)
	at org.springframework.security.web.FilterChainProxy$VirtualFilterChain.doFilter(FilterChainProxy.java:380)
	at com.spring.boot.super30.backend.security.jwt.JwtAuthenticationFilter.doFilterInternal(JwtAuthenticationFilter.java:43)
	at org.springframework.web.filter.OncePerRequestFilter.doFilter(OncePerRequestFilter.java:116)
	at org.springframework.security.web.FilterChainProxy$VirtualFilterChain.doFilter(FilterChainProxy.java:380)
	at org.springframework.security.web.authentication.AbstractAuthenticationProcessingFilter.doFilter(AbstractAuthenticationProcessingFilter.java:245)
	at org.springframework.security.web.authentication.AbstractAuthenticationProcessingFilter.doFilter(AbstractAuthenticationProcessingFilter.java:239)
	at org.springframework.security.web.FilterChainProxy$VirtualFilterChain.doFilter(FilterChainProxy.java:380)
	at org.springframework.security.oauth2.client.web.OAuth2AuthorizationRequestRedirectFilter.doFilterInternal(OAuth2AuthorizationRequestRedirectFilter.java:195)
	at org.springframework.web.filter.OncePerRequestFilter.doFilter(OncePerRequestFilter.java:116)
	at org.springframework.security.web.FilterChainProxy$VirtualFilterChain.doFilter(FilterChainProxy.java:380)
	at org.springframework.security.web.authentication.logout.LogoutFilter.doFilter(LogoutFilter.java:110)
	at org.springframework.security.web.authentication.logout.LogoutFilter.doFilter(LogoutFilter.java:96)
	at org.springframework.security.web.FilterChainProxy$VirtualFilterChain.doFilter(FilterChainProxy.java:380)
	at org.springframework.web.filter.CorsFilter.doFilterInternal(CorsFilter.java:91)
	at org.springframework.web.filter.OncePerRequestFilter.doFilter(OncePerRequestFilter.java:116)
	at org.springframework.security.web.FilterChainProxy$VirtualFilterChain.doFilter(FilterChainProxy.java:380)
	at org.springframework.security.web.header.HeaderWriterFilter.doHeadersAfter(HeaderWriterFilter.java:90)
	at org.springframework.security.web.header.HeaderWriterFilter.doFilterInternal(HeaderWriterFilter.java:75)
	at org.springframework.web.filter.OncePerRequestFilter.doFilter(OncePerRequestFilter.java:116)
	at org.springframework.security.web.FilterChainProxy$VirtualFilterChain.doFilter(FilterChainProxy.java:380)
	at org.springframework.security.web.context.SecurityContextHolderFilter.doFilter(SecurityContextHolderFilter.java:82)
	at org.springframework.security.web.context.SecurityContextHolderFilter.doFilter(SecurityContextHolderFilter.java:69)
	at org.springframework.security.web.FilterChainProxy$VirtualFilterChain.doFilter(FilterChainProxy.java:380)
	at org.springframework.security.web.context.request.async.WebAsyncManagerIntegrationFilter.doFilterInternal(WebAsyncManagerIntegrationFilter.java:62)
	at org.springframework.web.filter.OncePerRequestFilter.doFilter(OncePerRequestFilter.java:116)
	at org.springframework.security.web.FilterChainProxy$VirtualFilterChain.doFilter(FilterChainProxy.java:380)
	at org.springframework.security.web.session.DisableEncodeUrlFilter.doFilterInternal(DisableEncodeUrlFilter.java:42)
	at org.springframework.web.filter.OncePerRequestFilter.doFilter(OncePerRequestFilter.java:116)
	at org.springframework.security.web.FilterChainProxy$VirtualFilterChain.doFilter(FilterChainProxy.java:380)
	at org.springframework.security.web.FilterChainProxy.doFilterInternal(FilterChainProxy.java:237)
	at org.springframework.security.web.FilterChainProxy.doFilter(FilterChainProxy.java:195)
	at org.springframework.web.filter.CompositeFilter$VirtualFilterChain.doFilter(CompositeFilter.java:113)
	at org.springframework.web.filter.ServletRequestPathFilter.doFilter(ServletRequestPathFilter.java:52)
	at org.springframework.web.filter.CompositeFilter$VirtualFilterChain.doFilter(CompositeFilter.java:113)
	at org.springframework.web.filter.CompositeFilter.doFilter(CompositeFilter.java:74)
	at org.springframework.security.config.annotation.web.configuration.WebSecurityConfiguration$CompositeFilterChainProxy.doFilter(WebSecurityConfiguration.java:317)
	at org.springframework.web.filter.DelegatingFilterProxy.invokeDelegate(DelegatingFilterProxy.java:355)
	at org.springframework.web.filter.DelegatingFilterProxy.doFilter(DelegatingFilterProxy.java:272)
	at org.apache.catalina.core.ApplicationFilterChain.doFilter(ApplicationFilterChain.java:107)
	at org.springframework.web.filter.RequestContextFilter.doFilterInternal(RequestContextFilter.java:100)
	at org.springframework.web.filter.OncePerRequestFilter.doFilter(OncePerRequestFilter.java:116)
	at org.apache.catalina.core.ApplicationFilterChain.doFilter(ApplicationFilterChain.java:107)
	at org.springframework.web.filter.FormContentFilter.doFilterInternal(FormContentFilter.java:93)
	at org.springframework.web.filter.OncePerRequestFilter.doFilter(OncePerRequestFilter.java:116)
	at org.apache.catalina.core.ApplicationFilterChain.doFilter(ApplicationFilterChain.java:107)
	at org.springframework.web.filter.CharacterEncodingFilter.doFilterInternal(CharacterEncodingFilter.java:199)
	at org.springframework.web.filter.OncePerRequestFilter.doFilter(OncePerRequestFilter.java:116)
	at org.apache.catalina.core.ApplicationFilterChain.doFilter(ApplicationFilterChain.java:107)
	at org.apache.catalina.core.StandardWrapperValve.invoke(StandardWrapperValve.java:165)
	at org.apache.catalina.core.StandardContextValve.invoke(StandardContextValve.java:77)
	at org.apache.catalina.authenticator.AuthenticatorBase.invoke(AuthenticatorBase.java:492)
	at org.apache.catalina.core.StandardHostValve.invoke(StandardHostValve.java:113)
	at org.apache.catalina.valves.ErrorReportValve.invoke(ErrorReportValve.java:83)
	at org.apache.catalina.core.StandardEngineValve.invoke(StandardEngineValve.java:72)
	at org.apache.catalina.connector.CoyoteAdapter.service(CoyoteAdapter.java:341)
	at org.apache.coyote.http11.Http11Processor.service(Http11Processor.java:397)
	at org.apache.coyote.AbstractProcessorLight.process(AbstractProcessorLight.java:63)
	at org.apache.coyote.AbstractProtocol$ConnectionHandler.process(AbstractProtocol.java:903)
	at org.apache.tomcat.util.net.NioEndpoint$SocketProcessor.doRun(NioEndpoint.java:1779)
	at org.apache.tomcat.util.net.SocketProcessorBase.run(SocketProcessorBase.java:52)
	at org.apache.tomcat.util.threads.ThreadPoolExecutor.runWorker(ThreadPoolExecutor.java:946)
	at org.apache.tomcat.util.threads.ThreadPoolExecutor$Worker.run(ThreadPoolExecutor.java:480)
	at org.apache.tomcat.util.threads.TaskThread$WrappingRunnable.run(TaskThread.java:57)
	at java.base/java.lang.Thread.run(Thread.java:1583)
Caused by: org.springframework.mail.MailAuthenticationException: Authentication failed
	at org.springframework.mail.javamail.JavaMailSenderImpl.doSend(JavaMailSenderImpl.java:389)
	at org.springframework.mail.javamail.JavaMailSenderImpl.send(JavaMailSenderImpl.java:304)
	at org.springframework.mail.MailSender.send(MailSender.java:42)
	at com.spring.boot.super30.backend.security.service.EmailService.sendOtpEmail(EmailService.java:24)
	... 109 common frames omitted
Caused by: jakarta.mail.AuthenticationFailedException: 535-5.7.8 Username and Password not accepted. For more information, go to
535 5.7.8  https://support.google.com/mail/?p=BadCredentials 41be03b00d2f7-c7ffbbaa731sm4320512a12.5 - gsmtp

	at org.eclipse.angus.mail.smtp.SMTPTransport$Authenticator.authenticate(SMTPTransport.java:954)
	at org.eclipse.angus.mail.smtp.SMTPTransport.authenticate(SMTPTransport.java:865)
	at org.eclipse.angus.mail.smtp.SMTPTransport.protocolConnect(SMTPTransport.java:769)
	at jakarta.mail.Service.connect(Service.java:345)
	at org.springframework.mail.javamail.JavaMailSenderImpl.connectTransport(JavaMailSenderImpl.java:467)
	at org.springframework.mail.javamail.JavaMailSenderImpl.doSend(JavaMailSenderImpl.java:386)
	... 112 common frames omitted
2026-05-02 16:12:13,006 INFO o.s.b.StartupInfoLogger [main] Starting BackendApplication using Java 21.0.9 with PID 27960 (C:\Projects\prescribe\backend\target\classes started by Pranav in C:\Projects\prescribe\backend)
2026-05-02 16:12:13,013 INFO o.s.b.SpringApplication [main] No active profile set, falling back to 1 default profile: "default"
2026-05-02 16:12:13,269 INFO o.h.v.i.u.Version [background-preinit] HV000001: Hibernate Validator 9.0.1.Final
2026-05-02 16:12:13,886 INFO o.s.d.r.c.RepositoryConfigurationDelegate [main] Bootstrapping Spring Data JPA repositories in DEFAULT mode.
2026-05-02 16:12:13,982 INFO o.s.d.r.c.RepositoryConfigurationDelegate [main] Finished Spring Data repository scanning in 85 ms. Found 9 JPA repository interfaces.
2026-05-02 16:12:14,549 INFO o.s.b.t.TomcatWebServer [main] Tomcat initialized with port 8080 (http)
2026-05-02 16:12:14,563 INFO o.a.j.l.DirectJDKLog [main] Initializing ProtocolHandler ["http-nio-8080"]
2026-05-02 16:12:14,567 INFO o.a.j.l.DirectJDKLog [main] Starting service [Tomcat]
2026-05-02 16:12:14,567 INFO o.a.j.l.DirectJDKLog [main] Starting Servlet engine: [Apache Tomcat/11.0.18]
2026-05-02 16:12:14,647 INFO o.s.b.w.c.s.WebApplicationContextInitializer [main] Root WebApplicationContext: initialization completed in 1568 ms
2026-05-02 16:12:14,793 INFO o.h.j.i.u.LogHelper [main] HHH008540: Processing PersistenceUnitInfo [name: default]
2026-05-02 16:12:14,849 INFO o.h.Version [main] HHH000001: Hibernate ORM core version 7.2.4.Final
2026-05-02 16:12:15,318 INFO o.s.o.j.p.SpringPersistenceUnitInfo [main] No LoadTimeWeaver setup: ignoring JPA class transformer
2026-05-02 16:12:15,368 INFO c.z.h.HikariDataSource [main] HikariPool-1 - Starting...
2026-05-02 16:12:15,564 INFO c.z.h.p.HikariPool [main] HikariPool-1 - Added connection org.postgresql.jdbc.PgConnection@321b7b9e
2026-05-02 16:12:15,567 INFO c.z.h.HikariDataSource [main] HikariPool-1 - Start completed.
2026-05-02 16:12:15,602 WARN o.h.e.j.d.i.DialectFactoryImpl [main] HHH90000025: PostgreSQLDialect does not need to be specified explicitly using 'hibernate.dialect' (remove the property setting and it will be selected by default)
2026-05-02 16:12:15,629 INFO o.h.e.j.e.i.JdbcEnvironmentInitiator [main] HHH10001005: Database info:
	Database JDBC URL [jdbc:postgresql://localhost:5432/postgres]
	Database driver: PostgreSQL JDBC Driver
	Database dialect: PostgreSQLDialect
	Database version: 18.3
	Default catalog/schema: postgres/public
	Autocommit mode: undefined/unknown
	Isolation level: READ_COMMITTED [default READ_COMMITTED]
	JDBC fetch size: none
	Pool: DataSourceConnectionProvider
	Minimum pool size: undefined/unknown
	Maximum pool size: undefined/unknown
2026-05-02 16:12:17,152 INFO o.h.e.t.j.p.i.JtaPlatformInitiator [main] HHH000489: No JTA platform available (set 'hibernate.transaction.jta.platform' to enable JTA platform integration)
2026-05-02 16:12:17,269 INFO o.s.o.j.AbstractEntityManagerFactoryBean [main] Initialized JPA EntityManagerFactory for persistence unit 'default'
2026-05-02 16:12:17,332 INFO o.s.d.j.r.q.QueryEnhancerFactories [main] Hibernate is in classpath; If applicable, HQL parser will be used.
2026-05-02 16:12:18,357 INFO c.s.b.s.b.s.s.SubscriptionService [main] Razorpay client initialized successfully
2026-05-02 16:12:18,431 INFO o.s.s.c.a.a.c.InitializeAuthenticationProviderBeanManagerConfigurer$InitializeAuthenticationProviderManagerConfigurer [main] Global AuthenticationManager configured with AuthenticationProvider bean with name authenticationProvider
2026-05-02 16:12:18,431 WARN o.s.s.c.a.a.c.InitializeUserDetailsBeanManagerConfigurer$InitializeUserDetailsManagerConfigurer [main] Global AuthenticationManager configured with an AuthenticationProvider bean. UserDetailsService beans will not be used by Spring Security for automatically configuring username/password login. Consider removing the AuthenticationProvider bean. Alternatively, consider using the UserDetailsService in a manually instantiated DaoAuthenticationProvider. If the current configuration is intentional, to turn off this warning, increase the logging level of 'org.springframework.security.config.annotation.authentication.configuration.InitializeUserDetailsBeanManagerConfigurer' to ERROR
2026-05-02 16:12:18,607 WARN o.s.b.j.a.JpaBaseConfiguration$JpaWebConfiguration [main] spring.jpa.open-in-view is enabled by default. Therefore, database queries may be performed during view rendering. Explicitly configure spring.jpa.open-in-view to disable this warning
2026-05-02 16:12:19,191 INFO o.a.j.l.DirectJDKLog [main] Starting ProtocolHandler ["http-nio-8080"]
2026-05-02 16:12:19,203 INFO o.s.b.t.TomcatWebServer [main] Tomcat started on port 8080 (http) with context path '/'
2026-05-02 16:12:19,212 INFO o.s.b.StartupInfoLogger [main] Started BackendApplication in 6.926 seconds (process running for 7.487)
2026-05-02 16:12:24,331 INFO o.a.j.l.DirectJDKLog [http-nio-8080-exec-1] Initializing Spring DispatcherServlet 'dispatcherServlet'
2026-05-02 16:12:24,331 INFO o.s.w.s.FrameworkServlet [http-nio-8080-exec-1] Initializing Servlet 'dispatcherServlet'
2026-05-02 16:12:24,334 INFO o.s.w.s.FrameworkServlet [http-nio-8080-exec-1] Completed initialization in 3 ms
2026-05-02 16:12:24,699 INFO c.s.b.s.b.s.c.AuthController [http-nio-8080-exec-1] Requesting OTP for email: nhweekender17@gmail.com
2026-05-02 16:12:24,878 INFO c.s.b.s.b.s.s.EmailService [http-nio-8080-exec-1] Sending OTP email to nhweekender17@gmail.com
2026-05-02 16:12:30,748 INFO c.s.b.s.b.s.s.EmailService [http-nio-8080-exec-1] OTP email sent successfully to nhweekender17@gmail.com
2026-05-02 16:12:50,899 INFO c.s.b.s.b.s.c.AuthController [http-nio-8080-exec-2] Verifying OTP for email: nhweekender17@gmail.com
2026-05-02 16:12:53,049 INFO c.s.b.s.b.s.c.AuthController [http-nio-8080-exec-2] Successfully authenticated user via OTP: nhweekender17@gmail.com
2026-05-02 16:12:53,375 INFO c.s.b.s.b.s.j.JwtAuthenticationFilter [http-nio-8080-exec-6] JWT validated successfully for context user: nhweekender17@gmail.com
2026-05-02 16:12:53,398 INFO c.s.b.s.b.d.c.DoctorController [http-nio-8080-exec-6] Received request to fetch doctor by email: nhweekender17@gmail.com
2026-05-02 16:12:53,402 INFO c.s.b.s.b.d.s.DoctorService [http-nio-8080-exec-6] Fetching doctor profile by email: nhweekender17@gmail.com
2026-05-02 16:12:53,494 ERROR c.s.b.s.b.d.s.DoctorService [http-nio-8080-exec-6] Doctor with email nhweekender17@gmail.com not found
2026-05-02 16:12:53,506 WARN c.s.b.s.b.e.GlobalExceptionHandler [http-nio-8080-exec-6] Resource Not Found at /doctors/email/nhweekender17%40gmail.com: Doctor not found
2026-05-02 16:12:53,593 INFO c.s.b.s.b.s.j.JwtAuthenticationFilter [http-nio-8080-exec-5] JWT validated successfully for context user: nhweekender17@gmail.com
2026-05-02 16:12:53,601 INFO c.s.b.s.b.d.c.DoctorController [http-nio-8080-exec-5] Received request to create a new doctor with email: nhweekender17@gmail.com
2026-05-02 16:12:53,630 INFO c.s.b.s.b.d.s.DoctorService [http-nio-8080-exec-5] Successfully saved doctor with ID: DOC-de3d3745
2026-05-02 16:12:53,631 INFO c.s.b.s.b.d.c.DoctorController [http-nio-8080-exec-5] Successfully created doctor with ID: DOC-de3d3745
2026-05-02 16:12:53,699 INFO c.s.b.s.b.s.j.JwtAuthenticationFilter [http-nio-8080-exec-9] JWT validated successfully for context user: nhweekender17@gmail.com
2026-05-02 16:12:53,730 INFO c.s.b.s.b.s.j.JwtAuthenticationFilter [http-nio-8080-exec-1] JWT validated successfully for context user: nhweekender17@gmail.com
2026-05-02 16:12:53,734 INFO c.s.b.s.b.d.c.DoctorController [http-nio-8080-exec-1] Received request to fetch doctor by email: nhweekender17@gmail.com
2026-05-02 16:12:53,735 INFO c.s.b.s.b.d.s.DoctorService [http-nio-8080-exec-1] Fetching doctor profile by email: nhweekender17@gmail.com
2026-05-02 16:12:53,735 INFO c.s.b.s.b.s.j.JwtAuthenticationFilter [http-nio-8080-exec-2] JWT validated successfully for context user: nhweekender17@gmail.com
2026-05-02 16:12:53,738 INFO c.s.b.s.b.s.c.DashboardController [http-nio-8080-exec-2] Fetching dashboard statistics
2026-05-02 16:12:53,788 INFO c.s.b.s.b.d.c.DoctorController [http-nio-8080-exec-9] Received request to upload license for doctor: DOC-de3d3745
2026-05-02 16:12:53,790 INFO c.s.b.s.b.d.s.DoctorService [http-nio-8080-exec-9] Uploading license for doctor ID: DOC-de3d3745
2026-05-02 16:12:53,791 INFO c.s.b.s.b.s.j.JwtAuthenticationFilter [http-nio-8080-exec-8] JWT validated successfully for context user: nhweekender17@gmail.com
2026-05-02 16:12:53,795 INFO c.s.b.s.b.s.j.JwtAuthenticationFilter [http-nio-8080-exec-7] JWT validated successfully for context user: nhweekender17@gmail.com
2026-05-02 16:12:53,796 INFO c.s.b.s.b.d.c.DoctorController [http-nio-8080-exec-8] Received request to fetch doctor by email: nhweekender17@gmail.com
2026-05-02 16:12:53,800 INFO c.s.b.s.b.p.c.PrescriptionController [http-nio-8080-exec-7] Fetching prescriptions for doctor ID: DOC-de3d3745
2026-05-02 16:12:53,800 INFO c.s.b.s.b.d.s.DoctorService [http-nio-8080-exec-8] Fetching doctor profile by email: nhweekender17@gmail.com
2026-05-02 16:12:53,810 INFO c.s.b.s.b.d.s.S3StorageService [http-nio-8080-exec-9] Uploading file to S3: bucket=prescribe-bucket-new, key=doctor-licenses/DOC-de3d3745/faf136e6-152e-4156-8e88-84f57880430b_CoverLetter_Hemut.pdf, storageClass=STANDARD
2026-05-02 16:12:53,829 INFO c.s.b.s.b.p.c.PrescriptionController [http-nio-8080-exec-7] Found 0 prescriptions for doctor ID: DOC-de3d3745
2026-05-02 16:12:53,864 INFO c.s.b.s.b.s.j.JwtAuthenticationFilter [http-nio-8080-exec-5] JWT validated successfully for context user: nhweekender17@gmail.com
2026-05-02 16:12:53,869 INFO c.s.b.s.b.p.c.PrescriptionController [http-nio-8080-exec-5] Fetching prescriptions for doctor ID: DOC-de3d3745
2026-05-02 16:12:53,879 INFO c.s.b.s.b.p.c.PrescriptionController [http-nio-8080-exec-5] Found 0 prescriptions for doctor ID: DOC-de3d3745
2026-05-02 16:12:53,905 INFO c.s.b.s.b.s.s.DashboardService [http-nio-8080-exec-2] Successfully calculated dashboard statistics: totalPatients=4, totalDoctors=5, verifiedDoctors=0
2026-05-02 16:12:53,931 INFO c.s.b.s.b.s.j.JwtAuthenticationFilter [http-nio-8080-exec-3] JWT validated successfully for context user: nhweekender17@gmail.com
2026-05-02 16:12:53,934 INFO c.s.b.s.b.s.c.DashboardController [http-nio-8080-exec-3] Fetching dashboard statistics
2026-05-02 16:12:53,958 INFO c.s.b.s.b.s.s.DashboardService [http-nio-8080-exec-3] Successfully calculated dashboard statistics: totalPatients=4, totalDoctors=5, verifiedDoctors=0
2026-05-02 16:12:55,152 INFO c.s.b.s.b.d.s.S3StorageService [http-nio-8080-exec-9] Successfully uploaded file to S3: doctor-licenses/DOC-de3d3745/faf136e6-152e-4156-8e88-84f57880430b_CoverLetter_Hemut.pdf
2026-05-02 16:12:56,235 INFO c.s.b.s.b.s.j.JwtAuthenticationFilter [http-nio-8080-exec-10] JWT validated successfully for context user: nhweekender17@gmail.com
2026-05-02 16:12:56,239 INFO c.s.b.s.b.p.c.PrescriptionController [http-nio-8080-exec-10] Fetching prescriptions for doctor ID: DOC-de3d3745
2026-05-02 16:12:56,253 INFO c.s.b.s.b.p.c.PrescriptionController [http-nio-8080-exec-10] Found 0 prescriptions for doctor ID: DOC-de3d3745
2026-05-02 16:12:56,277 INFO c.s.b.s.b.s.j.JwtAuthenticationFilter [http-nio-8080-exec-4] JWT validated successfully for context user: nhweekender17@gmail.com
2026-05-02 16:12:56,294 INFO c.s.b.s.b.p.c.PrescriptionController [http-nio-8080-exec-4] Fetching prescriptions for doctor ID: DOC-de3d3745
2026-05-02 16:12:56,304 INFO c.s.b.s.b.p.c.PrescriptionController [http-nio-8080-exec-4] Found 0 prescriptions for doctor ID: DOC-de3d3745
2026-05-02 16:12:56,636 INFO c.s.b.s.b.s.j.JwtAuthenticationFilter [http-nio-8080-exec-1] JWT validated successfully for context user: nhweekender17@gmail.com
2026-05-02 16:12:56,636 INFO c.s.b.s.b.s.j.JwtAuthenticationFilter [http-nio-8080-exec-6] JWT validated successfully for context user: nhweekender17@gmail.com
2026-05-02 16:12:56,639 INFO c.s.b.s.b.s.c.DashboardController [http-nio-8080-exec-1] Fetching dashboard statistics
2026-05-02 16:12:56,641 INFO c.s.b.s.b.d.c.DoctorController [http-nio-8080-exec-6] Received request to fetch doctor by email: nhweekender17@gmail.com
2026-05-02 16:12:56,641 INFO c.s.b.s.b.d.s.DoctorService [http-nio-8080-exec-6] Fetching doctor profile by email: nhweekender17@gmail.com
2026-05-02 16:12:56,673 INFO c.s.b.s.b.s.s.DashboardService [http-nio-8080-exec-1] Successfully calculated dashboard statistics: totalPatients=4, totalDoctors=5, verifiedDoctors=0
2026-05-02 16:12:56,674 INFO c.s.b.s.b.s.j.JwtAuthenticationFilter [http-nio-8080-exec-8] JWT validated successfully for context user: nhweekender17@gmail.com
2026-05-02 16:12:56,675 INFO c.s.b.s.b.s.j.JwtAuthenticationFilter [http-nio-8080-exec-7] JWT validated successfully for context user: nhweekender17@gmail.com
2026-05-02 16:12:56,680 INFO c.s.b.s.b.p.c.PrescriptionController [http-nio-8080-exec-7] Fetching prescriptions for doctor ID: DOC-de3d3745
2026-05-02 16:12:56,680 INFO c.s.b.s.b.d.c.DoctorController [http-nio-8080-exec-8] Received request to fetch doctor by email: nhweekender17@gmail.com
2026-05-02 16:12:56,681 INFO c.s.b.s.b.d.s.DoctorService [http-nio-8080-exec-8] Fetching doctor profile by email: nhweekender17@gmail.com
2026-05-02 16:12:56,691 INFO c.s.b.s.b.p.c.PrescriptionController [http-nio-8080-exec-7] Found 0 prescriptions for doctor ID: DOC-de3d3745
2026-05-02 16:12:56,699 INFO c.s.b.s.b.s.j.JwtAuthenticationFilter [http-nio-8080-exec-5] JWT validated successfully for context user: nhweekender17@gmail.com
2026-05-02 16:12:56,701 INFO c.s.b.s.b.s.c.DashboardController [http-nio-8080-exec-5] Fetching dashboard statistics
2026-05-02 16:12:56,715 INFO c.s.b.s.b.s.j.JwtAuthenticationFilter [http-nio-8080-exec-2] JWT validated successfully for context user: nhweekender17@gmail.com
2026-05-02 16:12:56,718 INFO c.s.b.s.b.p.c.PrescriptionController [http-nio-8080-exec-2] Fetching prescriptions for doctor ID: DOC-de3d3745
2026-05-02 16:12:56,725 INFO c.s.b.s.b.s.s.DashboardService [http-nio-8080-exec-5] Successfully calculated dashboard statistics: totalPatients=4, totalDoctors=5, verifiedDoctors=0
2026-05-02 16:12:56,729 INFO c.s.b.s.b.p.c.PrescriptionController [http-nio-8080-exec-2] Found 0 prescriptions for doctor ID: DOC-de3d3745
2026-05-02 16:13:08,471 INFO c.s.b.s.b.s.j.JwtAuthenticationFilter [http-nio-8080-exec-1] JWT validated successfully for context user: nhweekender17@gmail.com
2026-05-02 16:13:08,471 INFO c.s.b.s.b.s.j.JwtAuthenticationFilter [http-nio-8080-exec-6] JWT validated successfully for context user: nhweekender17@gmail.com
2026-05-02 16:13:08,474 INFO c.s.b.s.b.s.c.DashboardController [http-nio-8080-exec-1] Fetching dashboard statistics
2026-05-02 16:13:08,474 INFO c.s.b.s.b.d.c.DoctorController [http-nio-8080-exec-6] Received request to fetch doctor by email: nhweekender17@gmail.com
2026-05-02 16:13:08,475 INFO c.s.b.s.b.d.s.DoctorService [http-nio-8080-exec-6] Fetching doctor profile by email: nhweekender17@gmail.com
2026-05-02 16:13:08,501 INFO c.s.b.s.b.s.s.DashboardService [http-nio-8080-exec-1] Successfully calculated dashboard statistics: totalPatients=4, totalDoctors=5, verifiedDoctors=0
2026-05-02 16:13:08,505 INFO c.s.b.s.b.s.j.JwtAuthenticationFilter [http-nio-8080-exec-8] JWT validated successfully for context user: nhweekender17@gmail.com
2026-05-02 16:13:08,507 INFO c.s.b.s.b.d.c.DoctorController [http-nio-8080-exec-8] Received request to fetch doctor by email: nhweekender17@gmail.com
2026-05-02 16:13:08,507 INFO c.s.b.s.b.s.j.JwtAuthenticationFilter [http-nio-8080-exec-5] JWT validated successfully for context user: nhweekender17@gmail.com
2026-05-02 16:13:08,507 INFO c.s.b.s.b.d.s.DoctorService [http-nio-8080-exec-8] Fetching doctor profile by email: nhweekender17@gmail.com
2026-05-02 16:13:08,511 INFO c.s.b.s.b.p.c.PrescriptionController [http-nio-8080-exec-5] Fetching prescriptions for doctor ID: DOC-de3d3745
2026-05-02 16:13:08,520 INFO c.s.b.s.b.p.c.PrescriptionController [http-nio-8080-exec-5] Found 0 prescriptions for doctor ID: DOC-de3d3745
2026-05-02 16:13:08,525 INFO c.s.b.s.b.s.j.JwtAuthenticationFilter [http-nio-8080-exec-2] JWT validated successfully for context user: nhweekender17@gmail.com
2026-05-02 16:13:08,530 INFO c.s.b.s.b.s.c.DashboardController [http-nio-8080-exec-2] Fetching dashboard statistics
2026-05-02 16:13:08,544 INFO c.s.b.s.b.s.j.JwtAuthenticationFilter [http-nio-8080-exec-4] JWT validated successfully for context user: nhweekender17@gmail.com
2026-05-02 16:13:08,548 INFO c.s.b.s.b.p.c.PrescriptionController [http-nio-8080-exec-4] Fetching prescriptions for doctor ID: DOC-de3d3745
2026-05-02 16:13:08,555 INFO c.s.b.s.b.s.s.DashboardService [http-nio-8080-exec-2] Successfully calculated dashboard statistics: totalPatients=4, totalDoctors=5, verifiedDoctors=0
2026-05-02 16:13:08,556 INFO c.s.b.s.b.p.c.PrescriptionController [http-nio-8080-exec-4] Found 0 prescriptions for doctor ID: DOC-de3d3745
2026-05-02 16:13:36,297 INFO c.s.b.s.b.s.c.AuthController [http-nio-8080-exec-10] Requesting OTP for email: prescribe.service@gmail.com
2026-05-02 16:13:36,319 INFO c.s.b.s.b.s.s.EmailService [http-nio-8080-exec-10] Sending OTP email to prescribe.service@gmail.com
2026-05-02 16:13:41,502 INFO c.s.b.s.b.s.s.EmailService [http-nio-8080-exec-10] OTP email sent successfully to prescribe.service@gmail.com
2026-05-02 16:14:07,628 INFO c.s.b.s.b.s.c.AuthController [http-nio-8080-exec-6] Requesting OTP for email: prescribe.services@gmail.com
2026-05-02 16:14:07,652 INFO c.s.b.s.b.s.s.EmailService [http-nio-8080-exec-6] Sending OTP email to prescribe.services@gmail.com
2026-05-02 16:14:12,213 INFO c.s.b.s.b.s.s.EmailService [http-nio-8080-exec-6] OTP email sent successfully to prescribe.services@gmail.com
2026-05-02 16:14:34,824 INFO c.s.b.s.b.s.c.AuthController [http-nio-8080-exec-4] Verifying OTP for email: prescribe.services@gmail.com
2026-05-02 16:14:35,131 INFO c.s.b.s.b.s.c.AuthController [http-nio-8080-exec-4] Successfully authenticated user via OTP: prescribe.services@gmail.com
2026-05-02 16:14:35,161 INFO c.s.b.s.b.s.j.JwtAuthenticationFilter [http-nio-8080-exec-10] JWT validated successfully for context user: prescribe.services@gmail.com
2026-05-02 16:14:35,164 INFO c.s.b.s.b.d.c.DoctorController [http-nio-8080-exec-10] Received request to fetch doctor by email: prescribe.services@gmail.com
2026-05-02 16:14:35,166 INFO c.s.b.s.b.d.s.DoctorService [http-nio-8080-exec-10] Fetching doctor profile by email: prescribe.services@gmail.com
2026-05-02 16:14:35,171 ERROR c.s.b.s.b.d.s.DoctorService [http-nio-8080-exec-10] Doctor with email prescribe.services@gmail.com not found
2026-05-02 16:14:35,173 WARN c.s.b.s.b.e.GlobalExceptionHandler [http-nio-8080-exec-10] Resource Not Found at /doctors/email/prescribe.services%40gmail.com: Doctor not found
2026-05-02 16:14:35,209 INFO c.s.b.s.b.s.j.JwtAuthenticationFilter [http-nio-8080-exec-7] JWT validated successfully for context user: prescribe.services@gmail.com
2026-05-02 16:14:35,213 INFO c.s.b.s.b.d.c.DoctorController [http-nio-8080-exec-7] Received request to create a new doctor with email: prescribe.services@gmail.com
2026-05-02 16:14:35,234 INFO c.s.b.s.b.d.s.DoctorService [http-nio-8080-exec-7] Successfully saved doctor with ID: DOC-9b042f9e
2026-05-02 16:14:35,235 INFO c.s.b.s.b.d.c.DoctorController [http-nio-8080-exec-7] Successfully created doctor with ID: DOC-9b042f9e
2026-05-02 16:14:35,322 INFO c.s.b.s.b.s.j.JwtAuthenticationFilter [http-nio-8080-exec-6] JWT validated successfully for context user: prescribe.services@gmail.com
2026-05-02 16:14:35,322 INFO c.s.b.s.b.s.j.JwtAuthenticationFilter [http-nio-8080-exec-8] JWT validated successfully for context user: prescribe.services@gmail.com
2026-05-02 16:14:35,326 INFO c.s.b.s.b.s.c.DashboardController [http-nio-8080-exec-6] Fetching dashboard statistics
2026-05-02 16:14:35,326 INFO c.s.b.s.b.d.c.DoctorController [http-nio-8080-exec-8] Received request to fetch doctor by email: prescribe.services@gmail.com
2026-05-02 16:14:35,328 INFO c.s.b.s.b.d.s.DoctorService [http-nio-8080-exec-8] Fetching doctor profile by email: prescribe.services@gmail.com
2026-05-02 16:14:35,372 INFO c.s.b.s.b.s.s.DashboardService [http-nio-8080-exec-6] Successfully calculated dashboard statistics: totalPatients=4, totalDoctors=6, verifiedDoctors=0
2026-05-02 16:14:35,377 INFO c.s.b.s.b.s.j.JwtAuthenticationFilter [http-nio-8080-exec-2] JWT validated successfully for context user: prescribe.services@gmail.com
2026-05-02 16:14:35,380 INFO c.s.b.s.b.s.j.JwtAuthenticationFilter [http-nio-8080-exec-3] JWT validated successfully for context user: prescribe.services@gmail.com
2026-05-02 16:14:35,387 INFO c.s.b.s.b.d.c.DoctorController [http-nio-8080-exec-2] Received request to fetch doctor by email: prescribe.services@gmail.com
2026-05-02 16:14:35,387 INFO c.s.b.s.b.p.c.PrescriptionController [http-nio-8080-exec-3] Fetching prescriptions for doctor ID: DOC-9b042f9e
2026-05-02 16:14:35,391 INFO c.s.b.s.b.d.s.DoctorService [http-nio-8080-exec-2] Fetching doctor profile by email: prescribe.services@gmail.com
2026-05-02 16:14:35,400 INFO c.s.b.s.b.p.c.PrescriptionController [http-nio-8080-exec-3] Found 0 prescriptions for doctor ID: DOC-9b042f9e
2026-05-02 16:14:35,405 INFO c.s.b.s.b.s.j.JwtAuthenticationFilter [http-nio-8080-exec-10] JWT validated successfully for context user: prescribe.services@gmail.com
2026-05-02 16:14:35,409 INFO c.s.b.s.b.s.c.DashboardController [http-nio-8080-exec-10] Fetching dashboard statistics
2026-05-02 16:14:35,479 INFO c.s.b.s.b.s.j.JwtAuthenticationFilter [http-nio-8080-exec-9] JWT validated successfully for context user: prescribe.services@gmail.com
2026-05-02 16:14:35,483 INFO c.s.b.s.b.p.c.PrescriptionController [http-nio-8080-exec-9] Fetching prescriptions for doctor ID: DOC-9b042f9e
2026-05-02 16:14:35,485 INFO c.s.b.s.b.s.s.DashboardService [http-nio-8080-exec-10] Successfully calculated dashboard statistics: totalPatients=4, totalDoctors=6, verifiedDoctors=0
2026-05-02 16:14:35,491 INFO c.s.b.s.b.p.c.PrescriptionController [http-nio-8080-exec-9] Found 0 prescriptions for doctor ID: DOC-9b042f9e
2026-05-02 16:15:41,388 INFO o.s.b.StartupInfoLogger [main] Starting BackendApplication using Java 21.0.9 with PID 14040 (C:\Projects\prescribe\backend\target\classes started by Pranav in C:\Projects\prescribe\backend)
2026-05-02 16:15:41,393 INFO o.s.b.SpringApplication [main] No active profile set, falling back to 1 default profile: "default"
2026-05-02 16:15:41,678 INFO o.h.v.i.u.Version [background-preinit] HV000001: Hibernate Validator 9.0.1.Final
2026-05-02 16:15:42,367 INFO o.s.d.r.c.RepositoryConfigurationDelegate [main] Bootstrapping Spring Data JPA repositories in DEFAULT mode.
2026-05-02 16:15:42,479 INFO o.s.d.r.c.RepositoryConfigurationDelegate [main] Finished Spring Data repository scanning in 99 ms. Found 9 JPA repository interfaces.
2026-05-02 16:15:43,063 INFO o.s.b.t.TomcatWebServer [main] Tomcat initialized with port 8080 (http)
2026-05-02 16:15:43,077 INFO o.a.j.l.DirectJDKLog [main] Initializing ProtocolHandler ["http-nio-8080"]
2026-05-02 16:15:43,078 INFO o.a.j.l.DirectJDKLog [main] Starting service [Tomcat]
2026-05-02 16:15:43,078 INFO o.a.j.l.DirectJDKLog [main] Starting Servlet engine: [Apache Tomcat/11.0.18]
2026-05-02 16:15:43,163 INFO o.s.b.w.c.s.WebApplicationContextInitializer [main] Root WebApplicationContext: initialization completed in 1714 ms
2026-05-02 16:15:43,328 INFO o.h.j.i.u.LogHelper [main] HHH008540: Processing PersistenceUnitInfo [name: default]
2026-05-02 16:15:43,393 INFO o.h.Version [main] HHH000001: Hibernate ORM core version 7.2.4.Final
2026-05-02 16:15:43,849 INFO o.s.o.j.p.SpringPersistenceUnitInfo [main] No LoadTimeWeaver setup: ignoring JPA class transformer
2026-05-02 16:15:43,891 INFO c.z.h.HikariDataSource [main] HikariPool-1 - Starting...
2026-05-02 16:15:44,083 INFO c.z.h.p.HikariPool [main] HikariPool-1 - Added connection org.postgresql.jdbc.PgConnection@3c1908c8
2026-05-02 16:15:44,083 INFO c.z.h.HikariDataSource [main] HikariPool-1 - Start completed.
2026-05-02 16:15:44,119 WARN o.h.e.j.d.i.DialectFactoryImpl [main] HHH90000025: PostgreSQLDialect does not need to be specified explicitly using 'hibernate.dialect' (remove the property setting and it will be selected by default)
2026-05-02 16:15:44,148 INFO o.h.e.j.e.i.JdbcEnvironmentInitiator [main] HHH10001005: Database info:
	Database JDBC URL [jdbc:postgresql://localhost:5432/postgres]
	Database driver: PostgreSQL JDBC Driver
	Database dialect: PostgreSQLDialect
	Database version: 18.3
	Default catalog/schema: postgres/public
	Autocommit mode: undefined/unknown
	Isolation level: READ_COMMITTED [default READ_COMMITTED]
	JDBC fetch size: none
	Pool: DataSourceConnectionProvider
	Minimum pool size: undefined/unknown
	Maximum pool size: undefined/unknown
2026-05-02 16:15:45,563 INFO o.h.e.t.j.p.i.JtaPlatformInitiator [main] HHH000489: No JTA platform available (set 'hibernate.transaction.jta.platform' to enable JTA platform integration)
2026-05-02 16:15:45,674 INFO o.s.o.j.AbstractEntityManagerFactoryBean [main] Initialized JPA EntityManagerFactory for persistence unit 'default'
2026-05-02 16:15:45,737 INFO o.s.d.j.r.q.QueryEnhancerFactories [main] Hibernate is in classpath; If applicable, HQL parser will be used.
2026-05-02 16:15:46,702 INFO c.s.b.s.b.s.s.SubscriptionService [main] Razorpay client initialized successfully
2026-05-02 16:15:46,773 INFO o.s.s.c.a.a.c.InitializeAuthenticationProviderBeanManagerConfigurer$InitializeAuthenticationProviderManagerConfigurer [main] Global AuthenticationManager configured with AuthenticationProvider bean with name authenticationProvider
2026-05-02 16:15:46,774 WARN o.s.s.c.a.a.c.InitializeUserDetailsBeanManagerConfigurer$InitializeUserDetailsManagerConfigurer [main] Global AuthenticationManager configured with an AuthenticationProvider bean. UserDetailsService beans will not be used by Spring Security for automatically configuring username/password login. Consider removing the AuthenticationProvider bean. Alternatively, consider using the UserDetailsService in a manually instantiated DaoAuthenticationProvider. If the current configuration is intentional, to turn off this warning, increase the logging level of 'org.springframework.security.config.annotation.authentication.configuration.InitializeUserDetailsBeanManagerConfigurer' to ERROR
2026-05-02 16:15:46,929 WARN o.s.b.j.a.JpaBaseConfiguration$JpaWebConfiguration [main] spring.jpa.open-in-view is enabled by default. Therefore, database queries may be performed during view rendering. Explicitly configure spring.jpa.open-in-view to disable this warning
2026-05-02 16:15:47,479 INFO o.a.j.l.DirectJDKLog [main] Starting ProtocolHandler ["http-nio-8080"]
2026-05-02 16:15:47,482 WARN o.s.c.s.AbstractApplicationContext [main] Exception encountered during context initialization - cancelling refresh attempt: org.springframework.context.ApplicationContextException: Failed to start bean 'webServerStartStop'
2026-05-02 16:15:47,484 INFO o.s.o.j.AbstractEntityManagerFactoryBean [main] Closing JPA EntityManagerFactory for persistence unit 'default'
2026-05-02 16:15:47,489 INFO c.z.h.HikariDataSource [main] HikariPool-1 - Shutdown initiated...
2026-05-02 16:15:47,493 INFO c.z.h.HikariDataSource [main] HikariPool-1 - Shutdown completed.
2026-05-02 16:15:47,520 INFO o.s.b.a.l.ConditionEvaluationReportLogger [main] 

Error starting ApplicationContext. To display the condition evaluation report re-run your application with 'debug' enabled.
2026-05-02 16:15:47,533 ERROR o.s.b.d.LoggingFailureAnalysisReporter [main] 

***************************
APPLICATION FAILED TO START
***************************

Description:

Web server failed to start. Port 8080 was already in use.

Action:

Identify and stop the process that's listening on port 8080 or configure this application to listen on another port.

2026-05-02 16:16:15,761 INFO c.s.b.s.b.s.j.JwtAuthenticationFilter [http-nio-8080-exec-10] JWT validated successfully for context user: nhweekender17@gmail.com
2026-05-02 16:16:15,761 INFO c.s.b.s.b.s.j.JwtAuthenticationFilter [http-nio-8080-exec-9] JWT validated successfully for context user: nhweekender17@gmail.com
2026-05-02 16:16:15,763 INFO c.s.b.s.b.s.c.DashboardController [http-nio-8080-exec-10] Fetching dashboard statistics
2026-05-02 16:16:15,763 INFO c.s.b.s.b.d.c.DoctorController [http-nio-8080-exec-9] Received request to fetch doctor by email: nhweekender17@gmail.com
2026-05-02 16:16:15,763 INFO c.s.b.s.b.d.s.DoctorService [http-nio-8080-exec-9] Fetching doctor profile by email: nhweekender17@gmail.com
2026-05-02 16:16:15,767 INFO c.s.b.s.b.s.j.JwtAuthenticationFilter [http-nio-8080-exec-8] JWT validated successfully for context user: prescribe.services@gmail.com
2026-05-02 16:16:15,769 INFO c.s.b.s.b.s.j.JwtAuthenticationFilter [http-nio-8080-exec-6] JWT validated successfully for context user: prescribe.services@gmail.com
2026-05-02 16:16:15,770 INFO c.s.b.s.b.s.c.DashboardController [http-nio-8080-exec-8] Fetching dashboard statistics
2026-05-02 16:16:15,773 INFO c.s.b.s.b.s.j.JwtAuthenticationFilter [http-nio-8080-exec-4] JWT validated successfully for context user: nhweekender17@gmail.com
2026-05-02 16:16:15,773 INFO c.s.b.s.b.d.c.DoctorController [http-nio-8080-exec-6] Received request to fetch doctor by email: prescribe.services@gmail.com
2026-05-02 16:16:15,774 INFO c.s.b.s.b.s.s.DashboardService [http-nio-8080-exec-10] Successfully calculated dashboard statistics: totalPatients=4, totalDoctors=6, verifiedDoctors=0
2026-05-02 16:16:15,777 INFO c.s.b.s.b.d.c.DoctorController [http-nio-8080-exec-4] Received request to fetch doctor by email: nhweekender17@gmail.com
2026-05-02 16:16:15,778 INFO c.s.b.s.b.d.s.DoctorService [http-nio-8080-exec-6] Fetching doctor profile by email: prescribe.services@gmail.com
2026-05-02 16:16:15,779 INFO c.s.b.s.b.s.j.JwtAuthenticationFilter [http-nio-8080-exec-1] JWT validated successfully for context user: nhweekender17@gmail.com
2026-05-02 16:16:15,780 INFO c.s.b.s.b.d.s.DoctorService [http-nio-8080-exec-4] Fetching doctor profile by email: nhweekender17@gmail.com
2026-05-02 16:16:15,782 INFO c.s.b.s.b.p.c.PrescriptionController [http-nio-8080-exec-1] Fetching prescriptions for doctor ID: DOC-de3d3745
2026-05-02 16:16:15,786 INFO c.s.b.s.b.s.j.JwtAuthenticationFilter [http-nio-8080-exec-7] JWT validated successfully for context user: nhweekender17@gmail.com
2026-05-02 16:16:15,788 INFO c.s.b.s.b.s.c.DashboardController [http-nio-8080-exec-7] Fetching dashboard statistics
2026-05-02 16:16:15,789 INFO c.s.b.s.b.s.s.DashboardService [http-nio-8080-exec-8] Successfully calculated dashboard statistics: totalPatients=4, totalDoctors=6, verifiedDoctors=0
2026-05-02 16:16:15,789 INFO c.s.b.s.b.p.c.PrescriptionController [http-nio-8080-exec-1] Found 0 prescriptions for doctor ID: DOC-de3d3745
2026-05-02 16:16:15,793 INFO c.s.b.s.b.s.j.JwtAuthenticationFilter [http-nio-8080-exec-3] JWT validated successfully for context user: prescribe.services@gmail.com
2026-05-02 16:16:15,795 INFO c.s.b.s.b.d.c.DoctorController [http-nio-8080-exec-3] Received request to fetch doctor by email: prescribe.services@gmail.com
2026-05-02 16:16:15,796 INFO c.s.b.s.b.d.s.DoctorService [http-nio-8080-exec-3] Fetching doctor profile by email: prescribe.services@gmail.com
2026-05-02 16:16:15,799 INFO c.s.b.s.b.s.j.JwtAuthenticationFilter [http-nio-8080-exec-5] JWT validated successfully for context user: prescribe.services@gmail.com
2026-05-02 16:16:15,802 INFO c.s.b.s.b.s.c.DashboardController [http-nio-8080-exec-5] Fetching dashboard statistics
2026-05-02 16:16:15,805 INFO c.s.b.s.b.s.s.DashboardService [http-nio-8080-exec-7] Successfully calculated dashboard statistics: totalPatients=4, totalDoctors=6, verifiedDoctors=0
2026-05-02 16:16:15,808 INFO c.s.b.s.b.s.j.JwtAuthenticationFilter [http-nio-8080-exec-9] JWT validated successfully for context user: nhweekender17@gmail.com
2026-05-02 16:16:15,813 INFO c.s.b.s.b.p.c.PrescriptionController [http-nio-8080-exec-9] Fetching prescriptions for doctor ID: DOC-de3d3745
2026-05-02 16:16:15,816 INFO c.s.b.s.b.s.j.JwtAuthenticationFilter [http-nio-8080-exec-10] JWT validated successfully for context user: prescribe.services@gmail.com
2026-05-02 16:16:15,820 INFO c.s.b.s.b.p.c.PrescriptionController [http-nio-8080-exec-10] Fetching prescriptions for doctor ID: DOC-9b042f9e
2026-05-02 16:16:15,834 INFO c.s.b.s.b.p.c.PrescriptionController [http-nio-8080-exec-9] Found 0 prescriptions for doctor ID: DOC-de3d3745
2026-05-02 16:16:15,839 INFO c.s.b.s.b.s.s.DashboardService [http-nio-8080-exec-5] Successfully calculated dashboard statistics: totalPatients=4, totalDoctors=6, verifiedDoctors=0
2026-05-02 16:16:15,839 INFO c.s.b.s.b.p.c.PrescriptionController [http-nio-8080-exec-10] Found 0 prescriptions for doctor ID: DOC-9b042f9e
2026-05-02 16:16:15,853 INFO c.s.b.s.b.s.j.JwtAuthenticationFilter [http-nio-8080-exec-6] JWT validated successfully for context user: prescribe.services@gmail.com
2026-05-02 16:16:15,855 INFO c.s.b.s.b.p.c.PrescriptionController [http-nio-8080-exec-6] Fetching prescriptions for doctor ID: DOC-9b042f9e
2026-05-02 16:16:15,866 INFO c.s.b.s.b.p.c.PrescriptionController [http-nio-8080-exec-6] Found 0 prescriptions for doctor ID: DOC-9b042f9e
2026-05-02 16:16:22,126 INFO c.s.b.s.b.s.j.JwtAuthenticationFilter [http-nio-8080-exec-3] JWT validated successfully for context user: prescribe.services@gmail.com
2026-05-02 16:16:22,127 INFO c.s.b.s.b.s.j.JwtAuthenticationFilter [http-nio-8080-exec-7] JWT validated successfully for context user: prescribe.services@gmail.com
2026-05-02 16:16:22,129 INFO c.s.b.s.b.d.c.DoctorController [http-nio-8080-exec-3] Received request to fetch doctor by email: prescribe.services@gmail.com
2026-05-02 16:16:22,129 INFO c.s.b.s.b.d.s.DoctorService [http-nio-8080-exec-3] Fetching doctor profile by email: prescribe.services@gmail.com
2026-05-02 16:16:22,130 INFO c.s.b.s.b.s.c.DashboardController [http-nio-8080-exec-7] Fetching dashboard statistics
2026-05-02 16:16:22,166 INFO c.s.b.s.b.s.s.DashboardService [http-nio-8080-exec-7] Successfully calculated dashboard statistics: totalPatients=4, totalDoctors=6, verifiedDoctors=0
2026-05-02 16:16:22,169 INFO c.s.b.s.b.s.j.JwtAuthenticationFilter [http-nio-8080-exec-9] JWT validated successfully for context user: prescribe.services@gmail.com
2026-05-02 16:16:22,170 INFO c.s.b.s.b.s.j.JwtAuthenticationFilter [http-nio-8080-exec-10] JWT validated successfully for context user: prescribe.services@gmail.com
2026-05-02 16:16:22,174 INFO c.s.b.s.b.d.c.DoctorController [http-nio-8080-exec-9] Received request to fetch doctor by email: prescribe.services@gmail.com
2026-05-02 16:16:22,174 INFO c.s.b.s.b.p.c.PrescriptionController [http-nio-8080-exec-10] Fetching prescriptions for doctor ID: DOC-9b042f9e
2026-05-02 16:16:22,179 INFO c.s.b.s.b.d.s.DoctorService [http-nio-8080-exec-9] Fetching doctor profile by email: prescribe.services@gmail.com
2026-05-02 16:16:22,187 INFO c.s.b.s.b.p.c.PrescriptionController [http-nio-8080-exec-10] Found 0 prescriptions for doctor ID: DOC-9b042f9e
2026-05-02 16:16:22,192 INFO c.s.b.s.b.s.j.JwtAuthenticationFilter [http-nio-8080-exec-6] JWT validated successfully for context user: prescribe.services@gmail.com
2026-05-02 16:16:22,196 INFO c.s.b.s.b.s.c.DashboardController [http-nio-8080-exec-6] Fetching dashboard statistics
2026-05-02 16:16:22,207 INFO c.s.b.s.b.s.j.JwtAuthenticationFilter [http-nio-8080-exec-1] JWT validated successfully for context user: prescribe.services@gmail.com
2026-05-02 16:16:22,212 INFO c.s.b.s.b.p.c.PrescriptionController [http-nio-8080-exec-1] Fetching prescriptions for doctor ID: DOC-9b042f9e
2026-05-02 16:16:22,223 INFO c.s.b.s.b.p.c.PrescriptionController [http-nio-8080-exec-1] Found 0 prescriptions for doctor ID: DOC-9b042f9e
2026-05-02 16:16:22,224 INFO c.s.b.s.b.s.s.DashboardService [http-nio-8080-exec-6] Successfully calculated dashboard statistics: totalPatients=4, totalDoctors=6, verifiedDoctors=0
2026-05-02 16:17:26,584 INFO o.s.b.StartupInfoLogger [main] Starting BackendApplication using Java 21.0.9 with PID 15856 (C:\Projects\prescribe\backend\target\classes started by Pranav in C:\Projects\prescribe\backend)
2026-05-02 16:17:26,591 INFO o.s.b.SpringApplication [main] No active profile set, falling back to 1 default profile: "default"
2026-05-02 16:17:26,843 INFO o.h.v.i.u.Version [background-preinit] HV000001: Hibernate Validator 9.0.1.Final
2026-05-02 16:17:27,483 INFO o.s.d.r.c.RepositoryConfigurationDelegate [main] Bootstrapping Spring Data JPA repositories in DEFAULT mode.
2026-05-02 16:17:27,599 INFO o.s.d.r.c.RepositoryConfigurationDelegate [main] Finished Spring Data repository scanning in 105 ms. Found 9 JPA repository interfaces.
2026-05-02 16:17:28,199 INFO o.s.b.t.TomcatWebServer [main] Tomcat initialized with port 8080 (http)
2026-05-02 16:17:28,213 INFO o.a.j.l.DirectJDKLog [main] Initializing ProtocolHandler ["http-nio-8080"]
2026-05-02 16:17:28,217 INFO o.a.j.l.DirectJDKLog [main] Starting service [Tomcat]
2026-05-02 16:17:28,217 INFO o.a.j.l.DirectJDKLog [main] Starting Servlet engine: [Apache Tomcat/11.0.18]
2026-05-02 16:17:28,295 INFO o.s.b.w.c.s.WebApplicationContextInitializer [main] Root WebApplicationContext: initialization completed in 1653 ms
2026-05-02 16:17:28,474 INFO o.h.j.i.u.LogHelper [main] HHH008540: Processing PersistenceUnitInfo [name: default]
2026-05-02 16:17:28,529 INFO o.h.Version [main] HHH000001: Hibernate ORM core version 7.2.4.Final
2026-05-02 16:17:29,004 INFO o.s.o.j.p.SpringPersistenceUnitInfo [main] No LoadTimeWeaver setup: ignoring JPA class transformer
2026-05-02 16:17:29,047 INFO c.z.h.HikariDataSource [main] HikariPool-1 - Starting...
2026-05-02 16:17:29,244 INFO c.z.h.p.HikariPool [main] HikariPool-1 - Added connection org.postgresql.jdbc.PgConnection@28db2afb
2026-05-02 16:17:29,246 INFO c.z.h.HikariDataSource [main] HikariPool-1 - Start completed.
2026-05-02 16:17:29,294 WARN o.h.e.j.d.i.DialectFactoryImpl [main] HHH90000025: PostgreSQLDialect does not need to be specified explicitly using 'hibernate.dialect' (remove the property setting and it will be selected by default)
2026-05-02 16:17:29,328 INFO o.h.e.j.e.i.JdbcEnvironmentInitiator [main] HHH10001005: Database info:
	Database JDBC URL [jdbc:postgresql://localhost:5432/postgres]
	Database driver: PostgreSQL JDBC Driver
	Database dialect: PostgreSQLDialect
	Database version: 18.3
	Default catalog/schema: postgres/public
	Autocommit mode: undefined/unknown
	Isolation level: READ_COMMITTED [default READ_COMMITTED]
	JDBC fetch size: none
	Pool: DataSourceConnectionProvider
	Minimum pool size: undefined/unknown
	Maximum pool size: undefined/unknown
2026-05-02 16:17:30,813 INFO o.h.e.t.j.p.i.JtaPlatformInitiator [main] HHH000489: No JTA platform available (set 'hibernate.transaction.jta.platform' to enable JTA platform integration)
2026-05-02 16:17:30,934 INFO o.s.o.j.AbstractEntityManagerFactoryBean [main] Initialized JPA EntityManagerFactory for persistence unit 'default'
2026-05-02 16:17:31,003 INFO o.s.d.j.r.q.QueryEnhancerFactories [main] Hibernate is in classpath; If applicable, HQL parser will be used.
2026-05-02 16:17:32,059 INFO c.s.b.s.b.s.s.SubscriptionService [main] Razorpay client initialized successfully
2026-05-02 16:17:32,135 INFO o.s.s.c.a.a.c.InitializeAuthenticationProviderBeanManagerConfigurer$InitializeAuthenticationProviderManagerConfigurer [main] Global AuthenticationManager configured with AuthenticationProvider bean with name authenticationProvider
2026-05-02 16:17:32,135 WARN o.s.s.c.a.a.c.InitializeUserDetailsBeanManagerConfigurer$InitializeUserDetailsManagerConfigurer [main] Global AuthenticationManager configured with an AuthenticationProvider bean. UserDetailsService beans will not be used by Spring Security for automatically configuring username/password login. Consider removing the AuthenticationProvider bean. Alternatively, consider using the UserDetailsService in a manually instantiated DaoAuthenticationProvider. If the current configuration is intentional, to turn off this warning, increase the logging level of 'org.springframework.security.config.annotation.authentication.configuration.InitializeUserDetailsBeanManagerConfigurer' to ERROR
2026-05-02 16:17:32,317 WARN o.s.b.j.a.JpaBaseConfiguration$JpaWebConfiguration [main] spring.jpa.open-in-view is enabled by default. Therefore, database queries may be performed during view rendering. Explicitly configure spring.jpa.open-in-view to disable this warning
2026-05-02 16:17:32,872 INFO o.a.j.l.DirectJDKLog [main] Starting ProtocolHandler ["http-nio-8080"]
2026-05-02 16:17:32,883 INFO o.s.b.t.TomcatWebServer [main] Tomcat started on port 8080 (http) with context path '/'
2026-05-02 16:17:32,895 INFO o.s.b.StartupInfoLogger [main] Started BackendApplication in 6.951 seconds (process running for 7.442)
2026-05-02 16:17:38,349 INFO o.a.j.l.DirectJDKLog [http-nio-8080-exec-4] Initializing Spring DispatcherServlet 'dispatcherServlet'
2026-05-02 16:17:38,349 INFO o.s.w.s.FrameworkServlet [http-nio-8080-exec-4] Initializing Servlet 'dispatcherServlet'
2026-05-02 16:17:38,355 INFO o.s.w.s.FrameworkServlet [http-nio-8080-exec-4] Completed initialization in 6 ms
2026-05-02 16:17:40,465 INFO c.s.b.s.b.s.j.JwtAuthenticationFilter [http-nio-8080-exec-2] JWT validated successfully for context user: prescribe.services@gmail.com
2026-05-02 16:17:40,465 INFO c.s.b.s.b.s.j.JwtAuthenticationFilter [http-nio-8080-exec-1] JWT validated successfully for context user: prescribe.services@gmail.com
2026-05-02 16:17:40,568 INFO c.s.b.s.b.s.c.DashboardController [http-nio-8080-exec-2] Fetching dashboard statistics
2026-05-02 16:17:40,594 INFO c.s.b.s.b.d.c.DoctorController [http-nio-8080-exec-1] Received request to fetch doctor by email: prescribe.services@gmail.com
2026-05-02 16:17:40,599 INFO c.s.b.s.b.d.s.DoctorService [http-nio-8080-exec-1] Fetching doctor profile by email: prescribe.services@gmail.com
2026-05-02 16:17:40,785 INFO c.s.b.s.b.s.s.DashboardService [http-nio-8080-exec-2] Successfully calculated dashboard statistics: totalPatients=4, totalDoctors=6, verifiedDoctors=0
2026-05-02 16:17:40,960 INFO c.s.b.s.b.s.j.JwtAuthenticationFilter [http-nio-8080-exec-5] JWT validated successfully for context user: prescribe.services@gmail.com
2026-05-02 16:17:40,963 INFO c.s.b.s.b.s.j.JwtAuthenticationFilter [http-nio-8080-exec-6] JWT validated successfully for context user: prescribe.services@gmail.com
2026-05-02 16:17:40,967 INFO c.s.b.s.b.s.c.DashboardController [http-nio-8080-exec-6] Fetching dashboard statistics
2026-05-02 16:17:40,967 INFO c.s.b.s.b.d.c.DoctorController [http-nio-8080-exec-5] Received request to fetch doctor by email: prescribe.services@gmail.com
2026-05-02 16:17:40,967 INFO c.s.b.s.b.d.s.DoctorService [http-nio-8080-exec-5] Fetching doctor profile by email: prescribe.services@gmail.com
2026-05-02 16:17:40,979 INFO c.s.b.s.b.s.j.JwtAuthenticationFilter [http-nio-8080-exec-10] JWT validated successfully for context user: prescribe.services@gmail.com
2026-05-02 16:17:40,984 INFO c.s.b.s.b.p.c.PrescriptionController [http-nio-8080-exec-10] Fetching prescriptions for doctor ID: DOC-9b042f9e
2026-05-02 16:17:41,022 INFO c.s.b.s.b.s.s.DashboardService [http-nio-8080-exec-6] Successfully calculated dashboard statistics: totalPatients=4, totalDoctors=6, verifiedDoctors=0
2026-05-02 16:17:41,036 INFO c.s.b.s.b.p.c.PrescriptionController [http-nio-8080-exec-10] Found 0 prescriptions for doctor ID: DOC-9b042f9e
2026-05-02 16:17:41,077 INFO c.s.b.s.b.s.j.JwtAuthenticationFilter [http-nio-8080-exec-9] JWT validated successfully for context user: prescribe.services@gmail.com
2026-05-02 16:17:41,080 INFO c.s.b.s.b.p.c.PrescriptionController [http-nio-8080-exec-9] Fetching prescriptions for doctor ID: DOC-9b042f9e
2026-05-02 16:17:41,096 INFO c.s.b.s.b.p.c.PrescriptionController [http-nio-8080-exec-9] Found 0 prescriptions for doctor ID: DOC-9b042f9e
2026-05-02 16:18:00,978 INFO c.s.b.s.b.s.c.AuthController [http-nio-8080-exec-4] Requesting OTP for email: prescribe.service@gmail.com
2026-05-02 16:18:01,099 INFO c.s.b.s.b.s.s.EmailService [http-nio-8080-exec-4] Sending OTP email to prescribe.service@gmail.com
2026-05-02 16:18:06,881 INFO c.s.b.s.b.s.s.EmailService [http-nio-8080-exec-4] OTP email sent successfully to prescribe.service@gmail.com
2026-05-02 16:18:08,967 INFO c.s.b.s.b.s.c.AuthController [http-nio-8080-exec-2] Requesting OTP for email: prescribe.services@gmail.com
2026-05-02 16:18:08,991 INFO c.s.b.s.b.s.s.EmailService [http-nio-8080-exec-2] Sending OTP email to prescribe.services@gmail.com
2026-05-02 16:18:13,852 INFO c.s.b.s.b.s.s.EmailService [http-nio-8080-exec-2] OTP email sent successfully to prescribe.services@gmail.com
2026-05-02 16:18:26,279 INFO c.s.b.s.b.s.c.AuthController [http-nio-8080-exec-8] Verifying OTP for email: prescribe.services@gmail.com
2026-05-02 16:18:26,352 WARN c.s.b.s.b.s.c.AuthController [http-nio-8080-exec-8] Invalid or expired OTP for email: prescribe.services@gmail.com
2026-05-02 16:18:34,869 INFO c.s.b.s.b.s.c.AuthController [http-nio-8080-exec-6] Verifying OTP for email: prescribe.services@gmail.com
2026-05-02 16:18:35,039 INFO c.s.b.s.b.s.c.AuthController [http-nio-8080-exec-6] Successfully authenticated user via OTP: prescribe.services@gmail.com
2026-05-02 16:18:35,091 INFO c.s.b.s.b.s.j.JwtAuthenticationFilter [http-nio-8080-exec-7] JWT validated successfully for context user: prescribe.services@gmail.com
2026-05-02 16:18:35,097 INFO c.s.b.s.b.d.c.AdminController [http-nio-8080-exec-7] Admin requesting pending doctors list
2026-05-02 16:18:35,105 INFO c.s.b.s.b.d.s.DoctorService [http-nio-8080-exec-7] Fetching all pending doctors
2026-05-02 16:18:35,176 INFO c.s.b.s.b.s.j.JwtAuthenticationFilter [http-nio-8080-exec-4] JWT validated successfully for context user: prescribe.services@gmail.com
2026-05-02 16:18:35,181 INFO c.s.b.s.b.d.c.AdminController [http-nio-8080-exec-4] Admin requesting pending doctors list
2026-05-02 16:18:35,181 INFO c.s.b.s.b.d.s.DoctorService [http-nio-8080-exec-4] Fetching all pending doctors
2026-05-02 16:18:51,262 INFO c.s.b.s.b.s.j.JwtAuthenticationFilter [http-nio-8080-exec-1] JWT validated successfully for context user: prescribe.services@gmail.com
2026-05-02 16:18:51,266 INFO c.s.b.s.b.d.c.AdminController [http-nio-8080-exec-1] Admin rejecting doctor: DOC-de3d3745
2026-05-02 16:18:51,267 INFO c.s.b.s.b.d.s.DoctorService [http-nio-8080-exec-1] Rejecting doctor ID: DOC-de3d3745
2026-05-02 16:18:53,270 INFO c.s.b.s.b.s.j.JwtAuthenticationFilter [http-nio-8080-exec-10] JWT validated successfully for context user: nhweekender17@gmail.com
2026-05-02 16:18:53,271 INFO c.s.b.s.b.s.j.JwtAuthenticationFilter [http-nio-8080-exec-7] JWT validated successfully for context user: nhweekender17@gmail.com
2026-05-02 16:18:53,274 INFO c.s.b.s.b.s.c.DashboardController [http-nio-8080-exec-10] Fetching dashboard statistics
2026-05-02 16:18:53,274 INFO c.s.b.s.b.d.c.DoctorController [http-nio-8080-exec-7] Received request to fetch doctor by email: nhweekender17@gmail.com
2026-05-02 16:18:53,279 INFO c.s.b.s.b.d.s.DoctorService [http-nio-8080-exec-7] Fetching doctor profile by email: nhweekender17@gmail.com
2026-05-02 16:18:53,314 INFO c.s.b.s.b.s.s.DashboardService [http-nio-8080-exec-10] Successfully calculated dashboard statistics: totalPatients=4, totalDoctors=6, verifiedDoctors=0
2026-05-02 16:18:53,319 INFO c.s.b.s.b.s.j.JwtAuthenticationFilter [http-nio-8080-exec-4] JWT validated successfully for context user: nhweekender17@gmail.com
2026-05-02 16:18:53,327 INFO c.s.b.s.b.s.j.JwtAuthenticationFilter [http-nio-8080-exec-2] JWT validated successfully for context user: nhweekender17@gmail.com
2026-05-02 16:18:53,327 INFO c.s.b.s.b.d.c.DoctorController [http-nio-8080-exec-4] Received request to fetch doctor by email: nhweekender17@gmail.com
2026-05-02 16:18:53,329 INFO c.s.b.s.b.d.s.DoctorService [http-nio-8080-exec-4] Fetching doctor profile by email: nhweekender17@gmail.com
2026-05-02 16:18:53,329 INFO c.s.b.s.b.p.c.PrescriptionController [http-nio-8080-exec-2] Fetching prescriptions for doctor ID: DOC-de3d3745
2026-05-02 16:18:53,342 INFO c.s.b.s.b.s.j.JwtAuthenticationFilter [http-nio-8080-exec-1] JWT validated successfully for context user: nhweekender17@gmail.com
2026-05-02 16:18:53,344 INFO c.s.b.s.b.s.c.DashboardController [http-nio-8080-exec-1] Fetching dashboard statistics
2026-05-02 16:18:53,350 INFO c.s.b.s.b.p.c.PrescriptionController [http-nio-8080-exec-2] Found 0 prescriptions for doctor ID: DOC-de3d3745
2026-05-02 16:18:53,378 INFO c.s.b.s.b.s.j.JwtAuthenticationFilter [http-nio-8080-exec-6] JWT validated successfully for context user: nhweekender17@gmail.com
2026-05-02 16:18:53,378 INFO c.s.b.s.b.s.s.DashboardService [http-nio-8080-exec-1] Successfully calculated dashboard statistics: totalPatients=4, totalDoctors=6, verifiedDoctors=0
2026-05-02 16:18:53,385 INFO c.s.b.s.b.p.c.PrescriptionController [http-nio-8080-exec-6] Fetching prescriptions for doctor ID: DOC-de3d3745
2026-05-02 16:18:53,398 INFO c.s.b.s.b.p.c.PrescriptionController [http-nio-8080-exec-6] Found 0 prescriptions for doctor ID: DOC-de3d3745
2026-05-02 16:18:54,634 INFO c.s.b.s.b.s.j.JwtAuthenticationFilter [http-nio-8080-exec-8] JWT validated successfully for context user: nhweekender17@gmail.com
2026-05-02 16:18:54,636 INFO c.s.b.s.b.s.j.JwtAuthenticationFilter [http-nio-8080-exec-9] JWT validated successfully for context user: nhweekender17@gmail.com
2026-05-02 16:18:54,640 INFO c.s.b.s.b.s.c.DashboardController [http-nio-8080-exec-9] Fetching dashboard statistics
2026-05-02 16:18:54,640 INFO c.s.b.s.b.d.c.DoctorController [http-nio-8080-exec-8] Received request to fetch doctor by email: nhweekender17@gmail.com
2026-05-02 16:18:54,645 INFO c.s.b.s.b.d.s.DoctorService [http-nio-8080-exec-8] Fetching doctor profile by email: nhweekender17@gmail.com
2026-05-02 16:18:54,688 INFO c.s.b.s.b.s.j.JwtAuthenticationFilter [http-nio-8080-exec-7] JWT validated successfully for context user: nhweekender17@gmail.com
2026-05-02 16:18:54,690 INFO c.s.b.s.b.s.j.JwtAuthenticationFilter [http-nio-8080-exec-5] JWT validated successfully for context user: nhweekender17@gmail.com
2026-05-02 16:18:54,694 INFO c.s.b.s.b.d.c.DoctorController [http-nio-8080-exec-5] Received request to fetch doctor by email: nhweekender17@gmail.com
2026-05-02 16:18:54,694 INFO c.s.b.s.b.p.c.PrescriptionController [http-nio-8080-exec-7] Fetching prescriptions for doctor ID: DOC-de3d3745
2026-05-02 16:18:54,697 INFO c.s.b.s.b.d.s.DoctorService [http-nio-8080-exec-5] Fetching doctor profile by email: nhweekender17@gmail.com
2026-05-02 16:18:54,700 INFO c.s.b.s.b.s.s.DashboardService [http-nio-8080-exec-9] Successfully calculated dashboard statistics: totalPatients=4, totalDoctors=6, verifiedDoctors=0
2026-05-02 16:18:54,717 INFO c.s.b.s.b.p.c.PrescriptionController [http-nio-8080-exec-7] Found 0 prescriptions for doctor ID: DOC-de3d3745
2026-05-02 16:18:54,729 INFO c.s.b.s.b.s.j.JwtAuthenticationFilter [http-nio-8080-exec-3] JWT validated successfully for context user: nhweekender17@gmail.com
2026-05-02 16:18:54,734 INFO c.s.b.s.b.s.c.DashboardController [http-nio-8080-exec-3] Fetching dashboard statistics
2026-05-02 16:18:54,744 INFO c.s.b.s.b.s.j.JwtAuthenticationFilter [http-nio-8080-exec-10] JWT validated successfully for context user: nhweekender17@gmail.com
2026-05-02 16:18:54,749 INFO c.s.b.s.b.p.c.PrescriptionController [http-nio-8080-exec-10] Fetching prescriptions for doctor ID: DOC-de3d3745
2026-05-02 16:18:54,766 INFO c.s.b.s.b.p.c.PrescriptionController [http-nio-8080-exec-10] Found 0 prescriptions for doctor ID: DOC-de3d3745
2026-05-02 16:18:54,779 INFO c.s.b.s.b.s.s.DashboardService [http-nio-8080-exec-3] Successfully calculated dashboard statistics: totalPatients=4, totalDoctors=6, verifiedDoctors=0
2026-05-02 16:18:55,614 INFO c.s.b.s.b.s.j.JwtAuthenticationFilter [http-nio-8080-exec-4] JWT validated successfully for context user: nhweekender17@gmail.com
2026-05-02 16:18:55,616 INFO c.s.b.s.b.s.j.JwtAuthenticationFilter [http-nio-8080-exec-2] JWT validated successfully for context user: nhweekender17@gmail.com
2026-05-02 16:18:55,620 INFO c.s.b.s.b.s.c.DashboardController [http-nio-8080-exec-4] Fetching dashboard statistics
2026-05-02 16:18:55,620 INFO c.s.b.s.b.d.c.DoctorController [http-nio-8080-exec-2] Received request to fetch doctor by email: nhweekender17@gmail.com
2026-05-02 16:18:55,629 INFO c.s.b.s.b.d.s.DoctorService [http-nio-8080-exec-2] Fetching doctor profile by email: nhweekender17@gmail.com
2026-05-02 16:18:55,664 INFO c.s.b.s.b.s.s.DashboardService [http-nio-8080-exec-4] Successfully calculated dashboard statistics: totalPatients=4, totalDoctors=6, verifiedDoctors=0
2026-05-02 16:18:55,670 INFO c.s.b.s.b.s.j.JwtAuthenticationFilter [http-nio-8080-exec-6] JWT validated successfully for context user: nhweekender17@gmail.com
2026-05-02 16:18:55,673 INFO c.s.b.s.b.s.j.JwtAuthenticationFilter [http-nio-8080-exec-1] JWT validated successfully for context user: nhweekender17@gmail.com
2026-05-02 16:18:55,677 INFO c.s.b.s.b.p.c.PrescriptionController [http-nio-8080-exec-6] Fetching prescriptions for doctor ID: DOC-de3d3745
2026-05-02 16:18:55,678 INFO c.s.b.s.b.d.c.DoctorController [http-nio-8080-exec-1] Received request to fetch doctor by email: nhweekender17@gmail.com
2026-05-02 16:18:55,678 INFO c.s.b.s.b.d.s.DoctorService [http-nio-8080-exec-1] Fetching doctor profile by email: nhweekender17@gmail.com
2026-05-02 16:18:55,690 INFO c.s.b.s.b.p.c.PrescriptionController [http-nio-8080-exec-6] Found 0 prescriptions for doctor ID: DOC-de3d3745
2026-05-02 16:18:55,693 INFO c.s.b.s.b.s.j.JwtAuthenticationFilter [http-nio-8080-exec-8] JWT validated successfully for context user: nhweekender17@gmail.com
2026-05-02 16:18:55,698 INFO c.s.b.s.b.s.c.DashboardController [http-nio-8080-exec-8] Fetching dashboard statistics
2026-05-02 16:18:55,714 INFO c.s.b.s.b.s.j.JwtAuthenticationFilter [http-nio-8080-exec-9] JWT validated successfully for context user: nhweekender17@gmail.com
2026-05-02 16:18:55,719 INFO c.s.b.s.b.p.c.PrescriptionController [http-nio-8080-exec-9] Fetching prescriptions for doctor ID: DOC-de3d3745
2026-05-02 16:18:55,728 INFO c.s.b.s.b.p.c.PrescriptionController [http-nio-8080-exec-9] Found 0 prescriptions for doctor ID: DOC-de3d3745
2026-05-02 16:18:55,739 INFO c.s.b.s.b.s.s.DashboardService [http-nio-8080-exec-8] Successfully calculated dashboard statistics: totalPatients=4, totalDoctors=6, verifiedDoctors=0
2026-05-02 16:20:35,484 INFO c.s.b.s.b.s.j.JwtAuthenticationFilter [http-nio-8080-exec-9] JWT validated successfully for context user: prescribe.services@gmail.com
2026-05-02 16:20:35,492 INFO c.s.b.s.b.d.c.AdminController [http-nio-8080-exec-9] Admin requesting pending doctors list
2026-05-02 16:20:35,494 INFO c.s.b.s.b.d.s.DoctorService [http-nio-8080-exec-9] Fetching all pending doctors
2026-05-02 16:20:35,544 INFO c.s.b.s.b.s.j.JwtAuthenticationFilter [http-nio-8080-exec-8] JWT validated successfully for context user: prescribe.services@gmail.com
2026-05-02 16:20:35,548 INFO c.s.b.s.b.d.c.AdminController [http-nio-8080-exec-8] Admin requesting pending doctors list
2026-05-02 16:20:35,550 INFO c.s.b.s.b.d.s.DoctorService [http-nio-8080-exec-8] Fetching all pending doctors
2026-05-02 16:20:36,167 INFO c.s.b.s.b.s.j.JwtAuthenticationFilter [http-nio-8080-exec-10] JWT validated successfully for context user: prescribe.services@gmail.com
2026-05-02 16:20:36,170 INFO c.s.b.s.b.d.c.AdminController [http-nio-8080-exec-10] Admin requesting pending doctors list
2026-05-02 16:20:36,173 INFO c.s.b.s.b.d.s.DoctorService [http-nio-8080-exec-10] Fetching all pending doctors
2026-05-02 16:20:36,217 INFO c.s.b.s.b.s.j.JwtAuthenticationFilter [http-nio-8080-exec-10] JWT validated successfully for context user: prescribe.services@gmail.com
2026-05-02 16:20:36,222 INFO c.s.b.s.b.d.c.AdminController [http-nio-8080-exec-10] Admin requesting pending doctors list
2026-05-02 16:20:36,223 INFO c.s.b.s.b.d.s.DoctorService [http-nio-8080-exec-10] Fetching all pending doctors
2026-05-02 16:20:36,793 INFO c.s.b.s.b.s.j.JwtAuthenticationFilter [http-nio-8080-exec-5] JWT validated successfully for context user: prescribe.services@gmail.com
2026-05-02 16:20:36,795 INFO c.s.b.s.b.d.c.AdminController [http-nio-8080-exec-5] Admin requesting pending doctors list
2026-05-02 16:20:36,796 INFO c.s.b.s.b.d.s.DoctorService [http-nio-8080-exec-5] Fetching all pending doctors
2026-05-02 16:20:36,844 INFO c.s.b.s.b.s.j.JwtAuthenticationFilter [http-nio-8080-exec-3] JWT validated successfully for context user: prescribe.services@gmail.com
2026-05-02 16:20:36,847 INFO c.s.b.s.b.d.c.AdminController [http-nio-8080-exec-3] Admin requesting pending doctors list
2026-05-02 16:20:36,848 INFO c.s.b.s.b.d.s.DoctorService [http-nio-8080-exec-3] Fetching all pending doctors
2026-05-02 16:20:42,158 INFO c.s.b.s.b.s.j.JwtAuthenticationFilter [http-nio-8080-exec-6] JWT validated successfully for context user: prescribe.services@gmail.com
2026-05-02 16:20:42,163 INFO c.s.b.s.b.d.c.AdminController [http-nio-8080-exec-6] Admin requesting pending doctors list
2026-05-02 16:20:42,164 INFO c.s.b.s.b.d.s.DoctorService [http-nio-8080-exec-6] Fetching all pending doctors
2026-05-02 16:20:42,213 INFO c.s.b.s.b.s.j.JwtAuthenticationFilter [http-nio-8080-exec-1] JWT validated successfully for context user: prescribe.services@gmail.com
2026-05-02 16:20:42,217 INFO c.s.b.s.b.d.c.AdminController [http-nio-8080-exec-1] Admin requesting pending doctors list
2026-05-02 16:20:42,217 INFO c.s.b.s.b.d.s.DoctorService [http-nio-8080-exec-1] Fetching all pending doctors
2026-05-02 16:20:42,810 INFO c.s.b.s.b.s.j.JwtAuthenticationFilter [http-nio-8080-exec-9] JWT validated successfully for context user: prescribe.services@gmail.com
2026-05-02 16:20:42,813 INFO c.s.b.s.b.d.c.AdminController [http-nio-8080-exec-9] Admin requesting pending doctors list
2026-05-02 16:20:42,814 INFO c.s.b.s.b.d.s.DoctorService [http-nio-8080-exec-9] Fetching all pending doctors
2026-05-02 16:20:42,861 INFO c.s.b.s.b.s.j.JwtAuthenticationFilter [http-nio-8080-exec-8] JWT validated successfully for context user: prescribe.services@gmail.com
2026-05-02 16:20:42,865 INFO c.s.b.s.b.d.c.AdminController [http-nio-8080-exec-8] Admin requesting pending doctors list
2026-05-02 16:20:42,865 INFO c.s.b.s.b.d.s.DoctorService [http-nio-8080-exec-8] Fetching all pending doctors
2026-05-02 16:20:42,970 INFO c.s.b.s.b.s.j.JwtAuthenticationFilter [http-nio-8080-exec-7] JWT validated successfully for context user: prescribe.services@gmail.com
2026-05-02 16:20:42,973 INFO c.s.b.s.b.d.c.AdminController [http-nio-8080-exec-7] Admin requesting pending doctors list
2026-05-02 16:20:42,975 INFO c.s.b.s.b.d.s.DoctorService [http-nio-8080-exec-7] Fetching all pending doctors
2026-05-02 16:20:43,028 INFO c.s.b.s.b.s.j.JwtAuthenticationFilter [http-nio-8080-exec-10] JWT validated successfully for context user: prescribe.services@gmail.com
2026-05-02 16:20:43,030 INFO c.s.b.s.b.d.c.AdminController [http-nio-8080-exec-10] Admin requesting pending doctors list
2026-05-02 16:20:43,030 INFO c.s.b.s.b.d.s.DoctorService [http-nio-8080-exec-10] Fetching all pending doctors
2026-05-02 16:20:45,794 INFO c.s.b.s.b.s.j.JwtAuthenticationFilter [http-nio-8080-exec-3] JWT validated successfully for context user: prescribe.services@gmail.com
2026-05-02 16:20:45,797 INFO c.s.b.s.b.d.c.AdminController [http-nio-8080-exec-3] Admin rejecting doctor: DOC-67ccf965
2026-05-02 16:20:45,798 INFO c.s.b.s.b.d.s.DoctorService [http-nio-8080-exec-3] Rejecting doctor ID: DOC-67ccf965
2026-05-02 16:20:46,370 INFO c.s.b.s.b.s.j.JwtAuthenticationFilter [http-nio-8080-exec-2] JWT validated successfully for context user: prescribe.services@gmail.com
2026-05-02 16:20:46,374 INFO c.s.b.s.b.d.c.AdminController [http-nio-8080-exec-2] Admin rejecting doctor: DOC-52d3d8f3
2026-05-02 16:20:46,374 INFO c.s.b.s.b.d.s.DoctorService [http-nio-8080-exec-2] Rejecting doctor ID: DOC-52d3d8f3
2026-05-02 16:20:46,599 INFO c.s.b.s.b.s.j.JwtAuthenticationFilter [http-nio-8080-exec-1] JWT validated successfully for context user: prescribe.services@gmail.com
2026-05-02 16:20:46,603 INFO c.s.b.s.b.d.c.AdminController [http-nio-8080-exec-1] Admin rejecting doctor: DOC-a48f47f0
2026-05-02 16:20:46,603 INFO c.s.b.s.b.d.s.DoctorService [http-nio-8080-exec-1] Rejecting doctor ID: DOC-a48f47f0
2026-05-02 16:20:46,825 INFO c.s.b.s.b.s.j.JwtAuthenticationFilter [http-nio-8080-exec-8] JWT validated successfully for context user: prescribe.services@gmail.com
2026-05-02 16:20:46,829 INFO c.s.b.s.b.d.c.AdminController [http-nio-8080-exec-8] Admin rejecting doctor: DOC-d77ea844
2026-05-02 16:20:46,832 INFO c.s.b.s.b.d.s.DoctorService [http-nio-8080-exec-8] Rejecting doctor ID: DOC-d77ea844
2026-05-02 16:20:47,303 INFO c.s.b.s.b.s.j.JwtAuthenticationFilter [http-nio-8080-exec-10] JWT validated successfully for context user: prescribe.services@gmail.com
2026-05-02 16:20:47,303 INFO c.s.b.s.b.d.c.AdminController [http-nio-8080-exec-10] Admin rejecting doctor: DOC-9b042f9e
2026-05-02 16:20:47,303 INFO c.s.b.s.b.d.s.DoctorService [http-nio-8080-exec-10] Rejecting doctor ID: DOC-9b042f9e
2026-05-02 16:20:48,817 INFO c.s.b.s.b.s.j.JwtAuthenticationFilter [http-nio-8080-exec-4] JWT validated successfully for context user: prescribe.services@gmail.com
2026-05-02 16:20:48,819 INFO c.s.b.s.b.d.c.AdminController [http-nio-8080-exec-4] Admin requesting pending doctors list
2026-05-02 16:20:48,821 INFO c.s.b.s.b.d.s.DoctorService [http-nio-8080-exec-4] Fetching all pending doctors
2026-05-02 16:20:48,867 INFO c.s.b.s.b.s.j.JwtAuthenticationFilter [http-nio-8080-exec-2] JWT validated successfully for context user: prescribe.services@gmail.com
2026-05-02 16:20:48,873 INFO c.s.b.s.b.d.c.AdminController [http-nio-8080-exec-2] Admin requesting pending doctors list
2026-05-02 16:20:48,875 INFO c.s.b.s.b.d.s.DoctorService [http-nio-8080-exec-2] Fetching all pending doctors
2026-05-02 16:20:49,531 INFO c.s.b.s.b.s.j.JwtAuthenticationFilter [http-nio-8080-exec-6] JWT validated successfully for context user: prescribe.services@gmail.com
2026-05-02 16:20:49,535 INFO c.s.b.s.b.d.c.AdminController [http-nio-8080-exec-6] Admin requesting pending doctors list
2026-05-02 16:20:49,536 INFO c.s.b.s.b.d.s.DoctorService [http-nio-8080-exec-6] Fetching all pending doctors
2026-05-02 16:20:49,652 INFO c.s.b.s.b.s.j.JwtAuthenticationFilter [http-nio-8080-exec-1] JWT validated successfully for context user: prescribe.services@gmail.com
2026-05-02 16:20:49,657 INFO c.s.b.s.b.d.c.AdminController [http-nio-8080-exec-1] Admin requesting pending doctors list
2026-05-02 16:20:49,657 INFO c.s.b.s.b.d.s.DoctorService [http-nio-8080-exec-1] Fetching all pending doctors
2026-05-02 16:20:56,723 INFO c.s.b.s.b.s.j.JwtAuthenticationFilter [http-nio-8080-exec-7] JWT validated successfully for context user: prescribe.services@gmail.com
2026-05-02 16:20:56,729 INFO c.s.b.s.b.d.c.AdminController [http-nio-8080-exec-7] Admin requesting pending doctors list
2026-05-02 16:20:56,735 INFO c.s.b.s.b.d.s.DoctorService [http-nio-8080-exec-7] Fetching all pending doctors
2026-05-02 16:20:56,787 INFO c.s.b.s.b.s.j.JwtAuthenticationFilter [http-nio-8080-exec-10] JWT validated successfully for context user: prescribe.services@gmail.com
2026-05-02 16:20:56,793 INFO c.s.b.s.b.d.c.AdminController [http-nio-8080-exec-10] Admin requesting pending doctors list
2026-05-02 16:20:56,794 INFO c.s.b.s.b.d.s.DoctorService [http-nio-8080-exec-10] Fetching all pending doctors
2026-05-02 16:20:57,156 INFO c.s.b.s.b.s.j.JwtAuthenticationFilter [http-nio-8080-exec-5] JWT validated successfully for context user: prescribe.services@gmail.com
2026-05-02 16:20:57,166 INFO c.s.b.s.b.d.c.AdminController [http-nio-8080-exec-5] Admin requesting pending doctors list
2026-05-02 16:20:57,167 INFO c.s.b.s.b.d.s.DoctorService [http-nio-8080-exec-5] Fetching all pending doctors
2026-05-02 16:20:57,207 INFO c.s.b.s.b.s.j.JwtAuthenticationFilter [http-nio-8080-exec-3] JWT validated successfully for context user: prescribe.services@gmail.com
2026-05-02 16:20:57,212 INFO c.s.b.s.b.d.c.AdminController [http-nio-8080-exec-3] Admin requesting pending doctors list
2026-05-02 16:20:57,213 INFO c.s.b.s.b.d.s.DoctorService [http-nio-8080-exec-3] Fetching all pending doctors
2026-05-02 16:22:22,156 INFO c.s.b.s.b.s.c.AuthController [http-nio-8080-exec-1] Requesting OTP for email: pranavparalkar21@gmail.com
2026-05-02 16:22:22,169 INFO c.s.b.s.b.s.s.EmailService [http-nio-8080-exec-1] Sending OTP email to pranavparalkar21@gmail.com
2026-05-02 16:22:26,713 INFO c.s.b.s.b.s.s.EmailService [http-nio-8080-exec-1] OTP email sent successfully to pranavparalkar21@gmail.com
2026-05-02 16:22:39,654 INFO c.s.b.s.b.s.c.AuthController [http-nio-8080-exec-9] Verifying OTP for email: pranavparalkar21@gmail.com
2026-05-02 16:22:39,688 INFO c.s.b.s.b.s.c.AuthController [http-nio-8080-exec-9] Successfully authenticated user via OTP: pranavparalkar21@gmail.com
2026-05-02 16:22:39,713 INFO c.s.b.s.b.s.j.JwtAuthenticationFilter [http-nio-8080-exec-10] JWT validated successfully for context user: pranavparalkar21@gmail.com
2026-05-02 16:22:39,717 INFO c.s.b.s.b.d.c.DoctorController [http-nio-8080-exec-10] Received request to fetch doctor by email: pranavparalkar21@gmail.com
2026-05-02 16:22:39,719 INFO c.s.b.s.b.d.s.DoctorService [http-nio-8080-exec-10] Fetching doctor profile by email: pranavparalkar21@gmail.com
2026-05-02 16:22:39,724 ERROR c.s.b.s.b.d.s.DoctorService [http-nio-8080-exec-10] Doctor with email pranavparalkar21@gmail.com not found
2026-05-02 16:22:39,734 WARN c.s.b.s.b.e.GlobalExceptionHandler [http-nio-8080-exec-10] Resource Not Found at /doctors/email/pranavparalkar21%40gmail.com: Doctor not found
2026-05-02 16:22:39,774 INFO c.s.b.s.b.s.j.JwtAuthenticationFilter [http-nio-8080-exec-3] JWT validated successfully for context user: pranavparalkar21@gmail.com
2026-05-02 16:22:39,778 INFO c.s.b.s.b.d.c.DoctorController [http-nio-8080-exec-3] Received request to create a new doctor with email: pranavparalkar21@gmail.com
2026-05-02 16:22:39,799 INFO c.s.b.s.b.d.s.DoctorService [http-nio-8080-exec-3] Successfully saved doctor with ID: DOC-f6e66410
2026-05-02 16:22:39,802 INFO c.s.b.s.b.d.c.DoctorController [http-nio-8080-exec-3] Successfully created doctor with ID: DOC-f6e66410
2026-05-02 16:22:39,852 INFO c.s.b.s.b.s.j.JwtAuthenticationFilter [http-nio-8080-exec-6] JWT validated successfully for context user: pranavparalkar21@gmail.com
2026-05-02 16:22:39,852 INFO c.s.b.s.b.s.j.JwtAuthenticationFilter [http-nio-8080-exec-1] JWT validated successfully for context user: pranavparalkar21@gmail.com
2026-05-02 16:22:39,857 INFO c.s.b.s.b.s.c.DashboardController [http-nio-8080-exec-1] Fetching dashboard statistics
2026-05-02 16:22:39,857 INFO c.s.b.s.b.d.c.DoctorController [http-nio-8080-exec-6] Received request to fetch doctor by email: pranavparalkar21@gmail.com
2026-05-02 16:22:39,857 INFO c.s.b.s.b.d.s.DoctorService [http-nio-8080-exec-6] Fetching doctor profile by email: pranavparalkar21@gmail.com
2026-05-02 16:22:39,887 INFO c.s.b.s.b.s.s.DashboardService [http-nio-8080-exec-1] Successfully calculated dashboard statistics: totalPatients=4, totalDoctors=7, verifiedDoctors=0
2026-05-02 16:22:39,889 INFO c.s.b.s.b.s.j.JwtAuthenticationFilter [http-nio-8080-exec-8] JWT validated successfully for context user: pranavparalkar21@gmail.com
2026-05-02 16:22:39,892 INFO c.s.b.s.b.d.c.DoctorController [http-nio-8080-exec-8] Received request to fetch doctor by email: pranavparalkar21@gmail.com
2026-05-02 16:22:39,892 INFO c.s.b.s.b.d.s.DoctorService [http-nio-8080-exec-8] Fetching doctor profile by email: pranavparalkar21@gmail.com
2026-05-02 16:22:39,896 INFO c.s.b.s.b.s.j.JwtAuthenticationFilter [http-nio-8080-exec-7] JWT validated successfully for context user: pranavparalkar21@gmail.com
2026-05-02 16:22:39,899 INFO c.s.b.s.b.p.c.PrescriptionController [http-nio-8080-exec-7] Fetching prescriptions for doctor ID: DOC-f6e66410
2026-05-02 16:22:39,908 INFO c.s.b.s.b.s.j.JwtAuthenticationFilter [http-nio-8080-exec-10] JWT validated successfully for context user: pranavparalkar21@gmail.com
2026-05-02 16:22:39,908 INFO c.s.b.s.b.p.c.PrescriptionController [http-nio-8080-exec-7] Found 0 prescriptions for doctor ID: DOC-f6e66410
2026-05-02 16:22:39,913 INFO c.s.b.s.b.s.c.DashboardController [http-nio-8080-exec-10] Fetching dashboard statistics
2026-05-02 16:22:39,929 INFO c.s.b.s.b.s.j.JwtAuthenticationFilter [http-nio-8080-exec-5] JWT validated successfully for context user: pranavparalkar21@gmail.com
2026-05-02 16:22:39,934 INFO c.s.b.s.b.p.c.PrescriptionController [http-nio-8080-exec-5] Fetching prescriptions for doctor ID: DOC-f6e66410
2026-05-02 16:22:39,943 INFO c.s.b.s.b.s.s.DashboardService [http-nio-8080-exec-10] Successfully calculated dashboard statistics: totalPatients=4, totalDoctors=7, verifiedDoctors=0
2026-05-02 16:22:39,943 INFO c.s.b.s.b.p.c.PrescriptionController [http-nio-8080-exec-5] Found 0 prescriptions for doctor ID: DOC-f6e66410
2026-05-02 16:22:45,125 INFO c.s.b.s.b.s.j.JwtAuthenticationFilter [http-nio-8080-exec-4] JWT validated successfully for context user: prescribe.services@gmail.com
2026-05-02 16:22:45,128 INFO c.s.b.s.b.d.c.AdminController [http-nio-8080-exec-4] Admin requesting pending doctors list
2026-05-02 16:22:45,128 INFO c.s.b.s.b.d.s.DoctorService [http-nio-8080-exec-4] Fetching all pending doctors
2026-05-02 16:22:45,193 INFO c.s.b.s.b.s.j.JwtAuthenticationFilter [http-nio-8080-exec-6] JWT validated successfully for context user: prescribe.services@gmail.com
2026-05-02 16:22:45,198 INFO c.s.b.s.b.d.c.AdminController [http-nio-8080-exec-6] Admin requesting pending doctors list
2026-05-02 16:22:45,198 INFO c.s.b.s.b.d.s.DoctorService [http-nio-8080-exec-6] Fetching all pending doctors
2026-05-02 16:24:42,739 INFO c.s.b.s.b.s.j.JwtAuthenticationFilter [http-nio-8080-exec-4] JWT validated successfully for context user: prescribe.services@gmail.com
2026-05-02 16:24:42,741 INFO c.s.b.s.b.d.c.AdminController [http-nio-8080-exec-4] Admin requesting pending doctors list
2026-05-02 16:24:42,742 INFO c.s.b.s.b.d.s.DoctorService [http-nio-8080-exec-4] Fetching all pending doctors
2026-05-02 16:24:42,748 INFO c.s.b.s.b.s.j.JwtAuthenticationFilter [http-nio-8080-exec-8] JWT validated successfully for context user: pranavparalkar21@gmail.com
2026-05-02 16:24:42,752 INFO c.s.b.s.b.s.c.DashboardController [http-nio-8080-exec-8] Fetching dashboard statistics
2026-05-02 16:24:42,752 INFO c.s.b.s.b.s.j.JwtAuthenticationFilter [http-nio-8080-exec-9] JWT validated successfully for context user: pranavparalkar21@gmail.com
2026-05-02 16:24:42,755 INFO c.s.b.s.b.d.c.DoctorController [http-nio-8080-exec-9] Received request to fetch doctor by email: pranavparalkar21@gmail.com
2026-05-02 16:24:42,758 INFO c.s.b.s.b.d.s.DoctorService [http-nio-8080-exec-9] Fetching doctor profile by email: pranavparalkar21@gmail.com
2026-05-02 16:24:42,761 INFO c.s.b.s.b.s.j.JwtAuthenticationFilter [http-nio-8080-exec-7] JWT validated successfully for context user: prescribe.services@gmail.com
2026-05-02 16:24:42,763 INFO c.s.b.s.b.d.c.AdminController [http-nio-8080-exec-7] Admin requesting pending doctors list
2026-05-02 16:24:42,767 INFO c.s.b.s.b.d.s.DoctorService [http-nio-8080-exec-7] Fetching all pending doctors
2026-05-02 16:24:42,769 INFO c.s.b.s.b.s.s.DashboardService [http-nio-8080-exec-8] Successfully calculated dashboard statistics: totalPatients=4, totalDoctors=7, verifiedDoctors=0
2026-05-02 16:24:42,778 INFO c.s.b.s.b.s.j.JwtAuthenticationFilter [http-nio-8080-exec-10] JWT validated successfully for context user: pranavparalkar21@gmail.com
2026-05-02 16:24:42,784 INFO c.s.b.s.b.s.j.JwtAuthenticationFilter [http-nio-8080-exec-3] JWT validated successfully for context user: pranavparalkar21@gmail.com
2026-05-02 16:24:42,778 INFO c.s.b.s.b.d.c.DoctorController [http-nio-8080-exec-10] Received request to fetch doctor by email: pranavparalkar21@gmail.com
2026-05-02 16:24:42,784 INFO c.s.b.s.b.s.j.JwtAuthenticationFilter [http-nio-8080-exec-2] JWT validated successfully for context user: pranavparalkar21@gmail.com
2026-05-02 16:24:42,788 INFO c.s.b.s.b.d.s.DoctorService [http-nio-8080-exec-10] Fetching doctor profile by email: pranavparalkar21@gmail.com
2026-05-02 16:24:42,789 INFO c.s.b.s.b.s.c.DashboardController [http-nio-8080-exec-2] Fetching dashboard statistics
2026-05-02 16:24:42,789 INFO c.s.b.s.b.p.c.PrescriptionController [http-nio-8080-exec-3] Fetching prescriptions for doctor ID: DOC-f6e66410
2026-05-02 16:24:42,798 INFO c.s.b.s.b.p.c.PrescriptionController [http-nio-8080-exec-3] Found 0 prescriptions for doctor ID: DOC-f6e66410
2026-05-02 16:24:42,807 INFO c.s.b.s.b.s.s.DashboardService [http-nio-8080-exec-2] Successfully calculated dashboard statistics: totalPatients=4, totalDoctors=7, verifiedDoctors=0
2026-05-02 16:24:42,827 INFO c.s.b.s.b.s.j.JwtAuthenticationFilter [http-nio-8080-exec-6] JWT validated successfully for context user: pranavparalkar21@gmail.com
2026-05-02 16:24:42,827 INFO c.s.b.s.b.p.c.PrescriptionController [http-nio-8080-exec-6] Fetching prescriptions for doctor ID: DOC-f6e66410
2026-05-02 16:24:42,828 INFO c.s.b.s.b.p.c.PrescriptionController [http-nio-8080-exec-6] Found 0 prescriptions for doctor ID: DOC-f6e66410
2026-05-02 16:24:54,347 INFO c.s.b.s.b.s.j.JwtAuthenticationFilter [http-nio-8080-exec-5] JWT validated successfully for context user: pranavparalkar21@gmail.com
2026-05-02 16:24:54,347 INFO c.s.b.s.b.s.j.JwtAuthenticationFilter [http-nio-8080-exec-7] JWT validated successfully for context user: pranavparalkar21@gmail.com
2026-05-02 16:24:54,350 INFO c.s.b.s.b.s.c.DashboardController [http-nio-8080-exec-7] Fetching dashboard statistics
2026-05-02 16:24:54,350 INFO c.s.b.s.b.d.c.DoctorController [http-nio-8080-exec-5] Received request to fetch doctor by email: pranavparalkar21@gmail.com
2026-05-02 16:24:54,350 INFO c.s.b.s.b.d.s.DoctorService [http-nio-8080-exec-5] Fetching doctor profile by email: pranavparalkar21@gmail.com
2026-05-02 16:24:54,373 INFO c.s.b.s.b.s.s.DashboardService [http-nio-8080-exec-7] Successfully calculated dashboard statistics: totalPatients=4, totalDoctors=7, verifiedDoctors=0
2026-05-02 16:24:54,380 INFO c.s.b.s.b.s.j.JwtAuthenticationFilter [http-nio-8080-exec-10] JWT validated successfully for context user: pranavparalkar21@gmail.com
2026-05-02 16:24:54,380 INFO c.s.b.s.b.s.j.JwtAuthenticationFilter [http-nio-8080-exec-2] JWT validated successfully for context user: pranavparalkar21@gmail.com
2026-05-02 16:24:54,386 INFO c.s.b.s.b.p.c.PrescriptionController [http-nio-8080-exec-2] Fetching prescriptions for doctor ID: DOC-f6e66410
2026-05-02 16:24:54,386 INFO c.s.b.s.b.d.c.DoctorController [http-nio-8080-exec-10] Received request to fetch doctor by email: pranavparalkar21@gmail.com
2026-05-02 16:24:54,387 INFO c.s.b.s.b.d.s.DoctorService [http-nio-8080-exec-10] Fetching doctor profile by email: pranavparalkar21@gmail.com
2026-05-02 16:24:54,390 INFO c.s.b.s.b.s.j.JwtAuthenticationFilter [http-nio-8080-exec-6] JWT validated successfully for context user: pranavparalkar21@gmail.com
2026-05-02 16:24:54,394 INFO c.s.b.s.b.s.c.DashboardController [http-nio-8080-exec-6] Fetching dashboard statistics
2026-05-02 16:24:54,394 INFO c.s.b.s.b.p.c.PrescriptionController [http-nio-8080-exec-2] Found 0 prescriptions for doctor ID: DOC-f6e66410
2026-05-02 16:24:54,413 INFO c.s.b.s.b.s.j.JwtAuthenticationFilter [http-nio-8080-exec-9] JWT validated successfully for context user: pranavparalkar21@gmail.com
2026-05-02 16:24:54,417 INFO c.s.b.s.b.p.c.PrescriptionController [http-nio-8080-exec-9] Fetching prescriptions for doctor ID: DOC-f6e66410
2026-05-02 16:24:54,417 INFO c.s.b.s.b.s.s.DashboardService [http-nio-8080-exec-6] Successfully calculated dashboard statistics: totalPatients=4, totalDoctors=7, verifiedDoctors=0
2026-05-02 16:24:54,425 INFO c.s.b.s.b.p.c.PrescriptionController [http-nio-8080-exec-9] Found 0 prescriptions for doctor ID: DOC-f6e66410
2026-05-02 16:24:58,844 INFO c.s.b.s.b.s.j.JwtAuthenticationFilter [http-nio-8080-exec-4] JWT validated successfully for context user: prescribe.services@gmail.com
2026-05-02 16:24:58,847 INFO c.s.b.s.b.d.c.AdminController [http-nio-8080-exec-4] Admin approving doctor: DOC-f6e66410
2026-05-02 16:24:58,848 INFO c.s.b.s.b.d.s.DoctorService [http-nio-8080-exec-4] Executing doctor verification for ID: DOC-f6e66410
2026-05-02 16:25:00,794 INFO c.s.b.s.b.s.j.JwtAuthenticationFilter [http-nio-8080-exec-10] JWT validated successfully for context user: pranavparalkar21@gmail.com
2026-05-02 16:25:00,795 INFO c.s.b.s.b.s.j.JwtAuthenticationFilter [http-nio-8080-exec-2] JWT validated successfully for context user: pranavparalkar21@gmail.com
2026-05-02 16:25:00,798 INFO c.s.b.s.b.d.c.DoctorController [http-nio-8080-exec-10] Received request to fetch doctor by email: pranavparalkar21@gmail.com
2026-05-02 16:25:00,798 INFO c.s.b.s.b.d.s.DoctorService [http-nio-8080-exec-10] Fetching doctor profile by email: pranavparalkar21@gmail.com
2026-05-02 16:25:00,799 INFO c.s.b.s.b.s.c.DashboardController [http-nio-8080-exec-2] Fetching dashboard statistics
2026-05-02 16:25:00,828 INFO c.s.b.s.b.s.s.DashboardService [http-nio-8080-exec-2] Successfully calculated dashboard statistics: totalPatients=4, totalDoctors=7, verifiedDoctors=1
2026-05-02 16:25:00,829 INFO c.s.b.s.b.s.j.JwtAuthenticationFilter [http-nio-8080-exec-6] JWT validated successfully for context user: pranavparalkar21@gmail.com
2026-05-02 16:25:00,833 INFO c.s.b.s.b.s.j.JwtAuthenticationFilter [http-nio-8080-exec-1] JWT validated successfully for context user: pranavparalkar21@gmail.com
2026-05-02 16:25:00,834 INFO c.s.b.s.b.d.c.DoctorController [http-nio-8080-exec-6] Received request to fetch doctor by email: pranavparalkar21@gmail.com
2026-05-02 16:25:00,836 INFO c.s.b.s.b.d.s.DoctorService [http-nio-8080-exec-6] Fetching doctor profile by email: pranavparalkar21@gmail.com
2026-05-02 16:25:00,836 INFO c.s.b.s.b.p.c.PrescriptionController [http-nio-8080-exec-1] Fetching prescriptions for doctor ID: DOC-f6e66410
2026-05-02 16:25:00,846 INFO c.s.b.s.b.p.c.PrescriptionController [http-nio-8080-exec-1] Found 0 prescriptions for doctor ID: DOC-f6e66410
2026-05-02 16:25:00,855 INFO c.s.b.s.b.s.j.JwtAuthenticationFilter [http-nio-8080-exec-4] JWT validated successfully for context user: pranavparalkar21@gmail.com
2026-05-02 16:25:00,860 INFO c.s.b.s.b.s.c.DashboardController [http-nio-8080-exec-4] Fetching dashboard statistics
2026-05-02 16:25:00,869 INFO c.s.b.s.b.s.j.JwtAuthenticationFilter [http-nio-8080-exec-5] JWT validated successfully for context user: pranavparalkar21@gmail.com
2026-05-02 16:25:00,875 INFO c.s.b.s.b.p.c.PrescriptionController [http-nio-8080-exec-5] Fetching prescriptions for doctor ID: DOC-f6e66410
2026-05-02 16:25:00,888 INFO c.s.b.s.b.p.c.PrescriptionController [http-nio-8080-exec-5] Found 0 prescriptions for doctor ID: DOC-f6e66410
2026-05-02 16:25:00,896 INFO c.s.b.s.b.s.s.DashboardService [http-nio-8080-exec-4] Successfully calculated dashboard statistics: totalPatients=4, totalDoctors=7, verifiedDoctors=1
2026-05-02 16:25:02,899 INFO c.s.b.s.b.s.j.JwtAuthenticationFilter [http-nio-8080-exec-8] JWT validated successfully for context user: pranavparalkar21@gmail.com
2026-05-02 16:25:02,904 INFO c.s.b.s.b.p.c.PrescriptionController [http-nio-8080-exec-8] Fetching prescriptions for doctor ID: DOC-f6e66410
2026-05-02 16:25:02,920 INFO c.s.b.s.b.p.c.PrescriptionController [http-nio-8080-exec-8] Found 0 prescriptions for doctor ID: DOC-f6e66410
2026-05-02 16:25:02,949 INFO c.s.b.s.b.s.j.JwtAuthenticationFilter [http-nio-8080-exec-3] JWT validated successfully for context user: pranavparalkar21@gmail.com
2026-05-02 16:25:02,949 INFO c.s.b.s.b.p.c.PrescriptionController [http-nio-8080-exec-3] Fetching prescriptions for doctor ID: DOC-f6e66410
2026-05-02 16:25:02,965 INFO c.s.b.s.b.p.c.PrescriptionController [http-nio-8080-exec-3] Found 0 prescriptions for doctor ID: DOC-f6e66410
2026-05-02 16:25:04,102 INFO c.s.b.s.b.s.j.JwtAuthenticationFilter [http-nio-8080-exec-7] JWT validated successfully for context user: pranavparalkar21@gmail.com
2026-05-02 16:25:04,102 INFO c.s.b.s.b.p.c.PrescriptionController [http-nio-8080-exec-7] Fetching prescriptions for doctor ID: DOC-f6e66410
2026-05-02 16:25:04,113 INFO c.s.b.s.b.p.c.PrescriptionController [http-nio-8080-exec-7] Found 0 prescriptions for doctor ID: DOC-f6e66410
2026-05-02 16:25:04,134 INFO c.s.b.s.b.s.j.JwtAuthenticationFilter [http-nio-8080-exec-10] JWT validated successfully for context user: pranavparalkar21@gmail.com
2026-05-02 16:25:04,140 INFO c.s.b.s.b.p.c.PrescriptionController [http-nio-8080-exec-10] Fetching prescriptions for doctor ID: DOC-f6e66410
2026-05-02 16:25:04,152 INFO c.s.b.s.b.p.c.PrescriptionController [http-nio-8080-exec-10] Found 0 prescriptions for doctor ID: DOC-f6e66410
2026-05-02 16:25:05,228 INFO c.s.b.s.b.s.j.JwtAuthenticationFilter [http-nio-8080-exec-9] JWT validated successfully for context user: pranavparalkar21@gmail.com
2026-05-02 16:25:05,228 INFO c.s.b.s.b.s.j.JwtAuthenticationFilter [http-nio-8080-exec-2] JWT validated successfully for context user: pranavparalkar21@gmail.com
2026-05-02 16:25:05,235 INFO c.s.b.s.b.s.c.DashboardController [http-nio-8080-exec-9] Fetching dashboard statistics
2026-05-02 16:25:05,235 INFO c.s.b.s.b.d.c.DoctorController [http-nio-8080-exec-2] Received request to fetch doctor by email: pranavparalkar21@gmail.com
2026-05-02 16:25:05,235 INFO c.s.b.s.b.d.s.DoctorService [http-nio-8080-exec-2] Fetching doctor profile by email: pranavparalkar21@gmail.com
2026-05-02 16:25:05,265 INFO c.s.b.s.b.s.s.DashboardService [http-nio-8080-exec-9] Successfully calculated dashboard statistics: totalPatients=4, totalDoctors=7, verifiedDoctors=1
2026-05-02 16:25:05,267 INFO c.s.b.s.b.s.j.JwtAuthenticationFilter [http-nio-8080-exec-1] JWT validated successfully for context user: pranavparalkar21@gmail.com
2026-05-02 16:25:05,267 INFO c.s.b.s.b.s.j.JwtAuthenticationFilter [http-nio-8080-exec-6] JWT validated successfully for context user: pranavparalkar21@gmail.com
2026-05-02 16:25:05,269 INFO c.s.b.s.b.d.c.DoctorController [http-nio-8080-exec-6] Received request to fetch doctor by email: pranavparalkar21@gmail.com
2026-05-02 16:25:05,269 INFO c.s.b.s.b.p.c.PrescriptionController [http-nio-8080-exec-1] Fetching prescriptions for doctor ID: DOC-f6e66410
2026-05-02 16:25:05,269 INFO c.s.b.s.b.d.s.DoctorService [http-nio-8080-exec-6] Fetching doctor profile by email: pranavparalkar21@gmail.com
2026-05-02 16:25:05,280 INFO c.s.b.s.b.p.c.PrescriptionController [http-nio-8080-exec-1] Found 0 prescriptions for doctor ID: DOC-f6e66410
2026-05-02 16:25:05,285 INFO c.s.b.s.b.s.j.JwtAuthenticationFilter [http-nio-8080-exec-5] JWT validated successfully for context user: pranavparalkar21@gmail.com
2026-05-02 16:25:05,289 INFO c.s.b.s.b.s.c.DashboardController [http-nio-8080-exec-5] Fetching dashboard statistics
2026-05-02 16:25:05,303 INFO c.s.b.s.b.s.j.JwtAuthenticationFilter [http-nio-8080-exec-4] JWT validated successfully for context user: pranavparalkar21@gmail.com
2026-05-02 16:25:05,303 INFO c.s.b.s.b.p.c.PrescriptionController [http-nio-8080-exec-4] Fetching prescriptions for doctor ID: DOC-f6e66410
2026-05-02 16:25:05,313 INFO c.s.b.s.b.p.c.PrescriptionController [http-nio-8080-exec-4] Found 0 prescriptions for doctor ID: DOC-f6e66410
2026-05-02 16:25:05,316 INFO c.s.b.s.b.s.s.DashboardService [http-nio-8080-exec-5] Successfully calculated dashboard statistics: totalPatients=4, totalDoctors=7, verifiedDoctors=1
2026-05-02 16:25:08,885 INFO c.s.b.s.b.s.j.JwtAuthenticationFilter [http-nio-8080-exec-7] JWT validated successfully for context user: pranavparalkar21@gmail.com
2026-05-02 16:25:08,890 INFO c.s.b.s.b.p.c.PrescriptionController [http-nio-8080-exec-7] Fetching prescriptions for doctor ID: DOC-f6e66410
2026-05-02 16:25:08,901 INFO c.s.b.s.b.p.c.PrescriptionController [http-nio-8080-exec-7] Found 0 prescriptions for doctor ID: DOC-f6e66410
2026-05-02 16:25:08,923 INFO c.s.b.s.b.s.j.JwtAuthenticationFilter [http-nio-8080-exec-10] JWT validated successfully for context user: pranavparalkar21@gmail.com
2026-05-02 16:25:08,929 INFO c.s.b.s.b.p.c.PrescriptionController [http-nio-8080-exec-10] Fetching prescriptions for doctor ID: DOC-f6e66410
2026-05-02 16:25:08,945 INFO c.s.b.s.b.p.c.PrescriptionController [http-nio-8080-exec-10] Found 0 prescriptions for doctor ID: DOC-f6e66410
2026-05-02 16:25:09,941 INFO c.s.b.s.b.s.j.JwtAuthenticationFilter [http-nio-8080-exec-4] JWT validated successfully for context user: pranavparalkar21@gmail.com
2026-05-02 16:25:09,941 INFO c.s.b.s.b.s.j.JwtAuthenticationFilter [http-nio-8080-exec-5] JWT validated successfully for context user: pranavparalkar21@gmail.com
2026-05-02 16:25:09,947 INFO c.s.b.s.b.d.c.DoctorController [http-nio-8080-exec-4] Received request to fetch doctor by email: pranavparalkar21@gmail.com
2026-05-02 16:25:09,946 INFO c.s.b.s.b.s.c.DashboardController [http-nio-8080-exec-5] Fetching dashboard statistics
2026-05-02 16:25:09,949 INFO c.s.b.s.b.d.s.DoctorService [http-nio-8080-exec-4] Fetching doctor profile by email: pranavparalkar21@gmail.com
2026-05-02 16:25:09,976 INFO c.s.b.s.b.s.s.DashboardService [http-nio-8080-exec-5] Successfully calculated dashboard statistics: totalPatients=4, totalDoctors=7, verifiedDoctors=1
2026-05-02 16:25:09,976 INFO c.s.b.s.b.s.j.JwtAuthenticationFilter [http-nio-8080-exec-3] JWT validated successfully for context user: pranavparalkar21@gmail.com
2026-05-02 16:25:09,979 INFO c.s.b.s.b.d.c.DoctorController [http-nio-8080-exec-3] Received request to fetch doctor by email: pranavparalkar21@gmail.com
2026-05-02 16:25:09,979 INFO c.s.b.s.b.s.j.JwtAuthenticationFilter [http-nio-8080-exec-8] JWT validated successfully for context user: pranavparalkar21@gmail.com
2026-05-02 16:25:09,979 INFO c.s.b.s.b.d.s.DoctorService [http-nio-8080-exec-3] Fetching doctor profile by email: pranavparalkar21@gmail.com
2026-05-02 16:25:09,982 INFO c.s.b.s.b.p.c.PrescriptionController [http-nio-8080-exec-8] Fetching prescriptions for doctor ID: DOC-f6e66410
2026-05-02 16:25:09,989 INFO c.s.b.s.b.p.c.PrescriptionController [http-nio-8080-exec-8] Found 0 prescriptions for doctor ID: DOC-f6e66410
2026-05-02 16:25:09,993 INFO c.s.b.s.b.s.j.JwtAuthenticationFilter [http-nio-8080-exec-7] JWT validated successfully for context user: pranavparalkar21@gmail.com
2026-05-02 16:25:09,995 INFO c.s.b.s.b.s.c.DashboardController [http-nio-8080-exec-7] Fetching dashboard statistics
2026-05-02 16:25:10,014 INFO c.s.b.s.b.s.j.JwtAuthenticationFilter [http-nio-8080-exec-10] JWT validated successfully for context user: pranavparalkar21@gmail.com
2026-05-02 16:25:10,016 INFO c.s.b.s.b.s.s.DashboardService [http-nio-8080-exec-7] Successfully calculated dashboard statistics: totalPatients=4, totalDoctors=7, verifiedDoctors=1
2026-05-02 16:25:10,017 INFO c.s.b.s.b.p.c.PrescriptionController [http-nio-8080-exec-10] Fetching prescriptions for doctor ID: DOC-f6e66410
2026-05-02 16:25:10,023 INFO c.s.b.s.b.p.c.PrescriptionController [http-nio-8080-exec-10] Found 0 prescriptions for doctor ID: DOC-f6e66410
2026-05-02 16:25:10,513 INFO c.s.b.s.b.s.j.JwtAuthenticationFilter [http-nio-8080-exec-1] JWT validated successfully for context user: pranavparalkar21@gmail.com
2026-05-02 16:25:10,517 INFO c.s.b.s.b.p.c.PrescriptionController [http-nio-8080-exec-1] Fetching prescriptions for doctor ID: DOC-f6e66410
2026-05-02 16:25:10,525 INFO c.s.b.s.b.p.c.PrescriptionController [http-nio-8080-exec-1] Found 0 prescriptions for doctor ID: DOC-f6e66410
2026-05-02 16:25:10,541 INFO c.s.b.s.b.s.j.JwtAuthenticationFilter [http-nio-8080-exec-9] JWT validated successfully for context user: pranavparalkar21@gmail.com
2026-05-02 16:25:10,544 INFO c.s.b.s.b.p.c.PrescriptionController [http-nio-8080-exec-9] Fetching prescriptions for doctor ID: DOC-f6e66410
2026-05-02 16:25:10,552 INFO c.s.b.s.b.p.c.PrescriptionController [http-nio-8080-exec-9] Found 0 prescriptions for doctor ID: DOC-f6e66410
2026-05-02 16:25:17,835 INFO c.s.b.s.b.s.j.JwtAuthenticationFilter [http-nio-8080-exec-3] JWT validated successfully for context user: pranavparalkar21@gmail.com
2026-05-02 16:25:17,835 INFO c.s.b.s.b.s.j.JwtAuthenticationFilter [http-nio-8080-exec-8] JWT validated successfully for context user: pranavparalkar21@gmail.com
2026-05-02 16:25:17,839 INFO c.s.b.s.b.s.c.DashboardController [http-nio-8080-exec-3] Fetching dashboard statistics
2026-05-02 16:25:17,839 INFO c.s.b.s.b.d.c.DoctorController [http-nio-8080-exec-8] Received request to fetch doctor by email: pranavparalkar21@gmail.com
2026-05-02 16:25:17,841 INFO c.s.b.s.b.d.s.DoctorService [http-nio-8080-exec-8] Fetching doctor profile by email: pranavparalkar21@gmail.com
2026-05-02 16:25:17,862 INFO c.s.b.s.b.s.s.DashboardService [http-nio-8080-exec-3] Successfully calculated dashboard statistics: totalPatients=4, totalDoctors=7, verifiedDoctors=1
2026-05-02 16:25:17,864 INFO c.s.b.s.b.s.j.JwtAuthenticationFilter [http-nio-8080-exec-7] JWT validated successfully for context user: pranavparalkar21@gmail.com
2026-05-02 16:25:17,868 INFO c.s.b.s.b.d.c.DoctorController [http-nio-8080-exec-7] Received request to fetch doctor by email: pranavparalkar21@gmail.com
2026-05-02 16:25:17,868 INFO c.s.b.s.b.d.s.DoctorService [http-nio-8080-exec-7] Fetching doctor profile by email: pranavparalkar21@gmail.com
2026-05-02 16:25:17,870 INFO c.s.b.s.b.s.j.JwtAuthenticationFilter [http-nio-8080-exec-1] JWT validated successfully for context user: pranavparalkar21@gmail.com
2026-05-02 16:25:17,872 INFO c.s.b.s.b.p.c.PrescriptionController [http-nio-8080-exec-1] Fetching prescriptions for doctor ID: DOC-f6e66410
2026-05-02 16:25:17,879 INFO c.s.b.s.b.s.j.JwtAuthenticationFilter [http-nio-8080-exec-9] JWT validated successfully for context user: pranavparalkar21@gmail.com
2026-05-02 16:25:17,880 INFO c.s.b.s.b.p.c.PrescriptionController [http-nio-8080-exec-1] Found 0 prescriptions for doctor ID: DOC-f6e66410
2026-05-02 16:25:17,881 INFO c.s.b.s.b.s.c.DashboardController [http-nio-8080-exec-9] Fetching dashboard statistics
2026-05-02 16:25:17,896 INFO c.s.b.s.b.s.j.JwtAuthenticationFilter [http-nio-8080-exec-6] JWT validated successfully for context user: pranavparalkar21@gmail.com
2026-05-02 16:25:17,900 INFO c.s.b.s.b.p.c.PrescriptionController [http-nio-8080-exec-6] Fetching prescriptions for doctor ID: DOC-f6e66410
2026-05-02 16:25:17,905 INFO c.s.b.s.b.s.s.DashboardService [http-nio-8080-exec-9] Successfully calculated dashboard statistics: totalPatients=4, totalDoctors=7, verifiedDoctors=1
2026-05-02 16:25:17,908 INFO c.s.b.s.b.p.c.PrescriptionController [http-nio-8080-exec-6] Found 0 prescriptions for doctor ID: DOC-f6e66410
2026-05-02 16:25:18,330 INFO c.s.b.s.b.s.j.JwtAuthenticationFilter [http-nio-8080-exec-4] JWT validated successfully for context user: pranavparalkar21@gmail.com
2026-05-02 16:25:18,332 INFO c.s.b.s.b.p.c.PrescriptionController [http-nio-8080-exec-4] Fetching prescriptions for doctor ID: DOC-f6e66410
2026-05-02 16:25:18,340 INFO c.s.b.s.b.p.c.PrescriptionController [http-nio-8080-exec-4] Found 0 prescriptions for doctor ID: DOC-f6e66410
2026-05-02 16:25:18,357 INFO c.s.b.s.b.s.j.JwtAuthenticationFilter [http-nio-8080-exec-2] JWT validated successfully for context user: pranavparalkar21@gmail.com
2026-05-02 16:25:18,359 INFO c.s.b.s.b.p.c.PrescriptionController [http-nio-8080-exec-2] Fetching prescriptions for doctor ID: DOC-f6e66410
2026-05-02 16:25:18,364 INFO c.s.b.s.b.p.c.PrescriptionController [http-nio-8080-exec-2] Found 0 prescriptions for doctor ID: DOC-f6e66410
2026-05-02 16:25:19,029 INFO c.s.b.s.b.s.j.JwtAuthenticationFilter [http-nio-8080-exec-5] JWT validated successfully for context user: pranavparalkar21@gmail.com
2026-05-02 16:25:19,031 INFO c.s.b.s.b.p.c.PrescriptionController [http-nio-8080-exec-5] Fetching prescriptions for doctor ID: DOC-f6e66410
2026-05-02 16:25:19,042 INFO c.s.b.s.b.p.c.PrescriptionController [http-nio-8080-exec-5] Found 0 prescriptions for doctor ID: DOC-f6e66410
2026-05-02 16:25:19,062 INFO c.s.b.s.b.s.j.JwtAuthenticationFilter [http-nio-8080-exec-8] JWT validated successfully for context user: pranavparalkar21@gmail.com
2026-05-02 16:25:19,065 INFO c.s.b.s.b.p.c.PrescriptionController [http-nio-8080-exec-8] Fetching prescriptions for doctor ID: DOC-f6e66410
2026-05-02 16:25:19,072 INFO c.s.b.s.b.p.c.PrescriptionController [http-nio-8080-exec-8] Found 0 prescriptions for doctor ID: DOC-f6e66410
2026-05-02 16:25:19,629 INFO c.s.b.s.b.s.j.JwtAuthenticationFilter [http-nio-8080-exec-10] JWT validated successfully for context user: pranavparalkar21@gmail.com
2026-05-02 16:25:19,630 INFO c.s.b.s.b.s.j.JwtAuthenticationFilter [http-nio-8080-exec-3] JWT validated successfully for context user: pranavparalkar21@gmail.com
2026-05-02 16:25:19,632 INFO c.s.b.s.b.s.c.DashboardController [http-nio-8080-exec-10] Fetching dashboard statistics
2026-05-02 16:25:19,632 INFO c.s.b.s.b.d.c.DoctorController [http-nio-8080-exec-3] Received request to fetch doctor by email: pranavparalkar21@gmail.com
2026-05-02 16:25:19,633 INFO c.s.b.s.b.d.s.DoctorService [http-nio-8080-exec-3] Fetching doctor profile by email: pranavparalkar21@gmail.com
2026-05-02 16:25:19,655 INFO c.s.b.s.b.s.j.JwtAuthenticationFilter [http-nio-8080-exec-7] JWT validated successfully for context user: pranavparalkar21@gmail.com
2026-05-02 16:25:19,655 INFO c.s.b.s.b.s.s.DashboardService [http-nio-8080-exec-10] Successfully calculated dashboard statistics: totalPatients=4, totalDoctors=7, verifiedDoctors=1
2026-05-02 16:25:19,659 INFO c.s.b.s.b.s.j.JwtAuthenticationFilter [http-nio-8080-exec-1] JWT validated successfully for context user: pranavparalkar21@gmail.com
2026-05-02 16:25:19,661 INFO c.s.b.s.b.d.c.DoctorController [http-nio-8080-exec-7] Received request to fetch doctor by email: pranavparalkar21@gmail.com
2026-05-02 16:25:19,661 INFO c.s.b.s.b.p.c.PrescriptionController [http-nio-8080-exec-1] Fetching prescriptions for doctor ID: DOC-f6e66410
2026-05-02 16:25:19,661 INFO c.s.b.s.b.d.s.DoctorService [http-nio-8080-exec-7] Fetching doctor profile by email: pranavparalkar21@gmail.com
2026-05-02 16:25:19,669 INFO c.s.b.s.b.p.c.PrescriptionController [http-nio-8080-exec-1] Found 0 prescriptions for doctor ID: DOC-f6e66410
2026-05-02 16:25:19,676 INFO c.s.b.s.b.s.j.JwtAuthenticationFilter [http-nio-8080-exec-9] JWT validated successfully for context user: pranavparalkar21@gmail.com
2026-05-02 16:25:19,679 INFO c.s.b.s.b.s.c.DashboardController [http-nio-8080-exec-9] Fetching dashboard statistics
2026-05-02 16:25:19,691 INFO c.s.b.s.b.s.j.JwtAuthenticationFilter [http-nio-8080-exec-6] JWT validated successfully for context user: pranavparalkar21@gmail.com
2026-05-02 16:25:19,694 INFO c.s.b.s.b.p.c.PrescriptionController [http-nio-8080-exec-6] Fetching prescriptions for doctor ID: DOC-f6e66410
2026-05-02 16:25:19,702 INFO c.s.b.s.b.p.c.PrescriptionController [http-nio-8080-exec-6] Found 0 prescriptions for doctor ID: DOC-f6e66410
2026-05-02 16:25:19,702 INFO c.s.b.s.b.s.s.DashboardService [http-nio-8080-exec-9] Successfully calculated dashboard statistics: totalPatients=4, totalDoctors=7, verifiedDoctors=1
2026-05-02 16:25:20,412 INFO c.s.b.s.b.s.j.JwtAuthenticationFilter [http-nio-8080-exec-4] JWT validated successfully for context user: pranavparalkar21@gmail.com
2026-05-02 16:25:20,414 INFO c.s.b.s.b.p.c.PrescriptionController [http-nio-8080-exec-4] Fetching prescriptions for doctor ID: DOC-f6e66410
2026-05-02 16:25:20,423 INFO c.s.b.s.b.p.c.PrescriptionController [http-nio-8080-exec-4] Found 0 prescriptions for doctor ID: DOC-f6e66410
2026-05-02 16:25:20,443 INFO c.s.b.s.b.s.j.JwtAuthenticationFilter [http-nio-8080-exec-2] JWT validated successfully for context user: pranavparalkar21@gmail.com
2026-05-02 16:25:20,445 INFO c.s.b.s.b.p.c.PrescriptionController [http-nio-8080-exec-2] Fetching prescriptions for doctor ID: DOC-f6e66410
2026-05-02 16:25:20,453 INFO c.s.b.s.b.p.c.PrescriptionController [http-nio-8080-exec-2] Found 0 prescriptions for doctor ID: DOC-f6e66410
2026-05-02 16:25:39,386 INFO c.s.b.s.b.s.j.JwtAuthenticationFilter [http-nio-8080-exec-7] JWT validated successfully for context user: pranavparalkar21@gmail.com
2026-05-02 16:25:39,386 INFO c.s.b.s.b.s.j.JwtAuthenticationFilter [http-nio-8080-exec-1] JWT validated successfully for context user: pranavparalkar21@gmail.com
2026-05-02 16:25:39,389 INFO c.s.b.s.b.s.c.DashboardController [http-nio-8080-exec-1] Fetching dashboard statistics
2026-05-02 16:25:39,389 INFO c.s.b.s.b.d.c.DoctorController [http-nio-8080-exec-7] Received request to fetch doctor by email: pranavparalkar21@gmail.com
2026-05-02 16:25:39,390 INFO c.s.b.s.b.d.s.DoctorService [http-nio-8080-exec-7] Fetching doctor profile by email: pranavparalkar21@gmail.com
2026-05-02 16:25:39,412 INFO c.s.b.s.b.s.s.DashboardService [http-nio-8080-exec-1] Successfully calculated dashboard statistics: totalPatients=4, totalDoctors=7, verifiedDoctors=1
2026-05-02 16:25:39,417 INFO c.s.b.s.b.s.j.JwtAuthenticationFilter [http-nio-8080-exec-6] JWT validated successfully for context user: pranavparalkar21@gmail.com
2026-05-02 16:25:39,420 INFO c.s.b.s.b.d.c.DoctorController [http-nio-8080-exec-6] Received request to fetch doctor by email: pranavparalkar21@gmail.com
2026-05-02 16:25:39,423 INFO c.s.b.s.b.d.s.DoctorService [http-nio-8080-exec-6] Fetching doctor profile by email: pranavparalkar21@gmail.com
2026-05-02 16:25:39,436 INFO c.s.b.s.b.s.j.JwtAuthenticationFilter [http-nio-8080-exec-4] JWT validated successfully for context user: pranavparalkar21@gmail.com
2026-05-02 16:25:39,440 INFO c.s.b.s.b.s.j.JwtAuthenticationFilter [http-nio-8080-exec-2] JWT validated successfully for context user: pranavparalkar21@gmail.com
2026-05-02 16:25:39,441 INFO c.s.b.s.b.p.c.PrescriptionController [http-nio-8080-exec-4] Fetching prescriptions for doctor ID: DOC-f6e66410
2026-05-02 16:25:39,443 INFO c.s.b.s.b.s.c.DashboardController [http-nio-8080-exec-2] Fetching dashboard statistics
2026-05-02 16:25:39,450 INFO c.s.b.s.b.p.c.PrescriptionController [http-nio-8080-exec-4] Found 0 prescriptions for doctor ID: DOC-f6e66410
2026-05-02 16:25:39,466 INFO c.s.b.s.b.s.s.DashboardService [http-nio-8080-exec-2] Successfully calculated dashboard statistics: totalPatients=4, totalDoctors=7, verifiedDoctors=1
2026-05-02 16:25:39,469 INFO c.s.b.s.b.s.j.JwtAuthenticationFilter [http-nio-8080-exec-5] JWT validated successfully for context user: pranavparalkar21@gmail.com
2026-05-02 16:25:39,473 INFO c.s.b.s.b.p.c.PrescriptionController [http-nio-8080-exec-5] Fetching prescriptions for doctor ID: DOC-f6e66410
2026-05-02 16:25:39,480 INFO c.s.b.s.b.p.c.PrescriptionController [http-nio-8080-exec-5] Found 0 prescriptions for doctor ID: DOC-f6e66410
2026-05-02 16:25:40,413 INFO c.s.b.s.b.s.j.JwtAuthenticationFilter [http-nio-8080-exec-3] JWT validated successfully for context user: pranavparalkar21@gmail.com
2026-05-02 16:25:40,417 INFO c.s.b.s.b.p.c.PrescriptionController [http-nio-8080-exec-3] Fetching prescriptions for doctor ID: DOC-f6e66410
2026-05-02 16:25:40,424 INFO c.s.b.s.b.p.c.PrescriptionController [http-nio-8080-exec-3] Found 0 prescriptions for doctor ID: DOC-f6e66410
2026-05-02 16:25:40,439 INFO c.s.b.s.b.s.j.JwtAuthenticationFilter [http-nio-8080-exec-10] JWT validated successfully for context user: pranavparalkar21@gmail.com
2026-05-02 16:25:40,441 INFO c.s.b.s.b.p.c.PrescriptionController [http-nio-8080-exec-10] Fetching prescriptions for doctor ID: DOC-f6e66410
2026-05-02 16:25:40,449 INFO c.s.b.s.b.p.c.PrescriptionController [http-nio-8080-exec-10] Found 0 prescriptions for doctor ID: DOC-f6e66410
2026-05-02 16:25:40,797 INFO c.s.b.s.b.s.j.JwtAuthenticationFilter [http-nio-8080-exec-7] JWT validated successfully for context user: pranavparalkar21@gmail.com
2026-05-02 16:25:40,797 INFO c.s.b.s.b.s.j.JwtAuthenticationFilter [http-nio-8080-exec-8] JWT validated successfully for context user: pranavparalkar21@gmail.com
2026-05-02 16:25:40,800 INFO c.s.b.s.b.s.c.DashboardController [http-nio-8080-exec-8] Fetching dashboard statistics
2026-05-02 16:25:40,800 INFO c.s.b.s.b.d.c.DoctorController [http-nio-8080-exec-7] Received request to fetch doctor by email: pranavparalkar21@gmail.com
2026-05-02 16:25:40,802 INFO c.s.b.s.b.d.s.DoctorService [http-nio-8080-exec-7] Fetching doctor profile by email: pranavparalkar21@gmail.com
2026-05-02 16:25:40,825 INFO c.s.b.s.b.s.s.DashboardService [http-nio-8080-exec-8] Successfully calculated dashboard statistics: totalPatients=4, totalDoctors=7, verifiedDoctors=1
2026-05-02 16:25:40,827 INFO c.s.b.s.b.s.j.JwtAuthenticationFilter [http-nio-8080-exec-9] JWT validated successfully for context user: pranavparalkar21@gmail.com
2026-05-02 16:25:40,827 INFO c.s.b.s.b.s.j.JwtAuthenticationFilter [http-nio-8080-exec-1] JWT validated successfully for context user: pranavparalkar21@gmail.com
2026-05-02 16:25:40,830 INFO c.s.b.s.b.d.c.DoctorController [http-nio-8080-exec-9] Received request to fetch doctor by email: pranavparalkar21@gmail.com
2026-05-02 16:25:40,831 INFO c.s.b.s.b.p.c.PrescriptionController [http-nio-8080-exec-1] Fetching prescriptions for doctor ID: DOC-f6e66410
2026-05-02 16:25:40,831 INFO c.s.b.s.b.d.s.DoctorService [http-nio-8080-exec-9] Fetching doctor profile by email: pranavparalkar21@gmail.com
2026-05-02 16:25:40,841 INFO c.s.b.s.b.p.c.PrescriptionController [http-nio-8080-exec-1] Found 0 prescriptions for doctor ID: DOC-f6e66410
2026-05-02 16:25:40,847 INFO c.s.b.s.b.s.j.JwtAuthenticationFilter [http-nio-8080-exec-6] JWT validated successfully for context user: pranavparalkar21@gmail.com
2026-05-02 16:25:40,852 INFO c.s.b.s.b.s.c.DashboardController [http-nio-8080-exec-6] Fetching dashboard statistics
2026-05-02 16:25:40,865 INFO c.s.b.s.b.s.j.JwtAuthenticationFilter [http-nio-8080-exec-4] JWT validated successfully for context user: pranavparalkar21@gmail.com
2026-05-02 16:25:40,868 INFO c.s.b.s.b.p.c.PrescriptionController [http-nio-8080-exec-4] Fetching prescriptions for doctor ID: DOC-f6e66410
2026-05-02 16:25:40,874 INFO c.s.b.s.b.s.s.DashboardService [http-nio-8080-exec-6] Successfully calculated dashboard statistics: totalPatients=4, totalDoctors=7, verifiedDoctors=1
2026-05-02 16:25:40,874 INFO c.s.b.s.b.p.c.PrescriptionController [http-nio-8080-exec-4] Found 0 prescriptions for doctor ID: DOC-f6e66410
2026-05-02 16:25:41,712 INFO c.s.b.s.b.s.j.JwtAuthenticationFilter [http-nio-8080-exec-2] JWT validated successfully for context user: pranavparalkar21@gmail.com
2026-05-02 16:25:41,714 INFO c.s.b.s.b.p.c.PrescriptionController [http-nio-8080-exec-2] Fetching prescriptions for doctor ID: DOC-f6e66410
2026-05-02 16:25:41,721 INFO c.s.b.s.b.p.c.PrescriptionController [http-nio-8080-exec-2] Found 0 prescriptions for doctor ID: DOC-f6e66410
2026-05-02 16:25:41,737 INFO c.s.b.s.b.s.j.JwtAuthenticationFilter [http-nio-8080-exec-5] JWT validated successfully for context user: pranavparalkar21@gmail.com
2026-05-02 16:25:41,741 INFO c.s.b.s.b.p.c.PrescriptionController [http-nio-8080-exec-5] Fetching prescriptions for doctor ID: DOC-f6e66410
2026-05-02 16:25:41,748 INFO c.s.b.s.b.p.c.PrescriptionController [http-nio-8080-exec-5] Found 0 prescriptions for doctor ID: DOC-f6e66410
2026-05-02 16:25:42,343 INFO c.s.b.s.b.s.j.JwtAuthenticationFilter [http-nio-8080-exec-10] JWT validated successfully for context user: pranavparalkar21@gmail.com
2026-05-02 16:25:42,345 INFO c.s.b.s.b.s.j.JwtAuthenticationFilter [http-nio-8080-exec-3] JWT validated successfully for context user: pranavparalkar21@gmail.com
2026-05-02 16:25:42,346 INFO c.s.b.s.b.s.c.DashboardController [http-nio-8080-exec-3] Fetching dashboard statistics
2026-05-02 16:25:42,347 INFO c.s.b.s.b.d.c.DoctorController [http-nio-8080-exec-10] Received request to fetch doctor by email: pranavparalkar21@gmail.com
2026-05-02 16:25:42,348 INFO c.s.b.s.b.d.s.DoctorService [http-nio-8080-exec-10] Fetching doctor profile by email: pranavparalkar21@gmail.com
2026-05-02 16:25:42,374 INFO c.s.b.s.b.s.j.JwtAuthenticationFilter [http-nio-8080-exec-7] JWT validated successfully for context user: pranavparalkar21@gmail.com
2026-05-02 16:25:42,373 INFO c.s.b.s.b.s.s.DashboardService [http-nio-8080-exec-3] Successfully calculated dashboard statistics: totalPatients=4, totalDoctors=7, verifiedDoctors=1
2026-05-02 16:25:42,375 INFO c.s.b.s.b.s.j.JwtAuthenticationFilter [http-nio-8080-exec-8] JWT validated successfully for context user: pranavparalkar21@gmail.com
2026-05-02 16:25:42,381 INFO c.s.b.s.b.p.c.PrescriptionController [http-nio-8080-exec-8] Fetching prescriptions for doctor ID: DOC-f6e66410
2026-05-02 16:25:42,380 INFO c.s.b.s.b.d.c.DoctorController [http-nio-8080-exec-7] Received request to fetch doctor by email: pranavparalkar21@gmail.com
2026-05-02 16:25:42,386 INFO c.s.b.s.b.d.s.DoctorService [http-nio-8080-exec-7] Fetching doctor profile by email: pranavparalkar21@gmail.com
2026-05-02 16:25:42,394 INFO c.s.b.s.b.p.c.PrescriptionController [http-nio-8080-exec-8] Found 0 prescriptions for doctor ID: DOC-f6e66410
2026-05-02 16:25:42,400 INFO c.s.b.s.b.s.j.JwtAuthenticationFilter [http-nio-8080-exec-9] JWT validated successfully for context user: pranavparalkar21@gmail.com
2026-05-02 16:25:42,403 INFO c.s.b.s.b.s.c.DashboardController [http-nio-8080-exec-9] Fetching dashboard statistics
2026-05-02 16:25:42,417 INFO c.s.b.s.b.s.j.JwtAuthenticationFilter [http-nio-8080-exec-1] JWT validated successfully for context user: pranavparalkar21@gmail.com
2026-05-02 16:25:42,421 INFO c.s.b.s.b.p.c.PrescriptionController [http-nio-8080-exec-1] Fetching prescriptions for doctor ID: DOC-f6e66410
2026-05-02 16:25:42,428 INFO c.s.b.s.b.p.c.PrescriptionController [http-nio-8080-exec-1] Found 0 prescriptions for doctor ID: DOC-f6e66410
2026-05-02 16:25:42,428 INFO c.s.b.s.b.s.s.DashboardService [http-nio-8080-exec-9] Successfully calculated dashboard statistics: totalPatients=4, totalDoctors=7, verifiedDoctors=1
2026-05-02 16:25:42,759 INFO c.s.b.s.b.s.j.JwtAuthenticationFilter [http-nio-8080-exec-4] JWT validated successfully for context user: pranavparalkar21@gmail.com
2026-05-02 16:25:42,762 INFO c.s.b.s.b.p.c.PrescriptionController [http-nio-8080-exec-4] Fetching prescriptions for doctor ID: DOC-f6e66410
2026-05-02 16:25:42,768 INFO c.s.b.s.b.p.c.PrescriptionController [http-nio-8080-exec-4] Found 0 prescriptions for doctor ID: DOC-f6e66410
2026-05-02 16:25:42,784 INFO c.s.b.s.b.s.j.JwtAuthenticationFilter [http-nio-8080-exec-6] JWT validated successfully for context user: pranavparalkar21@gmail.com
2026-05-02 16:25:42,787 INFO c.s.b.s.b.p.c.PrescriptionController [http-nio-8080-exec-6] Fetching prescriptions for doctor ID: DOC-f6e66410
2026-05-02 16:25:42,795 INFO c.s.b.s.b.p.c.PrescriptionController [http-nio-8080-exec-6] Found 0 prescriptions for doctor ID: DOC-f6e66410
2026-05-02 16:25:43,510 INFO c.s.b.s.b.s.j.JwtAuthenticationFilter [http-nio-8080-exec-2] JWT validated successfully for context user: pranavparalkar21@gmail.com
2026-05-02 16:25:43,510 INFO c.s.b.s.b.s.j.JwtAuthenticationFilter [http-nio-8080-exec-5] JWT validated successfully for context user: pranavparalkar21@gmail.com
2026-05-02 16:25:43,512 INFO c.s.b.s.b.s.c.DashboardController [http-nio-8080-exec-2] Fetching dashboard statistics
2026-05-02 16:25:43,513 INFO c.s.b.s.b.d.c.DoctorController [http-nio-8080-exec-5] Received request to fetch doctor by email: pranavparalkar21@gmail.com
2026-05-02 16:25:43,514 INFO c.s.b.s.b.d.s.DoctorService [http-nio-8080-exec-5] Fetching doctor profile by email: pranavparalkar21@gmail.com
2026-05-02 16:25:43,534 INFO c.s.b.s.b.s.j.JwtAuthenticationFilter [http-nio-8080-exec-10] JWT validated successfully for context user: pranavparalkar21@gmail.com
2026-05-02 16:25:43,534 INFO c.s.b.s.b.s.s.DashboardService [http-nio-8080-exec-2] Successfully calculated dashboard statistics: totalPatients=4, totalDoctors=7, verifiedDoctors=1
2026-05-02 16:25:43,537 INFO c.s.b.s.b.s.j.JwtAuthenticationFilter [http-nio-8080-exec-3] JWT validated successfully for context user: pranavparalkar21@gmail.com
2026-05-02 16:25:43,537 INFO c.s.b.s.b.d.c.DoctorController [http-nio-8080-exec-10] Received request to fetch doctor by email: pranavparalkar21@gmail.com
2026-05-02 16:25:43,538 INFO c.s.b.s.b.d.s.DoctorService [http-nio-8080-exec-10] Fetching doctor profile by email: pranavparalkar21@gmail.com
2026-05-02 16:25:43,539 INFO c.s.b.s.b.p.c.PrescriptionController [http-nio-8080-exec-3] Fetching prescriptions for doctor ID: DOC-f6e66410
2026-05-02 16:25:43,547 INFO c.s.b.s.b.p.c.PrescriptionController [http-nio-8080-exec-3] Found 0 prescriptions for doctor ID: DOC-f6e66410
2026-05-02 16:25:43,550 INFO c.s.b.s.b.s.j.JwtAuthenticationFilter [http-nio-8080-exec-7] JWT validated successfully for context user: pranavparalkar21@gmail.com
2026-05-02 16:25:43,552 INFO c.s.b.s.b.s.c.DashboardController [http-nio-8080-exec-7] Fetching dashboard statistics
2026-05-02 16:25:43,569 INFO c.s.b.s.b.s.j.JwtAuthenticationFilter [http-nio-8080-exec-8] JWT validated successfully for context user: pranavparalkar21@gmail.com
2026-05-02 16:25:43,570 INFO c.s.b.s.b.p.c.PrescriptionController [http-nio-8080-exec-8] Fetching prescriptions for doctor ID: DOC-f6e66410
2026-05-02 16:25:43,573 INFO c.s.b.s.b.s.s.DashboardService [http-nio-8080-exec-7] Successfully calculated dashboard statistics: totalPatients=4, totalDoctors=7, verifiedDoctors=1
2026-05-02 16:25:43,577 INFO c.s.b.s.b.p.c.PrescriptionController [http-nio-8080-exec-8] Found 0 prescriptions for doctor ID: DOC-f6e66410
2026-05-02 16:25:43,909 INFO c.s.b.s.b.s.j.JwtAuthenticationFilter [http-nio-8080-exec-1] JWT validated successfully for context user: pranavparalkar21@gmail.com
2026-05-02 16:25:43,912 INFO c.s.b.s.b.p.c.PrescriptionController [http-nio-8080-exec-1] Fetching prescriptions for doctor ID: DOC-f6e66410
2026-05-02 16:25:43,919 INFO c.s.b.s.b.p.c.PrescriptionController [http-nio-8080-exec-1] Found 0 prescriptions for doctor ID: DOC-f6e66410
2026-05-02 16:25:43,936 INFO c.s.b.s.b.s.j.JwtAuthenticationFilter [http-nio-8080-exec-4] JWT validated successfully for context user: pranavparalkar21@gmail.com
2026-05-02 16:25:43,937 INFO c.s.b.s.b.p.c.PrescriptionController [http-nio-8080-exec-4] Fetching prescriptions for doctor ID: DOC-f6e66410
2026-05-02 16:25:43,943 INFO c.s.b.s.b.p.c.PrescriptionController [http-nio-8080-exec-4] Found 0 prescriptions for doctor ID: DOC-f6e66410
2026-05-02 16:25:44,259 INFO c.s.b.s.b.s.j.JwtAuthenticationFilter [http-nio-8080-exec-5] JWT validated successfully for context user: pranavparalkar21@gmail.com
2026-05-02 16:25:44,260 INFO c.s.b.s.b.s.j.JwtAuthenticationFilter [http-nio-8080-exec-6] JWT validated successfully for context user: pranavparalkar21@gmail.com
2026-05-02 16:25:44,261 INFO c.s.b.s.b.s.c.DashboardController [http-nio-8080-exec-6] Fetching dashboard statistics
2026-05-02 16:25:44,261 INFO c.s.b.s.b.d.c.DoctorController [http-nio-8080-exec-5] Received request to fetch doctor by email: pranavparalkar21@gmail.com
2026-05-02 16:25:44,262 INFO c.s.b.s.b.d.s.DoctorService [http-nio-8080-exec-5] Fetching doctor profile by email: pranavparalkar21@gmail.com
2026-05-02 16:25:44,283 INFO c.s.b.s.b.s.j.JwtAuthenticationFilter [http-nio-8080-exec-2] JWT validated successfully for context user: pranavparalkar21@gmail.com
2026-05-02 16:25:44,284 INFO c.s.b.s.b.s.s.DashboardService [http-nio-8080-exec-6] Successfully calculated dashboard statistics: totalPatients=4, totalDoctors=7, verifiedDoctors=1
2026-05-02 16:25:44,285 INFO c.s.b.s.b.s.j.JwtAuthenticationFilter [http-nio-8080-exec-10] JWT validated successfully for context user: pranavparalkar21@gmail.com
2026-05-02 16:25:44,285 INFO c.s.b.s.b.d.c.DoctorController [http-nio-8080-exec-2] Received request to fetch doctor by email: pranavparalkar21@gmail.com
2026-05-02 16:25:44,285 INFO c.s.b.s.b.p.c.PrescriptionController [http-nio-8080-exec-10] Fetching prescriptions for doctor ID: DOC-f6e66410
2026-05-02 16:25:44,285 INFO c.s.b.s.b.d.s.DoctorService [http-nio-8080-exec-2] Fetching doctor profile by email: pranavparalkar21@gmail.com
2026-05-02 16:25:44,293 INFO c.s.b.s.b.p.c.PrescriptionController [http-nio-8080-exec-10] Found 0 prescriptions for doctor ID: DOC-f6e66410
2026-05-02 16:25:44,299 INFO c.s.b.s.b.s.j.JwtAuthenticationFilter [http-nio-8080-exec-3] JWT validated successfully for context user: pranavparalkar21@gmail.com
2026-05-02 16:25:44,302 INFO c.s.b.s.b.s.c.DashboardController [http-nio-8080-exec-3] Fetching dashboard statistics
2026-05-02 16:25:44,314 INFO c.s.b.s.b.s.j.JwtAuthenticationFilter [http-nio-8080-exec-7] JWT validated successfully for context user: pranavparalkar21@gmail.com
2026-05-02 16:25:44,317 INFO c.s.b.s.b.p.c.PrescriptionController [http-nio-8080-exec-7] Fetching prescriptions for doctor ID: DOC-f6e66410
2026-05-02 16:25:44,322 INFO c.s.b.s.b.p.c.PrescriptionController [http-nio-8080-exec-7] Found 0 prescriptions for doctor ID: DOC-f6e66410
2026-05-02 16:25:44,325 INFO c.s.b.s.b.s.s.DashboardService [http-nio-8080-exec-3] Successfully calculated dashboard statistics: totalPatients=4, totalDoctors=7, verifiedDoctors=1
2026-05-02 16:25:45,113 INFO c.s.b.s.b.s.j.JwtAuthenticationFilter [http-nio-8080-exec-1] JWT validated successfully for context user: pranavparalkar21@gmail.com
2026-05-02 16:25:45,113 INFO c.s.b.s.b.p.c.PrescriptionController [http-nio-8080-exec-1] Fetching prescriptions for doctor ID: DOC-f6e66410
2026-05-02 16:25:45,122 INFO c.s.b.s.b.p.c.PrescriptionController [http-nio-8080-exec-1] Found 0 prescriptions for doctor ID: DOC-f6e66410
2026-05-02 16:25:45,139 INFO c.s.b.s.b.s.j.JwtAuthenticationFilter [http-nio-8080-exec-4] JWT validated successfully for context user: pranavparalkar21@gmail.com
2026-05-02 16:25:45,140 INFO c.s.b.s.b.p.c.PrescriptionController [http-nio-8080-exec-4] Fetching prescriptions for doctor ID: DOC-f6e66410
2026-05-02 16:25:45,147 INFO c.s.b.s.b.p.c.PrescriptionController [http-nio-8080-exec-4] Found 0 prescriptions for doctor ID: DOC-f6e66410
2026-05-02 16:26:04,761 INFO c.s.b.s.b.s.j.JwtAuthenticationFilter [http-nio-8080-exec-10] JWT validated successfully for context user: prescribe.services@gmail.com
2026-05-02 16:26:04,763 INFO c.s.b.s.b.d.c.AdminController [http-nio-8080-exec-10] Admin requesting pending doctors list
2026-05-02 16:26:04,763 INFO c.s.b.s.b.d.s.DoctorService [http-nio-8080-exec-10] Fetching all pending doctors
2026-05-02 16:26:04,767 INFO c.s.b.s.b.s.j.JwtAuthenticationFilter [http-nio-8080-exec-9] JWT validated successfully for context user: pranavparalkar21@gmail.com
2026-05-02 16:26:04,769 INFO c.s.b.s.b.p.c.PrescriptionController [http-nio-8080-exec-9] Fetching prescriptions for doctor ID: DOC-f6e66410
2026-05-02 16:26:04,777 INFO c.s.b.s.b.p.c.PrescriptionController [http-nio-8080-exec-9] Found 0 prescriptions for doctor ID: DOC-f6e66410
2026-05-02 16:26:04,794 INFO c.s.b.s.b.s.j.JwtAuthenticationFilter [http-nio-8080-exec-1] JWT validated successfully for context user: prescribe.services@gmail.com
2026-05-02 16:26:04,794 INFO c.s.b.s.b.s.j.JwtAuthenticationFilter [http-nio-8080-exec-8] JWT validated successfully for context user: pranavparalkar21@gmail.com
2026-05-02 16:26:04,798 INFO c.s.b.s.b.d.c.AdminController [http-nio-8080-exec-1] Admin requesting pending doctors list
2026-05-02 16:26:04,798 INFO c.s.b.s.b.p.c.PrescriptionController [http-nio-8080-exec-8] Fetching prescriptions for doctor ID: DOC-f6e66410
2026-05-02 16:26:04,798 INFO c.s.b.s.b.d.s.DoctorService [http-nio-8080-exec-1] Fetching all pending doctors
2026-05-02 16:26:04,802 INFO c.s.b.s.b.p.c.PrescriptionController [http-nio-8080-exec-8] Found 0 prescriptions for doctor ID: DOC-f6e66410
2026-05-02 16:26:36,104 INFO c.s.b.s.b.s.j.JwtAuthenticationFilter [http-nio-8080-exec-6] JWT validated successfully for context user: pranavparalkar21@gmail.com
2026-05-02 16:26:36,105 INFO c.s.b.s.b.p.c.PrescriptionController [http-nio-8080-exec-6] Fetching prescriptions for doctor ID: DOC-f6e66410
2026-05-02 16:26:36,107 INFO c.s.b.s.b.p.c.PrescriptionController [http-nio-8080-exec-6] Found 0 prescriptions for doctor ID: DOC-f6e66410
2026-05-02 16:26:36,130 INFO c.s.b.s.b.s.j.JwtAuthenticationFilter [http-nio-8080-exec-2] JWT validated successfully for context user: pranavparalkar21@gmail.com
2026-05-02 16:26:36,134 INFO c.s.b.s.b.p.c.PrescriptionController [http-nio-8080-exec-2] Fetching prescriptions for doctor ID: DOC-f6e66410
2026-05-02 16:26:36,139 INFO c.s.b.s.b.p.c.PrescriptionController [http-nio-8080-exec-2] Found 0 prescriptions for doctor ID: DOC-f6e66410
2026-05-02 16:32:48,175 INFO c.s.b.s.b.s.j.JwtAuthenticationFilter [http-nio-8080-exec-6] JWT validated successfully for context user: pranavparalkar21@gmail.com
2026-05-02 16:32:48,177 INFO c.s.b.s.b.p.c.PrescriptionController [http-nio-8080-exec-6] Fetching prescriptions for doctor ID: DOC-f6e66410
2026-05-02 16:32:48,185 INFO c.s.b.s.b.p.c.PrescriptionController [http-nio-8080-exec-6] Found 0 prescriptions for doctor ID: DOC-f6e66410
2026-05-02 16:32:48,203 INFO c.s.b.s.b.s.j.JwtAuthenticationFilter [http-nio-8080-exec-2] JWT validated successfully for context user: pranavparalkar21@gmail.com
2026-05-02 16:32:48,205 INFO c.s.b.s.b.p.c.PrescriptionController [http-nio-8080-exec-2] Fetching prescriptions for doctor ID: DOC-f6e66410
2026-05-02 16:32:48,210 INFO c.s.b.s.b.p.c.PrescriptionController [http-nio-8080-exec-2] Found 0 prescriptions for doctor ID: DOC-f6e66410
2026-05-02 16:32:50,443 INFO c.s.b.s.b.s.j.JwtAuthenticationFilter [http-nio-8080-exec-9] JWT validated successfully for context user: pranavparalkar21@gmail.com
2026-05-02 16:32:50,495 ERROR c.s.b.s.b.e.GlobalExceptionHandler [http-nio-8080-exec-9] Unhandled logical exception occurred at /api/doctors/email/pranavparalkar21%40gmail.com: No static resource api/doctors/email/pranavparalkar21%40gmail.com for request '/api/doctors/email/pranavparalkar21%40gmail.com'.
org.springframework.web.servlet.resource.NoResourceFoundException: No static resource api/doctors/email/pranavparalkar21%40gmail.com for request '/api/doctors/email/pranavparalkar21%40gmail.com'.
	at org.springframework.web.servlet.resource.ResourceHttpRequestHandler.handleRequest(ResourceHttpRequestHandler.java:527)
	at org.springframework.web.servlet.mvc.HttpRequestHandlerAdapter.handle(HttpRequestHandlerAdapter.java:50)
	at org.springframework.web.servlet.DispatcherServlet.doDispatch(DispatcherServlet.java:963)
	at org.springframework.web.servlet.DispatcherServlet.doService(DispatcherServlet.java:866)
	at org.springframework.web.servlet.FrameworkServlet.processRequest(FrameworkServlet.java:1000)
	at org.springframework.web.servlet.FrameworkServlet.doGet(FrameworkServlet.java:892)
	at jakarta.servlet.http.HttpServlet.service(HttpServlet.java:622)
	at org.springframework.web.servlet.FrameworkServlet.service(FrameworkServlet.java:874)
	at jakarta.servlet.http.HttpServlet.service(HttpServlet.java:710)
	at org.apache.catalina.core.ApplicationFilterChain.doFilter(ApplicationFilterChain.java:128)
	at org.apache.tomcat.websocket.server.WsFilter.doFilter(WsFilter.java:53)
	at org.apache.catalina.core.ApplicationFilterChain.doFilter(ApplicationFilterChain.java:107)
	at org.springframework.web.filter.OncePerRequestFilter.doFilter(OncePerRequestFilter.java:110)
	at org.apache.catalina.core.ApplicationFilterChain.doFilter(ApplicationFilterChain.java:107)
	at org.springframework.web.filter.CompositeFilter$VirtualFilterChain.doFilter(CompositeFilter.java:108)
	at org.springframework.security.web.FilterChainProxy.lambda$doFilterInternal$3(FilterChainProxy.java:235)
	at org.springframework.security.web.FilterChainProxy$VirtualFilterChain.doFilter(FilterChainProxy.java:371)
	at org.springframework.security.web.access.intercept.AuthorizationFilter.doFilter(AuthorizationFilter.java:101)
	at org.springframework.security.web.FilterChainProxy$VirtualFilterChain.doFilter(FilterChainProxy.java:380)
	at org.springframework.security.web.access.ExceptionTranslationFilter.doFilter(ExceptionTranslationFilter.java:126)
	at org.springframework.security.web.access.ExceptionTranslationFilter.doFilter(ExceptionTranslationFilter.java:120)
	at org.springframework.security.web.FilterChainProxy$VirtualFilterChain.doFilter(FilterChainProxy.java:380)
	at org.springframework.security.web.session.SessionManagementFilter.doFilter(SessionManagementFilter.java:132)
	at org.springframework.security.web.session.SessionManagementFilter.doFilter(SessionManagementFilter.java:86)
	at org.springframework.security.web.FilterChainProxy$VirtualFilterChain.doFilter(FilterChainProxy.java:380)
	at org.springframework.security.web.authentication.AnonymousAuthenticationFilter.doFilter(AnonymousAuthenticationFilter.java:100)
	at org.springframework.security.web.FilterChainProxy$VirtualFilterChain.doFilter(FilterChainProxy.java:380)
	at org.springframework.security.web.servletapi.SecurityContextHolderAwareRequestFilter.doFilter(SecurityContextHolderAwareRequestFilter.java:181)
	at org.springframework.security.web.FilterChainProxy$VirtualFilterChain.doFilter(FilterChainProxy.java:380)
	at org.springframework.security.web.savedrequest.RequestCacheAwareFilter.doFilter(RequestCacheAwareFilter.java:63)
	at org.springframework.security.web.FilterChainProxy$VirtualFilterChain.doFilter(FilterChainProxy.java:380)
	at org.springframework.security.web.authentication.ui.DefaultLogoutPageGeneratingFilter.doFilterInternal(DefaultLogoutPageGeneratingFilter.java:60)
	at org.springframework.web.filter.OncePerRequestFilter.doFilter(OncePerRequestFilter.java:116)
	at org.springframework.security.web.FilterChainProxy$VirtualFilterChain.doFilter(FilterChainProxy.java:380)
	at org.springframework.security.web.authentication.ui.DefaultLoginPageGeneratingFilter.doFilter(DefaultLoginPageGeneratingFilter.java:246)
	at org.springframework.security.web.authentication.ui.DefaultLoginPageGeneratingFilter.doFilter(DefaultLoginPageGeneratingFilter.java:232)
	at org.springframework.security.web.FilterChainProxy$VirtualFilterChain.doFilter(FilterChainProxy.java:380)
	at org.springframework.security.web.authentication.ui.DefaultResourcesFilter.doFilter(DefaultResourcesFilter.java:73)
	at org.springframework.security.web.FilterChainProxy$VirtualFilterChain.doFilter(FilterChainProxy.java:380)
	at com.spring.boot.super30.backend.security.jwt.JwtAuthenticationFilter.doFilterInternal(JwtAuthenticationFilter.java:64)
	at org.springframework.web.filter.OncePerRequestFilter.doFilter(OncePerRequestFilter.java:116)
	at org.springframework.security.web.FilterChainProxy$VirtualFilterChain.doFilter(FilterChainProxy.java:380)
	at org.springframework.security.web.authentication.AbstractAuthenticationProcessingFilter.doFilter(AbstractAuthenticationProcessingFilter.java:245)
	at org.springframework.security.web.authentication.AbstractAuthenticationProcessingFilter.doFilter(AbstractAuthenticationProcessingFilter.java:239)
	at org.springframework.security.web.FilterChainProxy$VirtualFilterChain.doFilter(FilterChainProxy.java:380)
	at org.springframework.security.oauth2.client.web.OAuth2AuthorizationRequestRedirectFilter.doFilterInternal(OAuth2AuthorizationRequestRedirectFilter.java:195)
	at org.springframework.web.filter.OncePerRequestFilter.doFilter(OncePerRequestFilter.java:116)
	at org.springframework.security.web.FilterChainProxy$VirtualFilterChain.doFilter(FilterChainProxy.java:380)
	at org.springframework.security.web.authentication.logout.LogoutFilter.doFilter(LogoutFilter.java:110)
	at org.springframework.security.web.authentication.logout.LogoutFilter.doFilter(LogoutFilter.java:96)
	at org.springframework.security.web.FilterChainProxy$VirtualFilterChain.doFilter(FilterChainProxy.java:380)
	at org.springframework.web.filter.CorsFilter.doFilterInternal(CorsFilter.java:91)
	at org.springframework.web.filter.OncePerRequestFilter.doFilter(OncePerRequestFilter.java:116)
	at org.springframework.security.web.FilterChainProxy$VirtualFilterChain.doFilter(FilterChainProxy.java:380)
	at org.springframework.security.web.header.HeaderWriterFilter.doHeadersAfter(HeaderWriterFilter.java:90)
	at org.springframework.security.web.header.HeaderWriterFilter.doFilterInternal(HeaderWriterFilter.java:75)
	at org.springframework.web.filter.OncePerRequestFilter.doFilter(OncePerRequestFilter.java:116)
	at org.springframework.security.web.FilterChainProxy$VirtualFilterChain.doFilter(FilterChainProxy.java:380)
	at org.springframework.security.web.context.SecurityContextHolderFilter.doFilter(SecurityContextHolderFilter.java:82)
	at org.springframework.security.web.context.SecurityContextHolderFilter.doFilter(SecurityContextHolderFilter.java:69)
	at org.springframework.security.web.FilterChainProxy$VirtualFilterChain.doFilter(FilterChainProxy.java:380)
	at org.springframework.security.web.context.request.async.WebAsyncManagerIntegrationFilter.doFilterInternal(WebAsyncManagerIntegrationFilter.java:62)
	at org.springframework.web.filter.OncePerRequestFilter.doFilter(OncePerRequestFilter.java:116)
	at org.springframework.security.web.FilterChainProxy$VirtualFilterChain.doFilter(FilterChainProxy.java:380)
	at org.springframework.security.web.session.DisableEncodeUrlFilter.doFilterInternal(DisableEncodeUrlFilter.java:42)
	at org.springframework.web.filter.OncePerRequestFilter.doFilter(OncePerRequestFilter.java:116)
	at org.springframework.security.web.FilterChainProxy$VirtualFilterChain.doFilter(FilterChainProxy.java:380)
	at org.springframework.security.web.FilterChainProxy.doFilterInternal(FilterChainProxy.java:237)
	at org.springframework.security.web.FilterChainProxy.doFilter(FilterChainProxy.java:195)
	at org.springframework.web.filter.CompositeFilter$VirtualFilterChain.doFilter(CompositeFilter.java:113)
	at org.springframework.web.filter.ServletRequestPathFilter.doFilter(ServletRequestPathFilter.java:52)
	at org.springframework.web.filter.CompositeFilter$VirtualFilterChain.doFilter(CompositeFilter.java:113)
	at org.springframework.web.filter.CompositeFilter.doFilter(CompositeFilter.java:74)
	at org.springframework.security.config.annotation.web.configuration.WebSecurityConfiguration$CompositeFilterChainProxy.doFilter(WebSecurityConfiguration.java:317)
	at org.springframework.web.filter.DelegatingFilterProxy.invokeDelegate(DelegatingFilterProxy.java:355)
	at org.springframework.web.filter.DelegatingFilterProxy.doFilter(DelegatingFilterProxy.java:272)
	at org.apache.catalina.core.ApplicationFilterChain.doFilter(ApplicationFilterChain.java:107)
	at org.springframework.web.filter.RequestContextFilter.doFilterInternal(RequestContextFilter.java:100)
	at org.springframework.web.filter.OncePerRequestFilter.doFilter(OncePerRequestFilter.java:116)
	at org.apache.catalina.core.ApplicationFilterChain.doFilter(ApplicationFilterChain.java:107)
	at org.springframework.web.filter.FormContentFilter.doFilterInternal(FormContentFilter.java:93)
	at org.springframework.web.filter.OncePerRequestFilter.doFilter(OncePerRequestFilter.java:116)
	at org.apache.catalina.core.ApplicationFilterChain.doFilter(ApplicationFilterChain.java:107)
	at org.springframework.web.filter.CharacterEncodingFilter.doFilterInternal(CharacterEncodingFilter.java:199)
	at org.springframework.web.filter.OncePerRequestFilter.doFilter(OncePerRequestFilter.java:116)
	at org.apache.catalina.core.ApplicationFilterChain.doFilter(ApplicationFilterChain.java:107)
	at org.apache.catalina.core.StandardWrapperValve.invoke(StandardWrapperValve.java:165)
	at org.apache.catalina.core.StandardContextValve.invoke(StandardContextValve.java:77)
	at org.apache.catalina.authenticator.AuthenticatorBase.invoke(AuthenticatorBase.java:492)
	at org.apache.catalina.core.StandardHostValve.invoke(StandardHostValve.java:113)
	at org.apache.catalina.valves.ErrorReportValve.invoke(ErrorReportValve.java:83)
	at org.apache.catalina.core.StandardEngineValve.invoke(StandardEngineValve.java:72)
	at org.apache.catalina.connector.CoyoteAdapter.service(CoyoteAdapter.java:341)
	at org.apache.coyote.http11.Http11Processor.service(Http11Processor.java:397)
	at org.apache.coyote.AbstractProcessorLight.process(AbstractProcessorLight.java:63)
	at org.apache.coyote.AbstractProtocol$ConnectionHandler.process(AbstractProtocol.java:903)
	at org.apache.tomcat.util.net.NioEndpoint$SocketProcessor.doRun(NioEndpoint.java:1779)
	at org.apache.tomcat.util.net.SocketProcessorBase.run(SocketProcessorBase.java:52)
	at org.apache.tomcat.util.threads.ThreadPoolExecutor.runWorker(ThreadPoolExecutor.java:946)
	at org.apache.tomcat.util.threads.ThreadPoolExecutor$Worker.run(ThreadPoolExecutor.java:480)
	at org.apache.tomcat.util.threads.TaskThread$WrappingRunnable.run(TaskThread.java:57)
	at java.base/java.lang.Thread.run(Thread.java:1583)
2026-05-02 16:32:50,541 INFO c.s.b.s.b.s.j.JwtAuthenticationFilter [http-nio-8080-exec-10] JWT validated successfully for context user: pranavparalkar21@gmail.com
2026-05-02 16:32:50,547 ERROR c.s.b.s.b.e.GlobalExceptionHandler [http-nio-8080-exec-10] Unhandled logical exception occurred at /api/doctors/email/pranavparalkar21%40gmail.com: No static resource api/doctors/email/pranavparalkar21%40gmail.com for request '/api/doctors/email/pranavparalkar21%40gmail.com'.
org.springframework.web.servlet.resource.NoResourceFoundException: No static resource api/doctors/email/pranavparalkar21%40gmail.com for request '/api/doctors/email/pranavparalkar21%40gmail.com'.
	at org.springframework.web.servlet.resource.ResourceHttpRequestHandler.handleRequest(ResourceHttpRequestHandler.java:527)
	at org.springframework.web.servlet.mvc.HttpRequestHandlerAdapter.handle(HttpRequestHandlerAdapter.java:50)
	at org.springframework.web.servlet.DispatcherServlet.doDispatch(DispatcherServlet.java:963)
	at org.springframework.web.servlet.DispatcherServlet.doService(DispatcherServlet.java:866)
	at org.springframework.web.servlet.FrameworkServlet.processRequest(FrameworkServlet.java:1000)
	at org.springframework.web.servlet.FrameworkServlet.doGet(FrameworkServlet.java:892)
	at jakarta.servlet.http.HttpServlet.service(HttpServlet.java:622)
	at org.springframework.web.servlet.FrameworkServlet.service(FrameworkServlet.java:874)
	at jakarta.servlet.http.HttpServlet.service(HttpServlet.java:710)
	at org.apache.catalina.core.ApplicationFilterChain.doFilter(ApplicationFilterChain.java:128)
	at org.apache.tomcat.websocket.server.WsFilter.doFilter(WsFilter.java:53)
	at org.apache.catalina.core.ApplicationFilterChain.doFilter(ApplicationFilterChain.java:107)
	at org.springframework.web.filter.OncePerRequestFilter.doFilter(OncePerRequestFilter.java:110)
	at org.apache.catalina.core.ApplicationFilterChain.doFilter(ApplicationFilterChain.java:107)
	at org.springframework.web.filter.CompositeFilter$VirtualFilterChain.doFilter(CompositeFilter.java:108)
	at org.springframework.security.web.FilterChainProxy.lambda$doFilterInternal$3(FilterChainProxy.java:235)
	at org.springframework.security.web.FilterChainProxy$VirtualFilterChain.doFilter(FilterChainProxy.java:371)
	at org.springframework.security.web.access.intercept.AuthorizationFilter.doFilter(AuthorizationFilter.java:101)
	at org.springframework.security.web.FilterChainProxy$VirtualFilterChain.doFilter(FilterChainProxy.java:380)
	at org.springframework.security.web.access.ExceptionTranslationFilter.doFilter(ExceptionTranslationFilter.java:126)
	at org.springframework.security.web.access.ExceptionTranslationFilter.doFilter(ExceptionTranslationFilter.java:120)
	at org.springframework.security.web.FilterChainProxy$VirtualFilterChain.doFilter(FilterChainProxy.java:380)
	at org.springframework.security.web.session.SessionManagementFilter.doFilter(SessionManagementFilter.java:132)
	at org.springframework.security.web.session.SessionManagementFilter.doFilter(SessionManagementFilter.java:86)
	at org.springframework.security.web.FilterChainProxy$VirtualFilterChain.doFilter(FilterChainProxy.java:380)
	at org.springframework.security.web.authentication.AnonymousAuthenticationFilter.doFilter(AnonymousAuthenticationFilter.java:100)
	at org.springframework.security.web.FilterChainProxy$VirtualFilterChain.doFilter(FilterChainProxy.java:380)
	at org.springframework.security.web.servletapi.SecurityContextHolderAwareRequestFilter.doFilter(SecurityContextHolderAwareRequestFilter.java:181)
	at org.springframework.security.web.FilterChainProxy$VirtualFilterChain.doFilter(FilterChainProxy.java:380)
	at org.springframework.security.web.savedrequest.RequestCacheAwareFilter.doFilter(RequestCacheAwareFilter.java:63)
	at org.springframework.security.web.FilterChainProxy$VirtualFilterChain.doFilter(FilterChainProxy.java:380)
	at org.springframework.security.web.authentication.ui.DefaultLogoutPageGeneratingFilter.doFilterInternal(DefaultLogoutPageGeneratingFilter.java:60)
	at org.springframework.web.filter.OncePerRequestFilter.doFilter(OncePerRequestFilter.java:116)
	at org.springframework.security.web.FilterChainProxy$VirtualFilterChain.doFilter(FilterChainProxy.java:380)
	at org.springframework.security.web.authentication.ui.DefaultLoginPageGeneratingFilter.doFilter(DefaultLoginPageGeneratingFilter.java:246)
	at org.springframework.security.web.authentication.ui.DefaultLoginPageGeneratingFilter.doFilter(DefaultLoginPageGeneratingFilter.java:232)
	at org.springframework.security.web.FilterChainProxy$VirtualFilterChain.doFilter(FilterChainProxy.java:380)
	at org.springframework.security.web.authentication.ui.DefaultResourcesFilter.doFilter(DefaultResourcesFilter.java:73)
	at org.springframework.security.web.FilterChainProxy$VirtualFilterChain.doFilter(FilterChainProxy.java:380)
	at com.spring.boot.super30.backend.security.jwt.JwtAuthenticationFilter.doFilterInternal(JwtAuthenticationFilter.java:64)
	at org.springframework.web.filter.OncePerRequestFilter.doFilter(OncePerRequestFilter.java:116)
	at org.springframework.security.web.FilterChainProxy$VirtualFilterChain.doFilter(FilterChainProxy.java:380)
	at org.springframework.security.web.authentication.AbstractAuthenticationProcessingFilter.doFilter(AbstractAuthenticationProcessingFilter.java:245)
	at org.springframework.security.web.authentication.AbstractAuthenticationProcessingFilter.doFilter(AbstractAuthenticationProcessingFilter.java:239)
	at org.springframework.security.web.FilterChainProxy$VirtualFilterChain.doFilter(FilterChainProxy.java:380)
	at org.springframework.security.oauth2.client.web.OAuth2AuthorizationRequestRedirectFilter.doFilterInternal(OAuth2AuthorizationRequestRedirectFilter.java:195)
	at org.springframework.web.filter.OncePerRequestFilter.doFilter(OncePerRequestFilter.java:116)
	at org.springframework.security.web.FilterChainProxy$VirtualFilterChain.doFilter(FilterChainProxy.java:380)
	at org.springframework.security.web.authentication.logout.LogoutFilter.doFilter(LogoutFilter.java:110)
	at org.springframework.security.web.authentication.logout.LogoutFilter.doFilter(LogoutFilter.java:96)
	at org.springframework.security.web.FilterChainProxy$VirtualFilterChain.doFilter(FilterChainProxy.java:380)
	at org.springframework.web.filter.CorsFilter.doFilterInternal(CorsFilter.java:91)
	at org.springframework.web.filter.OncePerRequestFilter.doFilter(OncePerRequestFilter.java:116)
	at org.springframework.security.web.FilterChainProxy$VirtualFilterChain.doFilter(FilterChainProxy.java:380)
	at org.springframework.security.web.header.HeaderWriterFilter.doHeadersAfter(HeaderWriterFilter.java:90)
	at org.springframework.security.web.header.HeaderWriterFilter.doFilterInternal(HeaderWriterFilter.java:75)
	at org.springframework.web.filter.OncePerRequestFilter.doFilter(OncePerRequestFilter.java:116)
	at org.springframework.security.web.FilterChainProxy$VirtualFilterChain.doFilter(FilterChainProxy.java:380)
	at org.springframework.security.web.context.SecurityContextHolderFilter.doFilter(SecurityContextHolderFilter.java:82)
	at org.springframework.security.web.context.SecurityContextHolderFilter.doFilter(SecurityContextHolderFilter.java:69)
	at org.springframework.security.web.FilterChainProxy$VirtualFilterChain.doFilter(FilterChainProxy.java:380)
	at org.springframework.security.web.context.request.async.WebAsyncManagerIntegrationFilter.doFilterInternal(WebAsyncManagerIntegrationFilter.java:62)
	at org.springframework.web.filter.OncePerRequestFilter.doFilter(OncePerRequestFilter.java:116)
	at org.springframework.security.web.FilterChainProxy$VirtualFilterChain.doFilter(FilterChainProxy.java:380)
	at org.springframework.security.web.session.DisableEncodeUrlFilter.doFilterInternal(DisableEncodeUrlFilter.java:42)
	at org.springframework.web.filter.OncePerRequestFilter.doFilter(OncePerRequestFilter.java:116)
	at org.springframework.security.web.FilterChainProxy$VirtualFilterChain.doFilter(FilterChainProxy.java:380)
	at org.springframework.security.web.FilterChainProxy.doFilterInternal(FilterChainProxy.java:237)
	at org.springframework.security.web.FilterChainProxy.doFilter(FilterChainProxy.java:195)
	at org.springframework.web.filter.CompositeFilter$VirtualFilterChain.doFilter(CompositeFilter.java:113)
	at org.springframework.web.filter.ServletRequestPathFilter.doFilter(ServletRequestPathFilter.java:52)
	at org.springframework.web.filter.CompositeFilter$VirtualFilterChain.doFilter(CompositeFilter.java:113)
	at org.springframework.web.filter.CompositeFilter.doFilter(CompositeFilter.java:74)
	at org.springframework.security.config.annotation.web.configuration.WebSecurityConfiguration$CompositeFilterChainProxy.doFilter(WebSecurityConfiguration.java:317)
	at org.springframework.web.filter.DelegatingFilterProxy.invokeDelegate(DelegatingFilterProxy.java:355)
	at org.springframework.web.filter.DelegatingFilterProxy.doFilter(DelegatingFilterProxy.java:272)
	at org.apache.catalina.core.ApplicationFilterChain.doFilter(ApplicationFilterChain.java:107)
	at org.springframework.web.filter.RequestContextFilter.doFilterInternal(RequestContextFilter.java:100)
	at org.springframework.web.filter.OncePerRequestFilter.doFilter(OncePerRequestFilter.java:116)
	at org.apache.catalina.core.ApplicationFilterChain.doFilter(ApplicationFilterChain.java:107)
	at org.springframework.web.filter.FormContentFilter.doFilterInternal(FormContentFilter.java:93)
	at org.springframework.web.filter.OncePerRequestFilter.doFilter(OncePerRequestFilter.java:116)
	at org.apache.catalina.core.ApplicationFilterChain.doFilter(ApplicationFilterChain.java:107)
	at org.springframework.web.filter.CharacterEncodingFilter.doFilterInternal(CharacterEncodingFilter.java:199)
	at org.springframework.web.filter.OncePerRequestFilter.doFilter(OncePerRequestFilter.java:116)
	at org.apache.catalina.core.ApplicationFilterChain.doFilter(ApplicationFilterChain.java:107)
	at org.apache.catalina.core.StandardWrapperValve.invoke(StandardWrapperValve.java:165)
	at org.apache.catalina.core.StandardContextValve.invoke(StandardContextValve.java:77)
	at org.apache.catalina.authenticator.AuthenticatorBase.invoke(AuthenticatorBase.java:492)
	at org.apache.catalina.core.StandardHostValve.invoke(StandardHostValve.java:113)
	at org.apache.catalina.valves.ErrorReportValve.invoke(ErrorReportValve.java:83)
	at org.apache.catalina.core.StandardEngineValve.invoke(StandardEngineValve.java:72)
	at org.apache.catalina.connector.CoyoteAdapter.service(CoyoteAdapter.java:341)
	at org.apache.coyote.http11.Http11Processor.service(Http11Processor.java:397)
	at org.apache.coyote.AbstractProcessorLight.process(AbstractProcessorLight.java:63)
	at org.apache.coyote.AbstractProtocol$ConnectionHandler.process(AbstractProtocol.java:903)
	at org.apache.tomcat.util.net.NioEndpoint$SocketProcessor.doRun(NioEndpoint.java:1779)
	at org.apache.tomcat.util.net.SocketProcessorBase.run(SocketProcessorBase.java:52)
	at org.apache.tomcat.util.threads.ThreadPoolExecutor.runWorker(ThreadPoolExecutor.java:946)
	at org.apache.tomcat.util.threads.ThreadPoolExecutor$Worker.run(ThreadPoolExecutor.java:480)
	at org.apache.tomcat.util.threads.TaskThread$WrappingRunnable.run(TaskThread.java:57)
	at java.base/java.lang.Thread.run(Thread.java:1583)
2026-05-02 16:32:51,337 INFO c.s.b.s.b.s.j.JwtAuthenticationFilter [http-nio-8080-exec-8] JWT validated successfully for context user: pranavparalkar21@gmail.com
2026-05-02 16:32:51,344 ERROR c.s.b.s.b.e.GlobalExceptionHandler [http-nio-8080-exec-8] Unhandled logical exception occurred at /api/doctors/email/pranavparalkar21%40gmail.com: No static resource api/doctors/email/pranavparalkar21%40gmail.com for request '/api/doctors/email/pranavparalkar21%40gmail.com'.
org.springframework.web.servlet.resource.NoResourceFoundException: No static resource api/doctors/email/pranavparalkar21%40gmail.com for request '/api/doctors/email/pranavparalkar21%40gmail.com'.
	at org.springframework.web.servlet.resource.ResourceHttpRequestHandler.handleRequest(ResourceHttpRequestHandler.java:527)
	at org.springframework.web.servlet.mvc.HttpRequestHandlerAdapter.handle(HttpRequestHandlerAdapter.java:50)
	at org.springframework.web.servlet.DispatcherServlet.doDispatch(DispatcherServlet.java:963)
	at org.springframework.web.servlet.DispatcherServlet.doService(DispatcherServlet.java:866)
	at org.springframework.web.servlet.FrameworkServlet.processRequest(FrameworkServlet.java:1000)
	at org.springframework.web.servlet.FrameworkServlet.doGet(FrameworkServlet.java:892)
	at jakarta.servlet.http.HttpServlet.service(HttpServlet.java:622)
	at org.springframework.web.servlet.FrameworkServlet.service(FrameworkServlet.java:874)
	at jakarta.servlet.http.HttpServlet.service(HttpServlet.java:710)
	at org.apache.catalina.core.ApplicationFilterChain.doFilter(ApplicationFilterChain.java:128)
	at org.apache.tomcat.websocket.server.WsFilter.doFilter(WsFilter.java:53)
	at org.apache.catalina.core.ApplicationFilterChain.doFilter(ApplicationFilterChain.java:107)
	at org.springframework.web.filter.OncePerRequestFilter.doFilter(OncePerRequestFilter.java:110)
	at org.apache.catalina.core.ApplicationFilterChain.doFilter(ApplicationFilterChain.java:107)
	at org.springframework.web.filter.CompositeFilter$VirtualFilterChain.doFilter(CompositeFilter.java:108)
	at org.springframework.security.web.FilterChainProxy.lambda$doFilterInternal$3(FilterChainProxy.java:235)
	at org.springframework.security.web.FilterChainProxy$VirtualFilterChain.doFilter(FilterChainProxy.java:371)
	at org.springframework.security.web.access.intercept.AuthorizationFilter.doFilter(AuthorizationFilter.java:101)
	at org.springframework.security.web.FilterChainProxy$VirtualFilterChain.doFilter(FilterChainProxy.java:380)
	at org.springframework.security.web.access.ExceptionTranslationFilter.doFilter(ExceptionTranslationFilter.java:126)
	at org.springframework.security.web.access.ExceptionTranslationFilter.doFilter(ExceptionTranslationFilter.java:120)
	at org.springframework.security.web.FilterChainProxy$VirtualFilterChain.doFilter(FilterChainProxy.java:380)
	at org.springframework.security.web.session.SessionManagementFilter.doFilter(SessionManagementFilter.java:132)
	at org.springframework.security.web.session.SessionManagementFilter.doFilter(SessionManagementFilter.java:86)
	at org.springframework.security.web.FilterChainProxy$VirtualFilterChain.doFilter(FilterChainProxy.java:380)
	at org.springframework.security.web.authentication.AnonymousAuthenticationFilter.doFilter(AnonymousAuthenticationFilter.java:100)
	at org.springframework.security.web.FilterChainProxy$VirtualFilterChain.doFilter(FilterChainProxy.java:380)
	at org.springframework.security.web.servletapi.SecurityContextHolderAwareRequestFilter.doFilter(SecurityContextHolderAwareRequestFilter.java:181)
	at org.springframework.security.web.FilterChainProxy$VirtualFilterChain.doFilter(FilterChainProxy.java:380)
	at org.springframework.security.web.savedrequest.RequestCacheAwareFilter.doFilter(RequestCacheAwareFilter.java:63)
	at org.springframework.security.web.FilterChainProxy$VirtualFilterChain.doFilter(FilterChainProxy.java:380)
	at org.springframework.security.web.authentication.ui.DefaultLogoutPageGeneratingFilter.doFilterInternal(DefaultLogoutPageGeneratingFilter.java:60)
	at org.springframework.web.filter.OncePerRequestFilter.doFilter(OncePerRequestFilter.java:116)
	at org.springframework.security.web.FilterChainProxy$VirtualFilterChain.doFilter(FilterChainProxy.java:380)
	at org.springframework.security.web.authentication.ui.DefaultLoginPageGeneratingFilter.doFilter(DefaultLoginPageGeneratingFilter.java:246)
	at org.springframework.security.web.authentication.ui.DefaultLoginPageGeneratingFilter.doFilter(DefaultLoginPageGeneratingFilter.java:232)
	at org.springframework.security.web.FilterChainProxy$VirtualFilterChain.doFilter(FilterChainProxy.java:380)
	at org.springframework.security.web.authentication.ui.DefaultResourcesFilter.doFilter(DefaultResourcesFilter.java:73)
	at org.springframework.security.web.FilterChainProxy$VirtualFilterChain.doFilter(FilterChainProxy.java:380)
	at com.spring.boot.super30.backend.security.jwt.JwtAuthenticationFilter.doFilterInternal(JwtAuthenticationFilter.java:64)
	at org.springframework.web.filter.OncePerRequestFilter.doFilter(OncePerRequestFilter.java:116)
	at org.springframework.security.web.FilterChainProxy$VirtualFilterChain.doFilter(FilterChainProxy.java:380)
	at org.springframework.security.web.authentication.AbstractAuthenticationProcessingFilter.doFilter(AbstractAuthenticationProcessingFilter.java:245)
	at org.springframework.security.web.authentication.AbstractAuthenticationProcessingFilter.doFilter(AbstractAuthenticationProcessingFilter.java:239)
	at org.springframework.security.web.FilterChainProxy$VirtualFilterChain.doFilter(FilterChainProxy.java:380)
	at org.springframework.security.oauth2.client.web.OAuth2AuthorizationRequestRedirectFilter.doFilterInternal(OAuth2AuthorizationRequestRedirectFilter.java:195)
	at org.springframework.web.filter.OncePerRequestFilter.doFilter(OncePerRequestFilter.java:116)
	at org.springframework.security.web.FilterChainProxy$VirtualFilterChain.doFilter(FilterChainProxy.java:380)
	at org.springframework.security.web.authentication.logout.LogoutFilter.doFilter(LogoutFilter.java:110)
	at org.springframework.security.web.authentication.logout.LogoutFilter.doFilter(LogoutFilter.java:96)
	at org.springframework.security.web.FilterChainProxy$VirtualFilterChain.doFilter(FilterChainProxy.java:380)
	at org.springframework.web.filter.CorsFilter.doFilterInternal(CorsFilter.java:91)
	at org.springframework.web.filter.OncePerRequestFilter.doFilter(OncePerRequestFilter.java:116)
	at org.springframework.security.web.FilterChainProxy$VirtualFilterChain.doFilter(FilterChainProxy.java:380)
	at org.springframework.security.web.header.HeaderWriterFilter.doHeadersAfter(HeaderWriterFilter.java:90)
	at org.springframework.security.web.header.HeaderWriterFilter.doFilterInternal(HeaderWriterFilter.java:75)
	at org.springframework.web.filter.OncePerRequestFilter.doFilter(OncePerRequestFilter.java:116)
	at org.springframework.security.web.FilterChainProxy$VirtualFilterChain.doFilter(FilterChainProxy.java:380)
	at org.springframework.security.web.context.SecurityContextHolderFilter.doFilter(SecurityContextHolderFilter.java:82)
	at org.springframework.security.web.context.SecurityContextHolderFilter.doFilter(SecurityContextHolderFilter.java:69)
	at org.springframework.security.web.FilterChainProxy$VirtualFilterChain.doFilter(FilterChainProxy.java:380)
	at org.springframework.security.web.context.request.async.WebAsyncManagerIntegrationFilter.doFilterInternal(WebAsyncManagerIntegrationFilter.java:62)
	at org.springframework.web.filter.OncePerRequestFilter.doFilter(OncePerRequestFilter.java:116)
	at org.springframework.security.web.FilterChainProxy$VirtualFilterChain.doFilter(FilterChainProxy.java:380)
	at org.springframework.security.web.session.DisableEncodeUrlFilter.doFilterInternal(DisableEncodeUrlFilter.java:42)
	at org.springframework.web.filter.OncePerRequestFilter.doFilter(OncePerRequestFilter.java:116)
	at org.springframework.security.web.FilterChainProxy$VirtualFilterChain.doFilter(FilterChainProxy.java:380)
	at org.springframework.security.web.FilterChainProxy.doFilterInternal(FilterChainProxy.java:237)
	at org.springframework.security.web.FilterChainProxy.doFilter(FilterChainProxy.java:195)
	at org.springframework.web.filter.CompositeFilter$VirtualFilterChain.doFilter(CompositeFilter.java:113)
	at org.springframework.web.filter.ServletRequestPathFilter.doFilter(ServletRequestPathFilter.java:52)
	at org.springframework.web.filter.CompositeFilter$VirtualFilterChain.doFilter(CompositeFilter.java:113)
	at org.springframework.web.filter.CompositeFilter.doFilter(CompositeFilter.java:74)
	at org.springframework.security.config.annotation.web.configuration.WebSecurityConfiguration$CompositeFilterChainProxy.doFilter(WebSecurityConfiguration.java:317)
	at org.springframework.web.filter.DelegatingFilterProxy.invokeDelegate(DelegatingFilterProxy.java:355)
	at org.springframework.web.filter.DelegatingFilterProxy.doFilter(DelegatingFilterProxy.java:272)
	at org.apache.catalina.core.ApplicationFilterChain.doFilter(ApplicationFilterChain.java:107)
	at org.springframework.web.filter.RequestContextFilter.doFilterInternal(RequestContextFilter.java:100)
	at org.springframework.web.filter.OncePerRequestFilter.doFilter(OncePerRequestFilter.java:116)
	at org.apache.catalina.core.ApplicationFilterChain.doFilter(ApplicationFilterChain.java:107)
	at org.springframework.web.filter.FormContentFilter.doFilterInternal(FormContentFilter.java:93)
	at org.springframework.web.filter.OncePerRequestFilter.doFilter(OncePerRequestFilter.java:116)
	at org.apache.catalina.core.ApplicationFilterChain.doFilter(ApplicationFilterChain.java:107)
	at org.springframework.web.filter.CharacterEncodingFilter.doFilterInternal(CharacterEncodingFilter.java:199)
	at org.springframework.web.filter.OncePerRequestFilter.doFilter(OncePerRequestFilter.java:116)
	at org.apache.catalina.core.ApplicationFilterChain.doFilter(ApplicationFilterChain.java:107)
	at org.apache.catalina.core.StandardWrapperValve.invoke(StandardWrapperValve.java:165)
	at org.apache.catalina.core.StandardContextValve.invoke(StandardContextValve.java:77)
	at org.apache.catalina.authenticator.AuthenticatorBase.invoke(AuthenticatorBase.java:492)
	at org.apache.catalina.core.StandardHostValve.invoke(StandardHostValve.java:113)
	at org.apache.catalina.valves.ErrorReportValve.invoke(ErrorReportValve.java:83)
	at org.apache.catalina.core.StandardEngineValve.invoke(StandardEngineValve.java:72)
	at org.apache.catalina.connector.CoyoteAdapter.service(CoyoteAdapter.java:341)
	at org.apache.coyote.http11.Http11Processor.service(Http11Processor.java:397)
	at org.apache.coyote.AbstractProcessorLight.process(AbstractProcessorLight.java:63)
	at org.apache.coyote.AbstractProtocol$ConnectionHandler.process(AbstractProtocol.java:903)
	at org.apache.tomcat.util.net.NioEndpoint$SocketProcessor.doRun(NioEndpoint.java:1779)
	at org.apache.tomcat.util.net.SocketProcessorBase.run(SocketProcessorBase.java:52)
	at org.apache.tomcat.util.threads.ThreadPoolExecutor.runWorker(ThreadPoolExecutor.java:946)
	at org.apache.tomcat.util.threads.ThreadPoolExecutor$Worker.run(ThreadPoolExecutor.java:480)
	at org.apache.tomcat.util.threads.TaskThread$WrappingRunnable.run(TaskThread.java:57)
	at java.base/java.lang.Thread.run(Thread.java:1583)
2026-05-02 16:32:51,369 INFO c.s.b.s.b.s.j.JwtAuthenticationFilter [http-nio-8080-exec-1] JWT validated successfully for context user: pranavparalkar21@gmail.com
2026-05-02 16:32:51,376 ERROR c.s.b.s.b.e.GlobalExceptionHandler [http-nio-8080-exec-1] Unhandled logical exception occurred at /api/doctors/email/pranavparalkar21%40gmail.com: No static resource api/doctors/email/pranavparalkar21%40gmail.com for request '/api/doctors/email/pranavparalkar21%40gmail.com'.
org.springframework.web.servlet.resource.NoResourceFoundException: No static resource api/doctors/email/pranavparalkar21%40gmail.com for request '/api/doctors/email/pranavparalkar21%40gmail.com'.
	at org.springframework.web.servlet.resource.ResourceHttpRequestHandler.handleRequest(ResourceHttpRequestHandler.java:527)
	at org.springframework.web.servlet.mvc.HttpRequestHandlerAdapter.handle(HttpRequestHandlerAdapter.java:50)
	at org.springframework.web.servlet.DispatcherServlet.doDispatch(DispatcherServlet.java:963)
	at org.springframework.web.servlet.DispatcherServlet.doService(DispatcherServlet.java:866)
	at org.springframework.web.servlet.FrameworkServlet.processRequest(FrameworkServlet.java:1000)
	at org.springframework.web.servlet.FrameworkServlet.doGet(FrameworkServlet.java:892)
	at jakarta.servlet.http.HttpServlet.service(HttpServlet.java:622)
	at org.springframework.web.servlet.FrameworkServlet.service(FrameworkServlet.java:874)
	at jakarta.servlet.http.HttpServlet.service(HttpServlet.java:710)
	at org.apache.catalina.core.ApplicationFilterChain.doFilter(ApplicationFilterChain.java:128)
	at org.apache.tomcat.websocket.server.WsFilter.doFilter(WsFilter.java:53)
	at org.apache.catalina.core.ApplicationFilterChain.doFilter(ApplicationFilterChain.java:107)
	at org.springframework.web.filter.OncePerRequestFilter.doFilter(OncePerRequestFilter.java:110)
	at org.apache.catalina.core.ApplicationFilterChain.doFilter(ApplicationFilterChain.java:107)
	at org.springframework.web.filter.CompositeFilter$VirtualFilterChain.doFilter(CompositeFilter.java:108)
	at org.springframework.security.web.FilterChainProxy.lambda$doFilterInternal$3(FilterChainProxy.java:235)
	at org.springframework.security.web.FilterChainProxy$VirtualFilterChain.doFilter(FilterChainProxy.java:371)
	at org.springframework.security.web.access.intercept.AuthorizationFilter.doFilter(AuthorizationFilter.java:101)
	at org.springframework.security.web.FilterChainProxy$VirtualFilterChain.doFilter(FilterChainProxy.java:380)
	at org.springframework.security.web.access.ExceptionTranslationFilter.doFilter(ExceptionTranslationFilter.java:126)
	at org.springframework.security.web.access.ExceptionTranslationFilter.doFilter(ExceptionTranslationFilter.java:120)
	at org.springframework.security.web.FilterChainProxy$VirtualFilterChain.doFilter(FilterChainProxy.java:380)
	at org.springframework.security.web.session.SessionManagementFilter.doFilter(SessionManagementFilter.java:132)
	at org.springframework.security.web.session.SessionManagementFilter.doFilter(SessionManagementFilter.java:86)
	at org.springframework.security.web.FilterChainProxy$VirtualFilterChain.doFilter(FilterChainProxy.java:380)
	at org.springframework.security.web.authentication.AnonymousAuthenticationFilter.doFilter(AnonymousAuthenticationFilter.java:100)
	at org.springframework.security.web.FilterChainProxy$VirtualFilterChain.doFilter(FilterChainProxy.java:380)
	at org.springframework.security.web.servletapi.SecurityContextHolderAwareRequestFilter.doFilter(SecurityContextHolderAwareRequestFilter.java:181)
	at org.springframework.security.web.FilterChainProxy$VirtualFilterChain.doFilter(FilterChainProxy.java:380)
	at org.springframework.security.web.savedrequest.RequestCacheAwareFilter.doFilter(RequestCacheAwareFilter.java:63)
	at org.springframework.security.web.FilterChainProxy$VirtualFilterChain.doFilter(FilterChainProxy.java:380)
	at org.springframework.security.web.authentication.ui.DefaultLogoutPageGeneratingFilter.doFilterInternal(DefaultLogoutPageGeneratingFilter.java:60)
	at org.springframework.web.filter.OncePerRequestFilter.doFilter(OncePerRequestFilter.java:116)
	at org.springframework.security.web.FilterChainProxy$VirtualFilterChain.doFilter(FilterChainProxy.java:380)
	at org.springframework.security.web.authentication.ui.DefaultLoginPageGeneratingFilter.doFilter(DefaultLoginPageGeneratingFilter.java:246)
	at org.springframework.security.web.authentication.ui.DefaultLoginPageGeneratingFilter.doFilter(DefaultLoginPageGeneratingFilter.java:232)
	at org.springframework.security.web.FilterChainProxy$VirtualFilterChain.doFilter(FilterChainProxy.java:380)
	at org.springframework.security.web.authentication.ui.DefaultResourcesFilter.doFilter(DefaultResourcesFilter.java:73)
	at org.springframework.security.web.FilterChainProxy$VirtualFilterChain.doFilter(FilterChainProxy.java:380)
	at com.spring.boot.super30.backend.security.jwt.JwtAuthenticationFilter.doFilterInternal(JwtAuthenticationFilter.java:64)
	at org.springframework.web.filter.OncePerRequestFilter.doFilter(OncePerRequestFilter.java:116)
	at org.springframework.security.web.FilterChainProxy$VirtualFilterChain.doFilter(FilterChainProxy.java:380)
	at org.springframework.security.web.authentication.AbstractAuthenticationProcessingFilter.doFilter(AbstractAuthenticationProcessingFilter.java:245)
	at org.springframework.security.web.authentication.AbstractAuthenticationProcessingFilter.doFilter(AbstractAuthenticationProcessingFilter.java:239)
	at org.springframework.security.web.FilterChainProxy$VirtualFilterChain.doFilter(FilterChainProxy.java:380)
	at org.springframework.security.oauth2.client.web.OAuth2AuthorizationRequestRedirectFilter.doFilterInternal(OAuth2AuthorizationRequestRedirectFilter.java:195)
	at org.springframework.web.filter.OncePerRequestFilter.doFilter(OncePerRequestFilter.java:116)
	at org.springframework.security.web.FilterChainProxy$VirtualFilterChain.doFilter(FilterChainProxy.java:380)
	at org.springframework.security.web.authentication.logout.LogoutFilter.doFilter(LogoutFilter.java:110)
	at org.springframework.security.web.authentication.logout.LogoutFilter.doFilter(LogoutFilter.java:96)
	at org.springframework.security.web.FilterChainProxy$VirtualFilterChain.doFilter(FilterChainProxy.java:380)
	at org.springframework.web.filter.CorsFilter.doFilterInternal(CorsFilter.java:91)
	at org.springframework.web.filter.OncePerRequestFilter.doFilter(OncePerRequestFilter.java:116)
	at org.springframework.security.web.FilterChainProxy$VirtualFilterChain.doFilter(FilterChainProxy.java:380)
	at org.springframework.security.web.header.HeaderWriterFilter.doHeadersAfter(HeaderWriterFilter.java:90)
	at org.springframework.security.web.header.HeaderWriterFilter.doFilterInternal(HeaderWriterFilter.java:75)
	at org.springframework.web.filter.OncePerRequestFilter.doFilter(OncePerRequestFilter.java:116)
	at org.springframework.security.web.FilterChainProxy$VirtualFilterChain.doFilter(FilterChainProxy.java:380)
	at org.springframework.security.web.context.SecurityContextHolderFilter.doFilter(SecurityContextHolderFilter.java:82)
	at org.springframework.security.web.context.SecurityContextHolderFilter.doFilter(SecurityContextHolderFilter.java:69)
	at org.springframework.security.web.FilterChainProxy$VirtualFilterChain.doFilter(FilterChainProxy.java:380)
	at org.springframework.security.web.context.request.async.WebAsyncManagerIntegrationFilter.doFilterInternal(WebAsyncManagerIntegrationFilter.java:62)
	at org.springframework.web.filter.OncePerRequestFilter.doFilter(OncePerRequestFilter.java:116)
	at org.springframework.security.web.FilterChainProxy$VirtualFilterChain.doFilter(FilterChainProxy.java:380)
	at org.springframework.security.web.session.DisableEncodeUrlFilter.doFilterInternal(DisableEncodeUrlFilter.java:42)
	at org.springframework.web.filter.OncePerRequestFilter.doFilter(OncePerRequestFilter.java:116)
	at org.springframework.security.web.FilterChainProxy$VirtualFilterChain.doFilter(FilterChainProxy.java:380)
	at org.springframework.security.web.FilterChainProxy.doFilterInternal(FilterChainProxy.java:237)
	at org.springframework.security.web.FilterChainProxy.doFilter(FilterChainProxy.java:195)
	at org.springframework.web.filter.CompositeFilter$VirtualFilterChain.doFilter(CompositeFilter.java:113)
	at org.springframework.web.filter.ServletRequestPathFilter.doFilter(ServletRequestPathFilter.java:52)
	at org.springframework.web.filter.CompositeFilter$VirtualFilterChain.doFilter(CompositeFilter.java:113)
	at org.springframework.web.filter.CompositeFilter.doFilter(CompositeFilter.java:74)
	at org.springframework.security.config.annotation.web.configuration.WebSecurityConfiguration$CompositeFilterChainProxy.doFilter(WebSecurityConfiguration.java:317)
	at org.springframework.web.filter.DelegatingFilterProxy.invokeDelegate(DelegatingFilterProxy.java:355)
	at org.springframework.web.filter.DelegatingFilterProxy.doFilter(DelegatingFilterProxy.java:272)
	at org.apache.catalina.core.ApplicationFilterChain.doFilter(ApplicationFilterChain.java:107)
	at org.springframework.web.filter.RequestContextFilter.doFilterInternal(RequestContextFilter.java:100)
	at org.springframework.web.filter.OncePerRequestFilter.doFilter(OncePerRequestFilter.java:116)
	at org.apache.catalina.core.ApplicationFilterChain.doFilter(ApplicationFilterChain.java:107)
	at org.springframework.web.filter.FormContentFilter.doFilterInternal(FormContentFilter.java:93)
	at org.springframework.web.filter.OncePerRequestFilter.doFilter(OncePerRequestFilter.java:116)
	at org.apache.catalina.core.ApplicationFilterChain.doFilter(ApplicationFilterChain.java:107)
	at org.springframework.web.filter.CharacterEncodingFilter.doFilterInternal(CharacterEncodingFilter.java:199)
	at org.springframework.web.filter.OncePerRequestFilter.doFilter(OncePerRequestFilter.java:116)
	at org.apache.catalina.core.ApplicationFilterChain.doFilter(ApplicationFilterChain.java:107)
	at org.apache.catalina.core.StandardWrapperValve.invoke(StandardWrapperValve.java:165)
	at org.apache.catalina.core.StandardContextValve.invoke(StandardContextValve.java:77)
	at org.apache.catalina.authenticator.AuthenticatorBase.invoke(AuthenticatorBase.java:492)
	at org.apache.catalina.core.StandardHostValve.invoke(StandardHostValve.java:113)
	at org.apache.catalina.valves.ErrorReportValve.invoke(ErrorReportValve.java:83)
	at org.apache.catalina.core.StandardEngineValve.invoke(StandardEngineValve.java:72)
	at org.apache.catalina.connector.CoyoteAdapter.service(CoyoteAdapter.java:341)
	at org.apache.coyote.http11.Http11Processor.service(Http11Processor.java:397)
	at org.apache.coyote.AbstractProcessorLight.process(AbstractProcessorLight.java:63)
	at org.apache.coyote.AbstractProtocol$ConnectionHandler.process(AbstractProtocol.java:903)
	at org.apache.tomcat.util.net.NioEndpoint$SocketProcessor.doRun(NioEndpoint.java:1779)
	at org.apache.tomcat.util.net.SocketProcessorBase.run(SocketProcessorBase.java:52)
	at org.apache.tomcat.util.threads.ThreadPoolExecutor.runWorker(ThreadPoolExecutor.java:946)
	at org.apache.tomcat.util.threads.ThreadPoolExecutor$Worker.run(ThreadPoolExecutor.java:480)
	at org.apache.tomcat.util.threads.TaskThread$WrappingRunnable.run(TaskThread.java:57)
	at java.base/java.lang.Thread.run(Thread.java:1583)
2026-05-02 16:32:52,944 INFO c.s.b.s.b.s.j.JwtAuthenticationFilter [http-nio-8080-exec-4] JWT validated successfully for context user: pranavparalkar21@gmail.com
2026-05-02 16:32:52,950 ERROR c.s.b.s.b.e.GlobalExceptionHandler [http-nio-8080-exec-4] Unhandled logical exception occurred at /api/doctors/email/pranavparalkar21%40gmail.com: No static resource api/doctors/email/pranavparalkar21%40gmail.com for request '/api/doctors/email/pranavparalkar21%40gmail.com'.
org.springframework.web.servlet.resource.NoResourceFoundException: No static resource api/doctors/email/pranavparalkar21%40gmail.com for request '/api/doctors/email/pranavparalkar21%40gmail.com'.
	at org.springframework.web.servlet.resource.ResourceHttpRequestHandler.handleRequest(ResourceHttpRequestHandler.java:527)
	at org.springframework.web.servlet.mvc.HttpRequestHandlerAdapter.handle(HttpRequestHandlerAdapter.java:50)
	at org.springframework.web.servlet.DispatcherServlet.doDispatch(DispatcherServlet.java:963)
	at org.springframework.web.servlet.DispatcherServlet.doService(DispatcherServlet.java:866)
	at org.springframework.web.servlet.FrameworkServlet.processRequest(FrameworkServlet.java:1000)
	at org.springframework.web.servlet.FrameworkServlet.doGet(FrameworkServlet.java:892)
	at jakarta.servlet.http.HttpServlet.service(HttpServlet.java:622)
	at org.springframework.web.servlet.FrameworkServlet.service(FrameworkServlet.java:874)
	at jakarta.servlet.http.HttpServlet.service(HttpServlet.java:710)
	at org.apache.catalina.core.ApplicationFilterChain.doFilter(ApplicationFilterChain.java:128)
	at org.apache.tomcat.websocket.server.WsFilter.doFilter(WsFilter.java:53)
	at org.apache.catalina.core.ApplicationFilterChain.doFilter(ApplicationFilterChain.java:107)
	at org.springframework.web.filter.OncePerRequestFilter.doFilter(OncePerRequestFilter.java:110)
	at org.apache.catalina.core.ApplicationFilterChain.doFilter(ApplicationFilterChain.java:107)
	at org.springframework.web.filter.CompositeFilter$VirtualFilterChain.doFilter(CompositeFilter.java:108)
	at org.springframework.security.web.FilterChainProxy.lambda$doFilterInternal$3(FilterChainProxy.java:235)
	at org.springframework.security.web.FilterChainProxy$VirtualFilterChain.doFilter(FilterChainProxy.java:371)
	at org.springframework.security.web.access.intercept.AuthorizationFilter.doFilter(AuthorizationFilter.java:101)
	at org.springframework.security.web.FilterChainProxy$VirtualFilterChain.doFilter(FilterChainProxy.java:380)
	at org.springframework.security.web.access.ExceptionTranslationFilter.doFilter(ExceptionTranslationFilter.java:126)
	at org.springframework.security.web.access.ExceptionTranslationFilter.doFilter(ExceptionTranslationFilter.java:120)
	at org.springframework.security.web.FilterChainProxy$VirtualFilterChain.doFilter(FilterChainProxy.java:380)
	at org.springframework.security.web.session.SessionManagementFilter.doFilter(SessionManagementFilter.java:132)
	at org.springframework.security.web.session.SessionManagementFilter.doFilter(SessionManagementFilter.java:86)
	at org.springframework.security.web.FilterChainProxy$VirtualFilterChain.doFilter(FilterChainProxy.java:380)
	at org.springframework.security.web.authentication.AnonymousAuthenticationFilter.doFilter(AnonymousAuthenticationFilter.java:100)
	at org.springframework.security.web.FilterChainProxy$VirtualFilterChain.doFilter(FilterChainProxy.java:380)
	at org.springframework.security.web.servletapi.SecurityContextHolderAwareRequestFilter.doFilter(SecurityContextHolderAwareRequestFilter.java:181)
	at org.springframework.security.web.FilterChainProxy$VirtualFilterChain.doFilter(FilterChainProxy.java:380)
	at org.springframework.security.web.savedrequest.RequestCacheAwareFilter.doFilter(RequestCacheAwareFilter.java:63)
	at org.springframework.security.web.FilterChainProxy$VirtualFilterChain.doFilter(FilterChainProxy.java:380)
	at org.springframework.security.web.authentication.ui.DefaultLogoutPageGeneratingFilter.doFilterInternal(DefaultLogoutPageGeneratingFilter.java:60)
	at org.springframework.web.filter.OncePerRequestFilter.doFilter(OncePerRequestFilter.java:116)
	at org.springframework.security.web.FilterChainProxy$VirtualFilterChain.doFilter(FilterChainProxy.java:380)
	at org.springframework.security.web.authentication.ui.DefaultLoginPageGeneratingFilter.doFilter(DefaultLoginPageGeneratingFilter.java:246)
	at org.springframework.security.web.authentication.ui.DefaultLoginPageGeneratingFilter.doFilter(DefaultLoginPageGeneratingFilter.java:232)
	at org.springframework.security.web.FilterChainProxy$VirtualFilterChain.doFilter(FilterChainProxy.java:380)
	at org.springframework.security.web.authentication.ui.DefaultResourcesFilter.doFilter(DefaultResourcesFilter.java:73)
	at org.springframework.security.web.FilterChainProxy$VirtualFilterChain.doFilter(FilterChainProxy.java:380)
	at com.spring.boot.super30.backend.security.jwt.JwtAuthenticationFilter.doFilterInternal(JwtAuthenticationFilter.java:64)
	at org.springframework.web.filter.OncePerRequestFilter.doFilter(OncePerRequestFilter.java:116)
	at org.springframework.security.web.FilterChainProxy$VirtualFilterChain.doFilter(FilterChainProxy.java:380)
	at org.springframework.security.web.authentication.AbstractAuthenticationProcessingFilter.doFilter(AbstractAuthenticationProcessingFilter.java:245)
	at org.springframework.security.web.authentication.AbstractAuthenticationProcessingFilter.doFilter(AbstractAuthenticationProcessingFilter.java:239)
	at org.springframework.security.web.FilterChainProxy$VirtualFilterChain.doFilter(FilterChainProxy.java:380)
	at org.springframework.security.oauth2.client.web.OAuth2AuthorizationRequestRedirectFilter.doFilterInternal(OAuth2AuthorizationRequestRedirectFilter.java:195)
	at org.springframework.web.filter.OncePerRequestFilter.doFilter(OncePerRequestFilter.java:116)
	at org.springframework.security.web.FilterChainProxy$VirtualFilterChain.doFilter(FilterChainProxy.java:380)
	at org.springframework.security.web.authentication.logout.LogoutFilter.doFilter(LogoutFilter.java:110)
	at org.springframework.security.web.authentication.logout.LogoutFilter.doFilter(LogoutFilter.java:96)
	at org.springframework.security.web.FilterChainProxy$VirtualFilterChain.doFilter(FilterChainProxy.java:380)
	at org.springframework.web.filter.CorsFilter.doFilterInternal(CorsFilter.java:91)
	at org.springframework.web.filter.OncePerRequestFilter.doFilter(OncePerRequestFilter.java:116)
	at org.springframework.security.web.FilterChainProxy$VirtualFilterChain.doFilter(FilterChainProxy.java:380)
	at org.springframework.security.web.header.HeaderWriterFilter.doHeadersAfter(HeaderWriterFilter.java:90)
	at org.springframework.security.web.header.HeaderWriterFilter.doFilterInternal(HeaderWriterFilter.java:75)
	at org.springframework.web.filter.OncePerRequestFilter.doFilter(OncePerRequestFilter.java:116)
	at org.springframework.security.web.FilterChainProxy$VirtualFilterChain.doFilter(FilterChainProxy.java:380)
	at org.springframework.security.web.context.SecurityContextHolderFilter.doFilter(SecurityContextHolderFilter.java:82)
	at org.springframework.security.web.context.SecurityContextHolderFilter.doFilter(SecurityContextHolderFilter.java:69)
	at org.springframework.security.web.FilterChainProxy$VirtualFilterChain.doFilter(FilterChainProxy.java:380)
	at org.springframework.security.web.context.request.async.WebAsyncManagerIntegrationFilter.doFilterInternal(WebAsyncManagerIntegrationFilter.java:62)
	at org.springframework.web.filter.OncePerRequestFilter.doFilter(OncePerRequestFilter.java:116)
	at org.springframework.security.web.FilterChainProxy$VirtualFilterChain.doFilter(FilterChainProxy.java:380)
	at org.springframework.security.web.session.DisableEncodeUrlFilter.doFilterInternal(DisableEncodeUrlFilter.java:42)
	at org.springframework.web.filter.OncePerRequestFilter.doFilter(OncePerRequestFilter.java:116)
	at org.springframework.security.web.FilterChainProxy$VirtualFilterChain.doFilter(FilterChainProxy.java:380)
	at org.springframework.security.web.FilterChainProxy.doFilterInternal(FilterChainProxy.java:237)
	at org.springframework.security.web.FilterChainProxy.doFilter(FilterChainProxy.java:195)
	at org.springframework.web.filter.CompositeFilter$VirtualFilterChain.doFilter(CompositeFilter.java:113)
	at org.springframework.web.filter.ServletRequestPathFilter.doFilter(ServletRequestPathFilter.java:52)
	at org.springframework.web.filter.CompositeFilter$VirtualFilterChain.doFilter(CompositeFilter.java:113)
	at org.springframework.web.filter.CompositeFilter.doFilter(CompositeFilter.java:74)
	at org.springframework.security.config.annotation.web.configuration.WebSecurityConfiguration$CompositeFilterChainProxy.doFilter(WebSecurityConfiguration.java:317)
	at org.springframework.web.filter.DelegatingFilterProxy.invokeDelegate(DelegatingFilterProxy.java:355)
	at org.springframework.web.filter.DelegatingFilterProxy.doFilter(DelegatingFilterProxy.java:272)
	at org.apache.catalina.core.ApplicationFilterChain.doFilter(ApplicationFilterChain.java:107)
	at org.springframework.web.filter.RequestContextFilter.doFilterInternal(RequestContextFilter.java:100)
	at org.springframework.web.filter.OncePerRequestFilter.doFilter(OncePerRequestFilter.java:116)
	at org.apache.catalina.core.ApplicationFilterChain.doFilter(ApplicationFilterChain.java:107)
	at org.springframework.web.filter.FormContentFilter.doFilterInternal(FormContentFilter.java:93)
	at org.springframework.web.filter.OncePerRequestFilter.doFilter(OncePerRequestFilter.java:116)
	at org.apache.catalina.core.ApplicationFilterChain.doFilter(ApplicationFilterChain.java:107)
	at org.springframework.web.filter.CharacterEncodingFilter.doFilterInternal(CharacterEncodingFilter.java:199)
	at org.springframework.web.filter.OncePerRequestFilter.doFilter(OncePerRequestFilter.java:116)
	at org.apache.catalina.core.ApplicationFilterChain.doFilter(ApplicationFilterChain.java:107)
	at org.apache.catalina.core.StandardWrapperValve.invoke(StandardWrapperValve.java:165)
	at org.apache.catalina.core.StandardContextValve.invoke(StandardContextValve.java:77)
	at org.apache.catalina.authenticator.AuthenticatorBase.invoke(AuthenticatorBase.java:492)
	at org.apache.catalina.core.StandardHostValve.invoke(StandardHostValve.java:113)
	at org.apache.catalina.valves.ErrorReportValve.invoke(ErrorReportValve.java:83)
	at org.apache.catalina.core.StandardEngineValve.invoke(StandardEngineValve.java:72)
	at org.apache.catalina.connector.CoyoteAdapter.service(CoyoteAdapter.java:341)
	at org.apache.coyote.http11.Http11Processor.service(Http11Processor.java:397)
	at org.apache.coyote.AbstractProcessorLight.process(AbstractProcessorLight.java:63)
	at org.apache.coyote.AbstractProtocol$ConnectionHandler.process(AbstractProtocol.java:903)
	at org.apache.tomcat.util.net.NioEndpoint$SocketProcessor.doRun(NioEndpoint.java:1779)
	at org.apache.tomcat.util.net.SocketProcessorBase.run(SocketProcessorBase.java:52)
	at org.apache.tomcat.util.threads.ThreadPoolExecutor.runWorker(ThreadPoolExecutor.java:946)
	at org.apache.tomcat.util.threads.ThreadPoolExecutor$Worker.run(ThreadPoolExecutor.java:480)
	at org.apache.tomcat.util.threads.TaskThread$WrappingRunnable.run(TaskThread.java:57)
	at java.base/java.lang.Thread.run(Thread.java:1583)
2026-05-02 16:32:52,973 INFO c.s.b.s.b.s.j.JwtAuthenticationFilter [http-nio-8080-exec-5] JWT validated successfully for context user: pranavparalkar21@gmail.com
2026-05-02 16:32:52,977 ERROR c.s.b.s.b.e.GlobalExceptionHandler [http-nio-8080-exec-5] Unhandled logical exception occurred at /api/doctors/email/pranavparalkar21%40gmail.com: No static resource api/doctors/email/pranavparalkar21%40gmail.com for request '/api/doctors/email/pranavparalkar21%40gmail.com'.
org.springframework.web.servlet.resource.NoResourceFoundException: No static resource api/doctors/email/pranavparalkar21%40gmail.com for request '/api/doctors/email/pranavparalkar21%40gmail.com'.
	at org.springframework.web.servlet.resource.ResourceHttpRequestHandler.handleRequest(ResourceHttpRequestHandler.java:527)
	at org.springframework.web.servlet.mvc.HttpRequestHandlerAdapter.handle(HttpRequestHandlerAdapter.java:50)
	at org.springframework.web.servlet.DispatcherServlet.doDispatch(DispatcherServlet.java:963)
	at org.springframework.web.servlet.DispatcherServlet.doService(DispatcherServlet.java:866)
	at org.springframework.web.servlet.FrameworkServlet.processRequest(FrameworkServlet.java:1000)
	at org.springframework.web.servlet.FrameworkServlet.doGet(FrameworkServlet.java:892)
	at jakarta.servlet.http.HttpServlet.service(HttpServlet.java:622)
	at org.springframework.web.servlet.FrameworkServlet.service(FrameworkServlet.java:874)
	at jakarta.servlet.http.HttpServlet.service(HttpServlet.java:710)
	at org.apache.catalina.core.ApplicationFilterChain.doFilter(ApplicationFilterChain.java:128)
	at org.apache.tomcat.websocket.server.WsFilter.doFilter(WsFilter.java:53)
	at org.apache.catalina.core.ApplicationFilterChain.doFilter(ApplicationFilterChain.java:107)
	at org.springframework.web.filter.OncePerRequestFilter.doFilter(OncePerRequestFilter.java:110)
	at org.apache.catalina.core.ApplicationFilterChain.doFilter(ApplicationFilterChain.java:107)
	at org.springframework.web.filter.CompositeFilter$VirtualFilterChain.doFilter(CompositeFilter.java:108)
	at org.springframework.security.web.FilterChainProxy.lambda$doFilterInternal$3(FilterChainProxy.java:235)
	at org.springframework.security.web.FilterChainProxy$VirtualFilterChain.doFilter(FilterChainProxy.java:371)
	at org.springframework.security.web.access.intercept.AuthorizationFilter.doFilter(AuthorizationFilter.java:101)
	at org.springframework.security.web.FilterChainProxy$VirtualFilterChain.doFilter(FilterChainProxy.java:380)
	at org.springframework.security.web.access.ExceptionTranslationFilter.doFilter(ExceptionTranslationFilter.java:126)
	at org.springframework.security.web.access.ExceptionTranslationFilter.doFilter(ExceptionTranslationFilter.java:120)
	at org.springframework.security.web.FilterChainProxy$VirtualFilterChain.doFilter(FilterChainProxy.java:380)
	at org.springframework.security.web.session.SessionManagementFilter.doFilter(SessionManagementFilter.java:132)
	at org.springframework.security.web.session.SessionManagementFilter.doFilter(SessionManagementFilter.java:86)
	at org.springframework.security.web.FilterChainProxy$VirtualFilterChain.doFilter(FilterChainProxy.java:380)
	at org.springframework.security.web.authentication.AnonymousAuthenticationFilter.doFilter(AnonymousAuthenticationFilter.java:100)
	at org.springframework.security.web.FilterChainProxy$VirtualFilterChain.doFilter(FilterChainProxy.java:380)
	at org.springframework.security.web.servletapi.SecurityContextHolderAwareRequestFilter.doFilter(SecurityContextHolderAwareRequestFilter.java:181)
	at org.springframework.security.web.FilterChainProxy$VirtualFilterChain.doFilter(FilterChainProxy.java:380)
	at org.springframework.security.web.savedrequest.RequestCacheAwareFilter.doFilter(RequestCacheAwareFilter.java:63)
	at org.springframework.security.web.FilterChainProxy$VirtualFilterChain.doFilter(FilterChainProxy.java:380)
	at org.springframework.security.web.authentication.ui.DefaultLogoutPageGeneratingFilter.doFilterInternal(DefaultLogoutPageGeneratingFilter.java:60)
	at org.springframework.web.filter.OncePerRequestFilter.doFilter(OncePerRequestFilter.java:116)
	at org.springframework.security.web.FilterChainProxy$VirtualFilterChain.doFilter(FilterChainProxy.java:380)
	at org.springframework.security.web.authentication.ui.DefaultLoginPageGeneratingFilter.doFilter(DefaultLoginPageGeneratingFilter.java:246)
	at org.springframework.security.web.authentication.ui.DefaultLoginPageGeneratingFilter.doFilter(DefaultLoginPageGeneratingFilter.java:232)
	at org.springframework.security.web.FilterChainProxy$VirtualFilterChain.doFilter(FilterChainProxy.java:380)
	at org.springframework.security.web.authentication.ui.DefaultResourcesFilter.doFilter(DefaultResourcesFilter.java:73)
	at org.springframework.security.web.FilterChainProxy$VirtualFilterChain.doFilter(FilterChainProxy.java:380)
	at com.spring.boot.super30.backend.security.jwt.JwtAuthenticationFilter.doFilterInternal(JwtAuthenticationFilter.java:64)
	at org.springframework.web.filter.OncePerRequestFilter.doFilter(OncePerRequestFilter.java:116)
	at org.springframework.security.web.FilterChainProxy$VirtualFilterChain.doFilter(FilterChainProxy.java:380)
	at org.springframework.security.web.authentication.AbstractAuthenticationProcessingFilter.doFilter(AbstractAuthenticationProcessingFilter.java:245)
	at org.springframework.security.web.authentication.AbstractAuthenticationProcessingFilter.doFilter(AbstractAuthenticationProcessingFilter.java:239)
	at org.springframework.security.web.FilterChainProxy$VirtualFilterChain.doFilter(FilterChainProxy.java:380)
	at org.springframework.security.oauth2.client.web.OAuth2AuthorizationRequestRedirectFilter.doFilterInternal(OAuth2AuthorizationRequestRedirectFilter.java:195)
	at org.springframework.web.filter.OncePerRequestFilter.doFilter(OncePerRequestFilter.java:116)
	at org.springframework.security.web.FilterChainProxy$VirtualFilterChain.doFilter(FilterChainProxy.java:380)
	at org.springframework.security.web.authentication.logout.LogoutFilter.doFilter(LogoutFilter.java:110)
	at org.springframework.security.web.authentication.logout.LogoutFilter.doFilter(LogoutFilter.java:96)
	at org.springframework.security.web.FilterChainProxy$VirtualFilterChain.doFilter(FilterChainProxy.java:380)
	at org.springframework.web.filter.CorsFilter.doFilterInternal(CorsFilter.java:91)
	at org.springframework.web.filter.OncePerRequestFilter.doFilter(OncePerRequestFilter.java:116)
	at org.springframework.security.web.FilterChainProxy$VirtualFilterChain.doFilter(FilterChainProxy.java:380)
	at org.springframework.security.web.header.HeaderWriterFilter.doHeadersAfter(HeaderWriterFilter.java:90)
	at org.springframework.security.web.header.HeaderWriterFilter.doFilterInternal(HeaderWriterFilter.java:75)
	at org.springframework.web.filter.OncePerRequestFilter.doFilter(OncePerRequestFilter.java:116)
	at org.springframework.security.web.FilterChainProxy$VirtualFilterChain.doFilter(FilterChainProxy.java:380)
	at org.springframework.security.web.context.SecurityContextHolderFilter.doFilter(SecurityContextHolderFilter.java:82)
	at org.springframework.security.web.context.SecurityContextHolderFilter.doFilter(SecurityContextHolderFilter.java:69)
	at org.springframework.security.web.FilterChainProxy$VirtualFilterChain.doFilter(FilterChainProxy.java:380)
	at org.springframework.security.web.context.request.async.WebAsyncManagerIntegrationFilter.doFilterInternal(WebAsyncManagerIntegrationFilter.java:62)
	at org.springframework.web.filter.OncePerRequestFilter.doFilter(OncePerRequestFilter.java:116)
	at org.springframework.security.web.FilterChainProxy$VirtualFilterChain.doFilter(FilterChainProxy.java:380)
	at org.springframework.security.web.session.DisableEncodeUrlFilter.doFilterInternal(DisableEncodeUrlFilter.java:42)
	at org.springframework.web.filter.OncePerRequestFilter.doFilter(OncePerRequestFilter.java:116)
	at org.springframework.security.web.FilterChainProxy$VirtualFilterChain.doFilter(FilterChainProxy.java:380)
	at org.springframework.security.web.FilterChainProxy.doFilterInternal(FilterChainProxy.java:237)
	at org.springframework.security.web.FilterChainProxy.doFilter(FilterChainProxy.java:195)
	at org.springframework.web.filter.CompositeFilter$VirtualFilterChain.doFilter(CompositeFilter.java:113)
	at org.springframework.web.filter.ServletRequestPathFilter.doFilter(ServletRequestPathFilter.java:52)
	at org.springframework.web.filter.CompositeFilter$VirtualFilterChain.doFilter(CompositeFilter.java:113)
	at org.springframework.web.filter.CompositeFilter.doFilter(CompositeFilter.java:74)
	at org.springframework.security.config.annotation.web.configuration.WebSecurityConfiguration$CompositeFilterChainProxy.doFilter(WebSecurityConfiguration.java:317)
	at org.springframework.web.filter.DelegatingFilterProxy.invokeDelegate(DelegatingFilterProxy.java:355)
	at org.springframework.web.filter.DelegatingFilterProxy.doFilter(DelegatingFilterProxy.java:272)
	at org.apache.catalina.core.ApplicationFilterChain.doFilter(ApplicationFilterChain.java:107)
	at org.springframework.web.filter.RequestContextFilter.doFilterInternal(RequestContextFilter.java:100)
	at org.springframework.web.filter.OncePerRequestFilter.doFilter(OncePerRequestFilter.java:116)
	at org.apache.catalina.core.ApplicationFilterChain.doFilter(ApplicationFilterChain.java:107)
	at org.springframework.web.filter.FormContentFilter.doFilterInternal(FormContentFilter.java:93)
	at org.springframework.web.filter.OncePerRequestFilter.doFilter(OncePerRequestFilter.java:116)
	at org.apache.catalina.core.ApplicationFilterChain.doFilter(ApplicationFilterChain.java:107)
	at org.springframework.web.filter.CharacterEncodingFilter.doFilterInternal(CharacterEncodingFilter.java:199)
	at org.springframework.web.filter.OncePerRequestFilter.doFilter(OncePerRequestFilter.java:116)
	at org.apache.catalina.core.ApplicationFilterChain.doFilter(ApplicationFilterChain.java:107)
	at org.apache.catalina.core.StandardWrapperValve.invoke(StandardWrapperValve.java:165)
	at org.apache.catalina.core.StandardContextValve.invoke(StandardContextValve.java:77)
	at org.apache.catalina.authenticator.AuthenticatorBase.invoke(AuthenticatorBase.java:492)
	at org.apache.catalina.core.StandardHostValve.invoke(StandardHostValve.java:113)
	at org.apache.catalina.valves.ErrorReportValve.invoke(ErrorReportValve.java:83)
	at org.apache.catalina.core.StandardEngineValve.invoke(StandardEngineValve.java:72)
	at org.apache.catalina.connector.CoyoteAdapter.service(CoyoteAdapter.java:341)
	at org.apache.coyote.http11.Http11Processor.service(Http11Processor.java:397)
	at org.apache.coyote.AbstractProcessorLight.process(AbstractProcessorLight.java:63)
	at org.apache.coyote.AbstractProtocol$ConnectionHandler.process(AbstractProtocol.java:903)
	at org.apache.tomcat.util.net.NioEndpoint$SocketProcessor.doRun(NioEndpoint.java:1779)
	at org.apache.tomcat.util.net.SocketProcessorBase.run(SocketProcessorBase.java:52)
	at org.apache.tomcat.util.threads.ThreadPoolExecutor.runWorker(ThreadPoolExecutor.java:946)
	at org.apache.tomcat.util.threads.ThreadPoolExecutor$Worker.run(ThreadPoolExecutor.java:480)
	at org.apache.tomcat.util.threads.TaskThread$WrappingRunnable.run(TaskThread.java:57)
	at java.base/java.lang.Thread.run(Thread.java:1583)
2026-05-02 16:33:00,158 INFO c.s.b.s.b.s.j.JwtAuthenticationFilter [http-nio-8080-exec-7] JWT validated successfully for context user: prescribe.services@gmail.com
2026-05-02 16:33:00,162 INFO c.s.b.s.b.d.c.AdminController [http-nio-8080-exec-7] Admin requesting pending doctors list
2026-05-02 16:33:00,163 INFO c.s.b.s.b.d.s.DoctorService [http-nio-8080-exec-7] Fetching all pending doctors
2026-05-02 16:33:00,212 INFO c.s.b.s.b.s.j.JwtAuthenticationFilter [http-nio-8080-exec-3] JWT validated successfully for context user: prescribe.services@gmail.com
2026-05-02 16:33:00,217 INFO c.s.b.s.b.d.c.AdminController [http-nio-8080-exec-3] Admin requesting pending doctors list
2026-05-02 16:33:00,218 INFO c.s.b.s.b.d.s.DoctorService [http-nio-8080-exec-3] Fetching all pending doctors
2026-05-02 16:33:01,792 INFO c.s.b.s.b.s.j.JwtAuthenticationFilter [http-nio-8080-exec-9] JWT validated successfully for context user: prescribe.services@gmail.com
2026-05-02 16:33:01,793 INFO c.s.b.s.b.d.c.AdminController [http-nio-8080-exec-9] Admin requesting pending doctors list
2026-05-02 16:33:01,793 INFO c.s.b.s.b.d.s.DoctorService [http-nio-8080-exec-9] Fetching all pending doctors
2026-05-02 16:33:01,823 INFO c.s.b.s.b.s.j.JwtAuthenticationFilter [http-nio-8080-exec-10] JWT validated successfully for context user: prescribe.services@gmail.com
2026-05-02 16:33:01,825 INFO c.s.b.s.b.d.c.AdminController [http-nio-8080-exec-10] Admin requesting pending doctors list
2026-05-02 16:33:01,827 INFO c.s.b.s.b.d.s.DoctorService [http-nio-8080-exec-10] Fetching all pending doctors
2026-05-02 16:33:02,284 INFO c.s.b.s.b.s.j.JwtAuthenticationFilter [http-nio-8080-exec-8] JWT validated successfully for context user: prescribe.services@gmail.com
2026-05-02 16:33:02,290 INFO c.s.b.s.b.d.c.AdminController [http-nio-8080-exec-8] Admin requesting pending doctors list
2026-05-02 16:33:02,290 INFO c.s.b.s.b.d.s.DoctorService [http-nio-8080-exec-8] Fetching all pending doctors
2026-05-02 16:33:02,319 INFO c.s.b.s.b.s.j.JwtAuthenticationFilter [http-nio-8080-exec-1] JWT validated successfully for context user: prescribe.services@gmail.com
2026-05-02 16:33:02,322 INFO c.s.b.s.b.d.c.AdminController [http-nio-8080-exec-1] Admin requesting pending doctors list
2026-05-02 16:33:02,323 INFO c.s.b.s.b.d.s.DoctorService [http-nio-8080-exec-1] Fetching all pending doctors
2026-05-02 16:33:03,006 INFO c.s.b.s.b.s.j.JwtAuthenticationFilter [http-nio-8080-exec-4] JWT validated successfully for context user: prescribe.services@gmail.com
2026-05-02 16:33:03,007 INFO c.s.b.s.b.d.c.AdminController [http-nio-8080-exec-4] Admin requesting pending doctors list
2026-05-02 16:33:03,007 INFO c.s.b.s.b.d.s.DoctorService [http-nio-8080-exec-4] Fetching all pending doctors
2026-05-02 16:33:03,039 INFO c.s.b.s.b.s.j.JwtAuthenticationFilter [http-nio-8080-exec-5] JWT validated successfully for context user: prescribe.services@gmail.com
2026-05-02 16:33:03,040 INFO c.s.b.s.b.d.c.AdminController [http-nio-8080-exec-5] Admin requesting pending doctors list
2026-05-02 16:33:03,042 INFO c.s.b.s.b.d.s.DoctorService [http-nio-8080-exec-5] Fetching all pending doctors
2026-05-02 16:33:03,519 INFO c.s.b.s.b.s.j.JwtAuthenticationFilter [http-nio-8080-exec-2] JWT validated successfully for context user: prescribe.services@gmail.com
2026-05-02 16:33:03,519 INFO c.s.b.s.b.d.c.AdminController [http-nio-8080-exec-2] Admin requesting pending doctors list
2026-05-02 16:33:03,519 INFO c.s.b.s.b.d.s.DoctorService [http-nio-8080-exec-2] Fetching all pending doctors
2026-05-02 16:33:03,552 INFO c.s.b.s.b.s.j.JwtAuthenticationFilter [http-nio-8080-exec-6] JWT validated successfully for context user: prescribe.services@gmail.com
2026-05-02 16:33:03,552 INFO c.s.b.s.b.d.c.AdminController [http-nio-8080-exec-6] Admin requesting pending doctors list
2026-05-02 16:33:03,555 INFO c.s.b.s.b.d.s.DoctorService [http-nio-8080-exec-6] Fetching all pending doctors
2026-05-02 16:33:04,028 INFO c.s.b.s.b.s.j.JwtAuthenticationFilter [http-nio-8080-exec-7] JWT validated successfully for context user: prescribe.services@gmail.com
2026-05-02 16:33:04,033 INFO c.s.b.s.b.d.c.AdminController [http-nio-8080-exec-7] Admin requesting pending doctors list
2026-05-02 16:33:04,034 INFO c.s.b.s.b.d.s.DoctorService [http-nio-8080-exec-7] Fetching all pending doctors
2026-05-02 16:33:04,066 INFO c.s.b.s.b.s.j.JwtAuthenticationFilter [http-nio-8080-exec-3] JWT validated successfully for context user: prescribe.services@gmail.com
2026-05-02 16:33:04,067 INFO c.s.b.s.b.d.c.AdminController [http-nio-8080-exec-3] Admin requesting pending doctors list
2026-05-02 16:33:04,069 INFO c.s.b.s.b.d.s.DoctorService [http-nio-8080-exec-3] Fetching all pending doctors
2026-05-02 16:35:08,923 INFO c.s.b.s.b.s.j.JwtAuthenticationFilter [http-nio-8080-exec-4] JWT validated successfully for context user: pranavparalkar21@gmail.com
2026-05-02 16:35:08,935 ERROR c.s.b.s.b.e.GlobalExceptionHandler [http-nio-8080-exec-4] Unhandled logical exception occurred at /api/doctors/email/pranavparalkar21%40gmail.com: No static resource api/doctors/email/pranavparalkar21%40gmail.com for request '/api/doctors/email/pranavparalkar21%40gmail.com'.
org.springframework.web.servlet.resource.NoResourceFoundException: No static resource api/doctors/email/pranavparalkar21%40gmail.com for request '/api/doctors/email/pranavparalkar21%40gmail.com'.
	at org.springframework.web.servlet.resource.ResourceHttpRequestHandler.handleRequest(ResourceHttpRequestHandler.java:527)
	at org.springframework.web.servlet.mvc.HttpRequestHandlerAdapter.handle(HttpRequestHandlerAdapter.java:50)
	at org.springframework.web.servlet.DispatcherServlet.doDispatch(DispatcherServlet.java:963)
	at org.springframework.web.servlet.DispatcherServlet.doService(DispatcherServlet.java:866)
	at org.springframework.web.servlet.FrameworkServlet.processRequest(FrameworkServlet.java:1000)
	at org.springframework.web.servlet.FrameworkServlet.doGet(FrameworkServlet.java:892)
	at jakarta.servlet.http.HttpServlet.service(HttpServlet.java:622)
	at org.springframework.web.servlet.FrameworkServlet.service(FrameworkServlet.java:874)
	at jakarta.servlet.http.HttpServlet.service(HttpServlet.java:710)
	at org.apache.catalina.core.ApplicationFilterChain.doFilter(ApplicationFilterChain.java:128)
	at org.apache.tomcat.websocket.server.WsFilter.doFilter(WsFilter.java:53)
	at org.apache.catalina.core.ApplicationFilterChain.doFilter(ApplicationFilterChain.java:107)
	at org.springframework.web.filter.OncePerRequestFilter.doFilter(OncePerRequestFilter.java:110)
	at org.apache.catalina.core.ApplicationFilterChain.doFilter(ApplicationFilterChain.java:107)
	at org.springframework.web.filter.CompositeFilter$VirtualFilterChain.doFilter(CompositeFilter.java:108)
	at org.springframework.security.web.FilterChainProxy.lambda$doFilterInternal$3(FilterChainProxy.java:235)
	at org.springframework.security.web.FilterChainProxy$VirtualFilterChain.doFilter(FilterChainProxy.java:371)
	at org.springframework.security.web.access.intercept.AuthorizationFilter.doFilter(AuthorizationFilter.java:101)
	at org.springframework.security.web.FilterChainProxy$VirtualFilterChain.doFilter(FilterChainProxy.java:380)
	at org.springframework.security.web.access.ExceptionTranslationFilter.doFilter(ExceptionTranslationFilter.java:126)
	at org.springframework.security.web.access.ExceptionTranslationFilter.doFilter(ExceptionTranslationFilter.java:120)
	at org.springframework.security.web.FilterChainProxy$VirtualFilterChain.doFilter(FilterChainProxy.java:380)
	at org.springframework.security.web.session.SessionManagementFilter.doFilter(SessionManagementFilter.java:132)
	at org.springframework.security.web.session.SessionManagementFilter.doFilter(SessionManagementFilter.java:86)
	at org.springframework.security.web.FilterChainProxy$VirtualFilterChain.doFilter(FilterChainProxy.java:380)
	at org.springframework.security.web.authentication.AnonymousAuthenticationFilter.doFilter(AnonymousAuthenticationFilter.java:100)
	at org.springframework.security.web.FilterChainProxy$VirtualFilterChain.doFilter(FilterChainProxy.java:380)
	at org.springframework.security.web.servletapi.SecurityContextHolderAwareRequestFilter.doFilter(SecurityContextHolderAwareRequestFilter.java:181)
	at org.springframework.security.web.FilterChainProxy$VirtualFilterChain.doFilter(FilterChainProxy.java:380)
	at org.springframework.security.web.savedrequest.RequestCacheAwareFilter.doFilter(RequestCacheAwareFilter.java:63)
	at org.springframework.security.web.FilterChainProxy$VirtualFilterChain.doFilter(FilterChainProxy.java:380)
	at org.springframework.security.web.authentication.ui.DefaultLogoutPageGeneratingFilter.doFilterInternal(DefaultLogoutPageGeneratingFilter.java:60)
	at org.springframework.web.filter.OncePerRequestFilter.doFilter(OncePerRequestFilter.java:116)
	at org.springframework.security.web.FilterChainProxy$VirtualFilterChain.doFilter(FilterChainProxy.java:380)
	at org.springframework.security.web.authentication.ui.DefaultLoginPageGeneratingFilter.doFilter(DefaultLoginPageGeneratingFilter.java:246)
	at org.springframework.security.web.authentication.ui.DefaultLoginPageGeneratingFilter.doFilter(DefaultLoginPageGeneratingFilter.java:232)
	at org.springframework.security.web.FilterChainProxy$VirtualFilterChain.doFilter(FilterChainProxy.java:380)
	at org.springframework.security.web.authentication.ui.DefaultResourcesFilter.doFilter(DefaultResourcesFilter.java:73)
	at org.springframework.security.web.FilterChainProxy$VirtualFilterChain.doFilter(FilterChainProxy.java:380)
	at com.spring.boot.super30.backend.security.jwt.JwtAuthenticationFilter.doFilterInternal(JwtAuthenticationFilter.java:64)
	at org.springframework.web.filter.OncePerRequestFilter.doFilter(OncePerRequestFilter.java:116)
	at org.springframework.security.web.FilterChainProxy$VirtualFilterChain.doFilter(FilterChainProxy.java:380)
	at org.springframework.security.web.authentication.AbstractAuthenticationProcessingFilter.doFilter(AbstractAuthenticationProcessingFilter.java:245)
	at org.springframework.security.web.authentication.AbstractAuthenticationProcessingFilter.doFilter(AbstractAuthenticationProcessingFilter.java:239)
	at org.springframework.security.web.FilterChainProxy$VirtualFilterChain.doFilter(FilterChainProxy.java:380)
	at org.springframework.security.oauth2.client.web.OAuth2AuthorizationRequestRedirectFilter.doFilterInternal(OAuth2AuthorizationRequestRedirectFilter.java:195)
	at org.springframework.web.filter.OncePerRequestFilter.doFilter(OncePerRequestFilter.java:116)
	at org.springframework.security.web.FilterChainProxy$VirtualFilterChain.doFilter(FilterChainProxy.java:380)
	at org.springframework.security.web.authentication.logout.LogoutFilter.doFilter(LogoutFilter.java:110)
	at org.springframework.security.web.authentication.logout.LogoutFilter.doFilter(LogoutFilter.java:96)
	at org.springframework.security.web.FilterChainProxy$VirtualFilterChain.doFilter(FilterChainProxy.java:380)
	at org.springframework.web.filter.CorsFilter.doFilterInternal(CorsFilter.java:91)
	at org.springframework.web.filter.OncePerRequestFilter.doFilter(OncePerRequestFilter.java:116)
	at org.springframework.security.web.FilterChainProxy$VirtualFilterChain.doFilter(FilterChainProxy.java:380)
	at org.springframework.security.web.header.HeaderWriterFilter.doHeadersAfter(HeaderWriterFilter.java:90)
	at org.springframework.security.web.header.HeaderWriterFilter.doFilterInternal(HeaderWriterFilter.java:75)
	at org.springframework.web.filter.OncePerRequestFilter.doFilter(OncePerRequestFilter.java:116)
	at org.springframework.security.web.FilterChainProxy$VirtualFilterChain.doFilter(FilterChainProxy.java:380)
	at org.springframework.security.web.context.SecurityContextHolderFilter.doFilter(SecurityContextHolderFilter.java:82)
	at org.springframework.security.web.context.SecurityContextHolderFilter.doFilter(SecurityContextHolderFilter.java:69)
	at org.springframework.security.web.FilterChainProxy$VirtualFilterChain.doFilter(FilterChainProxy.java:380)
	at org.springframework.security.web.context.request.async.WebAsyncManagerIntegrationFilter.doFilterInternal(WebAsyncManagerIntegrationFilter.java:62)
	at org.springframework.web.filter.OncePerRequestFilter.doFilter(OncePerRequestFilter.java:116)
	at org.springframework.security.web.FilterChainProxy$VirtualFilterChain.doFilter(FilterChainProxy.java:380)
	at org.springframework.security.web.session.DisableEncodeUrlFilter.doFilterInternal(DisableEncodeUrlFilter.java:42)
	at org.springframework.web.filter.OncePerRequestFilter.doFilter(OncePerRequestFilter.java:116)
	at org.springframework.security.web.FilterChainProxy$VirtualFilterChain.doFilter(FilterChainProxy.java:380)
	at org.springframework.security.web.FilterChainProxy.doFilterInternal(FilterChainProxy.java:237)
	at org.springframework.security.web.FilterChainProxy.doFilter(FilterChainProxy.java:195)
	at org.springframework.web.filter.CompositeFilter$VirtualFilterChain.doFilter(CompositeFilter.java:113)
	at org.springframework.web.filter.ServletRequestPathFilter.doFilter(ServletRequestPathFilter.java:52)
	at org.springframework.web.filter.CompositeFilter$VirtualFilterChain.doFilter(CompositeFilter.java:113)
	at org.springframework.web.filter.CompositeFilter.doFilter(CompositeFilter.java:74)
	at org.springframework.security.config.annotation.web.configuration.WebSecurityConfiguration$CompositeFilterChainProxy.doFilter(WebSecurityConfiguration.java:317)
	at org.springframework.web.filter.DelegatingFilterProxy.invokeDelegate(DelegatingFilterProxy.java:355)
	at org.springframework.web.filter.DelegatingFilterProxy.doFilter(DelegatingFilterProxy.java:272)
	at org.apache.catalina.core.ApplicationFilterChain.doFilter(ApplicationFilterChain.java:107)
	at org.springframework.web.filter.RequestContextFilter.doFilterInternal(RequestContextFilter.java:100)
	at org.springframework.web.filter.OncePerRequestFilter.doFilter(OncePerRequestFilter.java:116)
	at org.apache.catalina.core.ApplicationFilterChain.doFilter(ApplicationFilterChain.java:107)
	at org.springframework.web.filter.FormContentFilter.doFilterInternal(FormContentFilter.java:93)
	at org.springframework.web.filter.OncePerRequestFilter.doFilter(OncePerRequestFilter.java:116)
	at org.apache.catalina.core.ApplicationFilterChain.doFilter(ApplicationFilterChain.java:107)
	at org.springframework.web.filter.CharacterEncodingFilter.doFilterInternal(CharacterEncodingFilter.java:199)
	at org.springframework.web.filter.OncePerRequestFilter.doFilter(OncePerRequestFilter.java:116)
	at org.apache.catalina.core.ApplicationFilterChain.doFilter(ApplicationFilterChain.java:107)
	at org.apache.catalina.core.StandardWrapperValve.invoke(StandardWrapperValve.java:165)
	at org.apache.catalina.core.StandardContextValve.invoke(StandardContextValve.java:77)
	at org.apache.catalina.authenticator.AuthenticatorBase.invoke(AuthenticatorBase.java:492)
	at org.apache.catalina.core.StandardHostValve.invoke(StandardHostValve.java:113)
	at org.apache.catalina.valves.ErrorReportValve.invoke(ErrorReportValve.java:83)
	at org.apache.catalina.core.StandardEngineValve.invoke(StandardEngineValve.java:72)
	at org.apache.catalina.connector.CoyoteAdapter.service(CoyoteAdapter.java:341)
	at org.apache.coyote.http11.Http11Processor.service(Http11Processor.java:397)
	at org.apache.coyote.AbstractProcessorLight.process(AbstractProcessorLight.java:63)
	at org.apache.coyote.AbstractProtocol$ConnectionHandler.process(AbstractProtocol.java:903)
	at org.apache.tomcat.util.net.NioEndpoint$SocketProcessor.doRun(NioEndpoint.java:1779)
	at org.apache.tomcat.util.net.SocketProcessorBase.run(SocketProcessorBase.java:52)
	at org.apache.tomcat.util.threads.ThreadPoolExecutor.runWorker(ThreadPoolExecutor.java:946)
	at org.apache.tomcat.util.threads.ThreadPoolExecutor$Worker.run(ThreadPoolExecutor.java:480)
	at org.apache.tomcat.util.threads.TaskThread$WrappingRunnable.run(TaskThread.java:57)
	at java.base/java.lang.Thread.run(Thread.java:1583)
2026-05-02 16:35:08,955 INFO c.s.b.s.b.s.j.JwtAuthenticationFilter [http-nio-8080-exec-5] JWT validated successfully for context user: pranavparalkar21@gmail.com
2026-05-02 16:35:08,960 ERROR c.s.b.s.b.e.GlobalExceptionHandler [http-nio-8080-exec-5] Unhandled logical exception occurred at /api/doctors/email/pranavparalkar21%40gmail.com: No static resource api/doctors/email/pranavparalkar21%40gmail.com for request '/api/doctors/email/pranavparalkar21%40gmail.com'.
org.springframework.web.servlet.resource.NoResourceFoundException: No static resource api/doctors/email/pranavparalkar21%40gmail.com for request '/api/doctors/email/pranavparalkar21%40gmail.com'.
	at org.springframework.web.servlet.resource.ResourceHttpRequestHandler.handleRequest(ResourceHttpRequestHandler.java:527)
	at org.springframework.web.servlet.mvc.HttpRequestHandlerAdapter.handle(HttpRequestHandlerAdapter.java:50)
	at org.springframework.web.servlet.DispatcherServlet.doDispatch(DispatcherServlet.java:963)
	at org.springframework.web.servlet.DispatcherServlet.doService(DispatcherServlet.java:866)
	at org.springframework.web.servlet.FrameworkServlet.processRequest(FrameworkServlet.java:1000)
	at org.springframework.web.servlet.FrameworkServlet.doGet(FrameworkServlet.java:892)
	at jakarta.servlet.http.HttpServlet.service(HttpServlet.java:622)
	at org.springframework.web.servlet.FrameworkServlet.service(FrameworkServlet.java:874)
	at jakarta.servlet.http.HttpServlet.service(HttpServlet.java:710)
	at org.apache.catalina.core.ApplicationFilterChain.doFilter(ApplicationFilterChain.java:128)
	at org.apache.tomcat.websocket.server.WsFilter.doFilter(WsFilter.java:53)
	at org.apache.catalina.core.ApplicationFilterChain.doFilter(ApplicationFilterChain.java:107)
	at org.springframework.web.filter.OncePerRequestFilter.doFilter(OncePerRequestFilter.java:110)
	at org.apache.catalina.core.ApplicationFilterChain.doFilter(ApplicationFilterChain.java:107)
	at org.springframework.web.filter.CompositeFilter$VirtualFilterChain.doFilter(CompositeFilter.java:108)
	at org.springframework.security.web.FilterChainProxy.lambda$doFilterInternal$3(FilterChainProxy.java:235)
	at org.springframework.security.web.FilterChainProxy$VirtualFilterChain.doFilter(FilterChainProxy.java:371)
	at org.springframework.security.web.access.intercept.AuthorizationFilter.doFilter(AuthorizationFilter.java:101)
	at org.springframework.security.web.FilterChainProxy$VirtualFilterChain.doFilter(FilterChainProxy.java:380)
	at org.springframework.security.web.access.ExceptionTranslationFilter.doFilter(ExceptionTranslationFilter.java:126)
	at org.springframework.security.web.access.ExceptionTranslationFilter.doFilter(ExceptionTranslationFilter.java:120)
	at org.springframework.security.web.FilterChainProxy$VirtualFilterChain.doFilter(FilterChainProxy.java:380)
	at org.springframework.security.web.session.SessionManagementFilter.doFilter(SessionManagementFilter.java:132)
	at org.springframework.security.web.session.SessionManagementFilter.doFilter(SessionManagementFilter.java:86)
	at org.springframework.security.web.FilterChainProxy$VirtualFilterChain.doFilter(FilterChainProxy.java:380)
	at org.springframework.security.web.authentication.AnonymousAuthenticationFilter.doFilter(AnonymousAuthenticationFilter.java:100)
	at org.springframework.security.web.FilterChainProxy$VirtualFilterChain.doFilter(FilterChainProxy.java:380)
	at org.springframework.security.web.servletapi.SecurityContextHolderAwareRequestFilter.doFilter(SecurityContextHolderAwareRequestFilter.java:181)
	at org.springframework.security.web.FilterChainProxy$VirtualFilterChain.doFilter(FilterChainProxy.java:380)
	at org.springframework.security.web.savedrequest.RequestCacheAwareFilter.doFilter(RequestCacheAwareFilter.java:63)
	at org.springframework.security.web.FilterChainProxy$VirtualFilterChain.doFilter(FilterChainProxy.java:380)
	at org.springframework.security.web.authentication.ui.DefaultLogoutPageGeneratingFilter.doFilterInternal(DefaultLogoutPageGeneratingFilter.java:60)
	at org.springframework.web.filter.OncePerRequestFilter.doFilter(OncePerRequestFilter.java:116)
	at org.springframework.security.web.FilterChainProxy$VirtualFilterChain.doFilter(FilterChainProxy.java:380)
	at org.springframework.security.web.authentication.ui.DefaultLoginPageGeneratingFilter.doFilter(DefaultLoginPageGeneratingFilter.java:246)
	at org.springframework.security.web.authentication.ui.DefaultLoginPageGeneratingFilter.doFilter(DefaultLoginPageGeneratingFilter.java:232)
	at org.springframework.security.web.FilterChainProxy$VirtualFilterChain.doFilter(FilterChainProxy.java:380)
	at org.springframework.security.web.authentication.ui.DefaultResourcesFilter.doFilter(DefaultResourcesFilter.java:73)
	at org.springframework.security.web.FilterChainProxy$VirtualFilterChain.doFilter(FilterChainProxy.java:380)
	at com.spring.boot.super30.backend.security.jwt.JwtAuthenticationFilter.doFilterInternal(JwtAuthenticationFilter.java:64)
	at org.springframework.web.filter.OncePerRequestFilter.doFilter(OncePerRequestFilter.java:116)
	at org.springframework.security.web.FilterChainProxy$VirtualFilterChain.doFilter(FilterChainProxy.java:380)
	at org.springframework.security.web.authentication.AbstractAuthenticationProcessingFilter.doFilter(AbstractAuthenticationProcessingFilter.java:245)
	at org.springframework.security.web.authentication.AbstractAuthenticationProcessingFilter.doFilter(AbstractAuthenticationProcessingFilter.java:239)
	at org.springframework.security.web.FilterChainProxy$VirtualFilterChain.doFilter(FilterChainProxy.java:380)
	at org.springframework.security.oauth2.client.web.OAuth2AuthorizationRequestRedirectFilter.doFilterInternal(OAuth2AuthorizationRequestRedirectFilter.java:195)
	at org.springframework.web.filter.OncePerRequestFilter.doFilter(OncePerRequestFilter.java:116)
	at org.springframework.security.web.FilterChainProxy$VirtualFilterChain.doFilter(FilterChainProxy.java:380)
	at org.springframework.security.web.authentication.logout.LogoutFilter.doFilter(LogoutFilter.java:110)
	at org.springframework.security.web.authentication.logout.LogoutFilter.doFilter(LogoutFilter.java:96)
	at org.springframework.security.web.FilterChainProxy$VirtualFilterChain.doFilter(FilterChainProxy.java:380)
	at org.springframework.web.filter.CorsFilter.doFilterInternal(CorsFilter.java:91)
	at org.springframework.web.filter.OncePerRequestFilter.doFilter(OncePerRequestFilter.java:116)
	at org.springframework.security.web.FilterChainProxy$VirtualFilterChain.doFilter(FilterChainProxy.java:380)
	at org.springframework.security.web.header.HeaderWriterFilter.doHeadersAfter(HeaderWriterFilter.java:90)
	at org.springframework.security.web.header.HeaderWriterFilter.doFilterInternal(HeaderWriterFilter.java:75)
	at org.springframework.web.filter.OncePerRequestFilter.doFilter(OncePerRequestFilter.java:116)
	at org.springframework.security.web.FilterChainProxy$VirtualFilterChain.doFilter(FilterChainProxy.java:380)
	at org.springframework.security.web.context.SecurityContextHolderFilter.doFilter(SecurityContextHolderFilter.java:82)
	at org.springframework.security.web.context.SecurityContextHolderFilter.doFilter(SecurityContextHolderFilter.java:69)
	at org.springframework.security.web.FilterChainProxy$VirtualFilterChain.doFilter(FilterChainProxy.java:380)
	at org.springframework.security.web.context.request.async.WebAsyncManagerIntegrationFilter.doFilterInternal(WebAsyncManagerIntegrationFilter.java:62)
	at org.springframework.web.filter.OncePerRequestFilter.doFilter(OncePerRequestFilter.java:116)
	at org.springframework.security.web.FilterChainProxy$VirtualFilterChain.doFilter(FilterChainProxy.java:380)
	at org.springframework.security.web.session.DisableEncodeUrlFilter.doFilterInternal(DisableEncodeUrlFilter.java:42)
	at org.springframework.web.filter.OncePerRequestFilter.doFilter(OncePerRequestFilter.java:116)
	at org.springframework.security.web.FilterChainProxy$VirtualFilterChain.doFilter(FilterChainProxy.java:380)
	at org.springframework.security.web.FilterChainProxy.doFilterInternal(FilterChainProxy.java:237)
	at org.springframework.security.web.FilterChainProxy.doFilter(FilterChainProxy.java:195)
	at org.springframework.web.filter.CompositeFilter$VirtualFilterChain.doFilter(CompositeFilter.java:113)
	at org.springframework.web.filter.ServletRequestPathFilter.doFilter(ServletRequestPathFilter.java:52)
	at org.springframework.web.filter.CompositeFilter$VirtualFilterChain.doFilter(CompositeFilter.java:113)
	at org.springframework.web.filter.CompositeFilter.doFilter(CompositeFilter.java:74)
	at org.springframework.security.config.annotation.web.configuration.WebSecurityConfiguration$CompositeFilterChainProxy.doFilter(WebSecurityConfiguration.java:317)
	at org.springframework.web.filter.DelegatingFilterProxy.invokeDelegate(DelegatingFilterProxy.java:355)
	at org.springframework.web.filter.DelegatingFilterProxy.doFilter(DelegatingFilterProxy.java:272)
	at org.apache.catalina.core.ApplicationFilterChain.doFilter(ApplicationFilterChain.java:107)
	at org.springframework.web.filter.RequestContextFilter.doFilterInternal(RequestContextFilter.java:100)
	at org.springframework.web.filter.OncePerRequestFilter.doFilter(OncePerRequestFilter.java:116)
	at org.apache.catalina.core.ApplicationFilterChain.doFilter(ApplicationFilterChain.java:107)
	at org.springframework.web.filter.FormContentFilter.doFilterInternal(FormContentFilter.java:93)
	at org.springframework.web.filter.OncePerRequestFilter.doFilter(OncePerRequestFilter.java:116)
	at org.apache.catalina.core.ApplicationFilterChain.doFilter(ApplicationFilterChain.java:107)
	at org.springframework.web.filter.CharacterEncodingFilter.doFilterInternal(CharacterEncodingFilter.java:199)
	at org.springframework.web.filter.OncePerRequestFilter.doFilter(OncePerRequestFilter.java:116)
	at org.apache.catalina.core.ApplicationFilterChain.doFilter(ApplicationFilterChain.java:107)
	at org.apache.catalina.core.StandardWrapperValve.invoke(StandardWrapperValve.java:165)
	at org.apache.catalina.core.StandardContextValve.invoke(StandardContextValve.java:77)
	at org.apache.catalina.authenticator.AuthenticatorBase.invoke(AuthenticatorBase.java:492)
	at org.apache.catalina.core.StandardHostValve.invoke(StandardHostValve.java:113)
	at org.apache.catalina.valves.ErrorReportValve.invoke(ErrorReportValve.java:83)
	at org.apache.catalina.core.StandardEngineValve.invoke(StandardEngineValve.java:72)
	at org.apache.catalina.connector.CoyoteAdapter.service(CoyoteAdapter.java:341)
	at org.apache.coyote.http11.Http11Processor.service(Http11Processor.java:397)
	at org.apache.coyote.AbstractProcessorLight.process(AbstractProcessorLight.java:63)
	at org.apache.coyote.AbstractProtocol$ConnectionHandler.process(AbstractProtocol.java:903)
	at org.apache.tomcat.util.net.NioEndpoint$SocketProcessor.doRun(NioEndpoint.java:1779)
	at org.apache.tomcat.util.net.SocketProcessorBase.run(SocketProcessorBase.java:52)
	at org.apache.tomcat.util.threads.ThreadPoolExecutor.runWorker(ThreadPoolExecutor.java:946)
	at org.apache.tomcat.util.threads.ThreadPoolExecutor$Worker.run(ThreadPoolExecutor.java:480)
	at org.apache.tomcat.util.threads.TaskThread$WrappingRunnable.run(TaskThread.java:57)
	at java.base/java.lang.Thread.run(Thread.java:1583)
2026-05-02 16:35:32,962 INFO o.s.b.t.GracefulShutdown [SpringApplicationShutdownHook] Commencing graceful shutdown. Waiting for active requests to complete
2026-05-02 16:35:32,980 INFO o.s.b.t.GracefulShutdown [tomcat-shutdown] Graceful shutdown complete
2026-05-02 16:35:32,989 INFO o.s.o.j.AbstractEntityManagerFactoryBean [SpringApplicationShutdownHook] Closing JPA EntityManagerFactory for persistence unit 'default'
2026-05-02 16:35:32,990 INFO c.z.h.HikariDataSource [SpringApplicationShutdownHook] HikariPool-1 - Shutdown initiated...
2026-05-02 16:35:32,993 INFO c.z.h.HikariDataSource [SpringApplicationShutdownHook] HikariPool-1 - Shutdown completed.
2026-05-02 16:44:43,756 INFO o.s.b.StartupInfoLogger [main] Starting BackendApplication using Java 21.0.9 with PID 16692 (C:\Projects\prescribe\backend\target\classes started by Pranav in C:\Projects\prescribe\backend)
2026-05-02 16:44:43,756 INFO o.s.b.SpringApplication [main] No active profile set, falling back to 1 default profile: "default"
2026-05-02 16:44:44,024 INFO o.h.v.i.u.Version [background-preinit] HV000001: Hibernate Validator 9.0.1.Final
2026-05-02 16:44:44,734 INFO o.s.d.r.c.RepositoryConfigurationDelegate [main] Bootstrapping Spring Data JPA repositories in DEFAULT mode.
2026-05-02 16:44:44,852 INFO o.s.d.r.c.RepositoryConfigurationDelegate [main] Finished Spring Data repository scanning in 107 ms. Found 10 JPA repository interfaces.
2026-05-02 16:44:45,449 INFO o.s.b.t.TomcatWebServer [main] Tomcat initialized with port 8080 (http)
2026-05-02 16:44:45,457 INFO o.a.j.l.DirectJDKLog [main] Initializing ProtocolHandler ["http-nio-8080"]
2026-05-02 16:44:45,457 INFO o.a.j.l.DirectJDKLog [main] Starting service [Tomcat]
2026-05-02 16:44:45,467 INFO o.a.j.l.DirectJDKLog [main] Starting Servlet engine: [Apache Tomcat/11.0.18]
2026-05-02 16:44:45,560 INFO o.s.b.w.c.s.WebApplicationContextInitializer [main] Root WebApplicationContext: initialization completed in 1749 ms
2026-05-02 16:44:45,723 INFO o.h.j.i.u.LogHelper [main] HHH008540: Processing PersistenceUnitInfo [name: default]
2026-05-02 16:44:45,776 INFO o.h.Version [main] HHH000001: Hibernate ORM core version 7.2.4.Final
2026-05-02 16:44:46,263 INFO o.s.o.j.p.SpringPersistenceUnitInfo [main] No LoadTimeWeaver setup: ignoring JPA class transformer
2026-05-02 16:44:46,302 INFO c.z.h.HikariDataSource [main] HikariPool-1 - Starting...
2026-05-02 16:44:47,453 WARN o.h.e.j.s.SqlExceptionHelper [main] HHH000247: ErrorCode: 0, SQLState: 28P01
2026-05-02 16:44:47,453 WARN o.h.e.j.s.SqlExceptionHelper [main] FATAL: password authentication failed for user "postgres"
2026-05-02 16:44:47,457 WARN o.h.e.j.e.i.JdbcEnvironmentInitiator [main] HHH100046: Could not obtain connection to query JDBC database metadata
org.hibernate.exception.AuthException: Unable to obtain isolated JDBC connection [FATAL: password authentication failed for user "postgres"] [n/a]
	at org.hibernate.exception.internal.SQLStateConversionDelegate.convert(SQLStateConversionDelegate.java:87)
	at org.hibernate.exception.internal.StandardSQLExceptionConverter.convert(StandardSQLExceptionConverter.java:34)
	at org.hibernate.engine.jdbc.spi.SqlExceptionHelper.convert(SqlExceptionHelper.java:115)
	at org.hibernate.engine.jdbc.spi.SqlExceptionHelper.convert(SqlExceptionHelper.java:101)
	at org.hibernate.resource.transaction.backend.jdbc.internal.JdbcIsolationDelegate.delegateWork(JdbcIsolationDelegate.java:51)
	at org.hibernate.engine.jdbc.env.internal.JdbcEnvironmentInitiator.getJdbcEnvironmentUsingJdbcMetadata(JdbcEnvironmentInitiator.java:366)
	at org.hibernate.engine.jdbc.env.internal.JdbcEnvironmentInitiator.getJdbcEnvironment(JdbcEnvironmentInitiator.java:143)
	at org.hibernate.engine.jdbc.env.internal.JdbcEnvironmentInitiator.initiateService(JdbcEnvironmentInitiator.java:120)
	at org.hibernate.engine.jdbc.env.internal.JdbcEnvironmentInitiator.initiateService(JdbcEnvironmentInitiator.java:80)
	at org.hibernate.boot.registry.internal.StandardServiceRegistryImpl.initiateService(StandardServiceRegistryImpl.java:133)
	at org.hibernate.service.internal.AbstractServiceRegistryImpl.createService(AbstractServiceRegistryImpl.java:260)
	at org.hibernate.service.internal.AbstractServiceRegistryImpl.initializeService(AbstractServiceRegistryImpl.java:235)
	at org.hibernate.service.internal.AbstractServiceRegistryImpl.getService(AbstractServiceRegistryImpl.java:212)
	at org.hibernate.boot.model.relational.Database.<init>(Database.java:44)
	at org.hibernate.boot.internal.InFlightMetadataCollectorImpl.getDatabase(InFlightMetadataCollectorImpl.java:251)
	at org.hibernate.boot.internal.InFlightMetadataCollectorImpl.<init>(InFlightMetadataCollectorImpl.java:203)
	at org.hibernate.boot.model.process.spi.MetadataBuildingProcess.complete(MetadataBuildingProcess.java:170)
	at org.hibernate.jpa.boot.internal.EntityManagerFactoryBuilderImpl.metadata(EntityManagerFactoryBuilderImpl.java:1392)
	at org.hibernate.jpa.boot.internal.EntityManagerFactoryBuilderImpl.populateSessionFactoryBuilder(EntityManagerFactoryBuilderImpl.java:1472)
	at org.hibernate.jpa.boot.internal.EntityManagerFactoryBuilderImpl.build(EntityManagerFactoryBuilderImpl.java:1454)
	at org.springframework.orm.jpa.vendor.SpringHibernateJpaPersistenceProvider.createContainerEntityManagerFactory(SpringHibernateJpaPersistenceProvider.java:93)
	at org.springframework.orm.jpa.LocalContainerEntityManagerFactoryBean.createNativeEntityManagerFactory(LocalContainerEntityManagerFactoryBean.java:443)
	at org.springframework.orm.jpa.AbstractEntityManagerFactoryBean.buildNativeEntityManagerFactory(AbstractEntityManagerFactoryBean.java:436)
	at org.springframework.orm.jpa.AbstractEntityManagerFactoryBean.afterPropertiesSet(AbstractEntityManagerFactoryBean.java:411)
	at org.springframework.orm.jpa.LocalContainerEntityManagerFactoryBean.afterPropertiesSet(LocalContainerEntityManagerFactoryBean.java:419)
	at org.springframework.beans.factory.support.AbstractAutowireCapableBeanFactory.invokeInitMethods(AbstractAutowireCapableBeanFactory.java:1864)
	at org.springframework.beans.factory.support.AbstractAutowireCapableBeanFactory.initializeBean(AbstractAutowireCapableBeanFactory.java:1813)
	at org.springframework.beans.factory.support.AbstractAutowireCapableBeanFactory.doCreateBean(AbstractAutowireCapableBeanFactory.java:603)
	at org.springframework.beans.factory.support.AbstractAutowireCapableBeanFactory.createBean(AbstractAutowireCapableBeanFactory.java:525)
	at org.springframework.beans.factory.support.AbstractBeanFactory.lambda$doGetBean$0(AbstractBeanFactory.java:333)
	at org.springframework.beans.factory.support.DefaultSingletonBeanRegistry.getSingleton(DefaultSingletonBeanRegistry.java:371)
	at org.springframework.beans.factory.support.AbstractBeanFactory.doGetBean(AbstractBeanFactory.java:331)
	at org.springframework.beans.factory.support.AbstractBeanFactory.getBean(AbstractBeanFactory.java:196)
	at org.springframework.beans.factory.support.BeanDefinitionValueResolver.resolveReference(BeanDefinitionValueResolver.java:365)
	at org.springframework.beans.factory.support.BeanDefinitionValueResolver.resolveValueIfNecessary(BeanDefinitionValueResolver.java:135)
	at org.springframework.beans.factory.support.ConstructorResolver.resolveConstructorArguments(ConstructorResolver.java:691)
	at org.springframework.beans.factory.support.ConstructorResolver.instantiateUsingFactoryMethod(ConstructorResolver.java:513)
	at org.springframework.beans.factory.support.AbstractAutowireCapableBeanFactory.instantiateUsingFactoryMethod(AbstractAutowireCapableBeanFactory.java:1362)
	at org.springframework.beans.factory.support.AbstractAutowireCapableBeanFactory.createBeanInstance(AbstractAutowireCapableBeanFactory.java:1194)
	at org.springframework.beans.factory.support.AbstractAutowireCapableBeanFactory.doCreateBean(AbstractAutowireCapableBeanFactory.java:565)
	at org.springframework.beans.factory.support.AbstractAutowireCapableBeanFactory.createBean(AbstractAutowireCapableBeanFactory.java:525)
	at org.springframework.beans.factory.support.AbstractBeanFactory.lambda$doGetBean$0(AbstractBeanFactory.java:333)
	at org.springframework.beans.factory.support.DefaultSingletonBeanRegistry.getSingleton(DefaultSingletonBeanRegistry.java:371)
	at org.springframework.beans.factory.support.AbstractBeanFactory.doGetBean(AbstractBeanFactory.java:331)
	at org.springframework.beans.factory.support.AbstractBeanFactory.getBean(AbstractBeanFactory.java:201)
	at org.springframework.beans.factory.support.BeanDefinitionValueResolver.resolveReference(BeanDefinitionValueResolver.java:356)
	at org.springframework.beans.factory.support.BeanDefinitionValueResolver.resolveValueIfNecessary(BeanDefinitionValueResolver.java:135)
	at org.springframework.beans.factory.support.AbstractAutowireCapableBeanFactory.applyPropertyValues(AbstractAutowireCapableBeanFactory.java:1712)
	at org.springframework.beans.factory.support.AbstractAutowireCapableBeanFactory.populateBean(AbstractAutowireCapableBeanFactory.java:1461)
	at org.springframework.beans.factory.support.AbstractAutowireCapableBeanFactory.doCreateBean(AbstractAutowireCapableBeanFactory.java:602)
	at org.springframework.beans.factory.support.AbstractAutowireCapableBeanFactory.createBean(AbstractAutowireCapableBeanFactory.java:525)
	at org.springframework.beans.factory.support.AbstractBeanFactory.lambda$doGetBean$0(AbstractBeanFactory.java:333)
	at org.springframework.beans.factory.support.DefaultSingletonBeanRegistry.getSingleton(DefaultSingletonBeanRegistry.java:371)
	at org.springframework.beans.factory.support.AbstractBeanFactory.doGetBean(AbstractBeanFactory.java:331)
	at org.springframework.beans.factory.support.AbstractBeanFactory.getBean(AbstractBeanFactory.java:201)
	at org.springframework.beans.factory.support.DefaultListableBeanFactory.resolveBean(DefaultListableBeanFactory.java:1225)
	at org.springframework.beans.factory.support.DefaultListableBeanFactory.doResolveDependency(DefaultListableBeanFactory.java:1704)
	at org.springframework.beans.factory.support.DefaultListableBeanFactory.resolveDependency(DefaultListableBeanFactory.java:1651)
	at org.springframework.beans.factory.support.ConstructorResolver.resolveAutowiredArgument(ConstructorResolver.java:912)
	at org.springframework.beans.factory.support.ConstructorResolver.createArgumentArray(ConstructorResolver.java:791)
	at org.springframework.beans.factory.support.ConstructorResolver.autowireConstructor(ConstructorResolver.java:240)
	at org.springframework.beans.factory.support.AbstractAutowireCapableBeanFactory.autowireConstructor(AbstractAutowireCapableBeanFactory.java:1382)
	at org.springframework.beans.factory.support.AbstractAutowireCapableBeanFactory.createBeanInstance(AbstractAutowireCapableBeanFactory.java:1221)
	at org.springframework.beans.factory.support.AbstractAutowireCapableBeanFactory.doCreateBean(AbstractAutowireCapableBeanFactory.java:565)
	at org.springframework.beans.factory.support.AbstractAutowireCapableBeanFactory.createBean(AbstractAutowireCapableBeanFactory.java:525)
	at org.springframework.beans.factory.support.AbstractBeanFactory.lambda$doGetBean$0(AbstractBeanFactory.java:333)
	at org.springframework.beans.factory.support.DefaultSingletonBeanRegistry.getSingleton(DefaultSingletonBeanRegistry.java:371)
	at org.springframework.beans.factory.support.AbstractBeanFactory.doGetBean(AbstractBeanFactory.java:331)
	at org.springframework.beans.factory.support.AbstractBeanFactory.getBean(AbstractBeanFactory.java:201)
	at org.springframework.beans.factory.config.DependencyDescriptor.resolveCandidate(DependencyDescriptor.java:229)
	at org.springframework.beans.factory.support.DefaultListableBeanFactory.doResolveDependency(DefaultListableBeanFactory.java:1762)
	at org.springframework.beans.factory.support.DefaultListableBeanFactory.resolveDependency(DefaultListableBeanFactory.java:1651)
	at org.springframework.beans.factory.support.ConstructorResolver.resolveAutowiredArgument(ConstructorResolver.java:912)
	at org.springframework.beans.factory.support.ConstructorResolver.createArgumentArray(ConstructorResolver.java:791)
	at org.springframework.beans.factory.support.ConstructorResolver.autowireConstructor(ConstructorResolver.java:240)
	at org.springframework.beans.factory.support.AbstractAutowireCapableBeanFactory.autowireConstructor(AbstractAutowireCapableBeanFactory.java:1382)
	at org.springframework.beans.factory.support.AbstractAutowireCapableBeanFactory.createBeanInstance(AbstractAutowireCapableBeanFactory.java:1221)
	at org.springframework.beans.factory.support.AbstractAutowireCapableBeanFactory.doCreateBean(AbstractAutowireCapableBeanFactory.java:565)
	at org.springframework.beans.factory.support.AbstractAutowireCapableBeanFactory.createBean(AbstractAutowireCapableBeanFactory.java:525)
	at org.springframework.beans.factory.support.AbstractBeanFactory.lambda$doGetBean$0(AbstractBeanFactory.java:333)
	at org.springframework.beans.factory.support.DefaultSingletonBeanRegistry.getSingleton(DefaultSingletonBeanRegistry.java:371)
	at org.springframework.beans.factory.support.AbstractBeanFactory.doGetBean(AbstractBeanFactory.java:331)
	at org.springframework.beans.factory.support.AbstractBeanFactory.getBean(AbstractBeanFactory.java:201)
	at org.springframework.boot.web.servlet.ServletContextInitializerBeans.getOrderedBeansOfType(ServletContextInitializerBeans.java:231)
	at org.springframework.boot.web.servlet.ServletContextInitializerBeans.addAsRegistrationBean(ServletContextInitializerBeans.java:185)
	at org.springframework.boot.web.servlet.ServletContextInitializerBeans.addAsRegistrationBean(ServletContextInitializerBeans.java:180)
	at org.springframework.boot.web.servlet.ServletContextInitializerBeans.addAdaptableBeans(ServletContextInitializerBeans.java:165)
	at org.springframework.boot.web.servlet.ServletContextInitializerBeans.<init>(ServletContextInitializerBeans.java:97)
	at org.springframework.boot.web.context.servlet.WebApplicationContextInitializer.initialize(WebApplicationContextInitializer.java:53)
	at org.springframework.boot.tomcat.servlet.DeferredServletContainerInitializers.onStartup(DeferredServletContainerInitializers.java:55)
	at org.apache.catalina.core.StandardContext.startInternal(StandardContext.java:4416)
	at org.apache.catalina.util.LifecycleBase.start(LifecycleBase.java:164)
	at org.apache.catalina.core.ContainerBase$StartChild.call(ContainerBase.java:1162)
	at org.apache.catalina.core.ContainerBase$StartChild.call(ContainerBase.java:1158)
	at java.base/java.util.concurrent.FutureTask.run(FutureTask.java:317)
	at org.apache.tomcat.util.threads.InlineExecutorService.execute(InlineExecutorService.java:81)
	at java.base/java.util.concurrent.AbstractExecutorService.submit(AbstractExecutorService.java:145)
	at org.apache.catalina.core.ContainerBase.startInternal(ContainerBase.java:714)
	at org.apache.catalina.core.StandardHost.startInternal(StandardHost.java:780)
	at org.apache.catalina.util.LifecycleBase.start(LifecycleBase.java:164)
	at org.apache.catalina.core.ContainerBase$StartChild.call(ContainerBase.java:1162)
	at org.apache.catalina.core.ContainerBase$StartChild.call(ContainerBase.java:1158)
	at java.base/java.util.concurrent.FutureTask.run(FutureTask.java:317)
	at org.apache.tomcat.util.threads.InlineExecutorService.execute(InlineExecutorService.java:81)
	at java.base/java.util.concurrent.AbstractExecutorService.submit(AbstractExecutorService.java:145)
	at org.apache.catalina.core.ContainerBase.startInternal(ContainerBase.java:714)
	at org.apache.catalina.core.StandardEngine.startInternal(StandardEngine.java:201)
	at org.apache.catalina.util.LifecycleBase.start(LifecycleBase.java:164)
	at org.apache.catalina.core.StandardService.startInternal(StandardService.java:410)
	at org.apache.catalina.util.LifecycleBase.start(LifecycleBase.java:164)
	at org.apache.catalina.core.StandardServer.startInternal(StandardServer.java:864)
	at org.apache.catalina.util.LifecycleBase.start(LifecycleBase.java:164)
	at org.apache.catalina.startup.Tomcat.start(Tomcat.java:435)
	at org.springframework.boot.tomcat.TomcatWebServer.initialize(TomcatWebServer.java:131)
	at org.springframework.boot.tomcat.TomcatWebServer.<init>(TomcatWebServer.java:110)
	at org.springframework.boot.tomcat.servlet.TomcatServletWebServerFactory.getTomcatWebServer(TomcatServletWebServerFactory.java:408)
	at org.springframework.boot.tomcat.servlet.TomcatServletWebServerFactory.getWebServer(TomcatServletWebServerFactory.java:166)
	at org.springframework.boot.web.server.servlet.context.ServletWebServerApplicationContext.createWebServer(ServletWebServerApplicationContext.java:190)
	at org.springframework.boot.web.server.servlet.context.ServletWebServerApplicationContext.onRefresh(ServletWebServerApplicationContext.java:164)
	at org.springframework.context.support.AbstractApplicationContext.refresh(AbstractApplicationContext.java:615)
	at org.springframework.boot.web.server.servlet.context.ServletWebServerApplicationContext.refresh(ServletWebServerApplicationContext.java:143)
	at org.springframework.boot.SpringApplication.refresh(SpringApplication.java:756)
	at org.springframework.boot.SpringApplication.refreshContext(SpringApplication.java:445)
	at org.springframework.boot.SpringApplication.run(SpringApplication.java:321)
	at org.springframework.boot.SpringApplication.run(SpringApplication.java:1365)
	at org.springframework.boot.SpringApplication.run(SpringApplication.java:1354)
	at com.spring.boot.super30.backend.BackendApplication.main(BackendApplication.java:10)
Caused by: org.postgresql.util.PSQLException: FATAL: password authentication failed for user "postgres"
	at org.postgresql.core.v3.ConnectionFactoryImpl.doAuthentication(ConnectionFactoryImpl.java:778)
	at org.postgresql.core.v3.ConnectionFactoryImpl.tryConnect(ConnectionFactoryImpl.java:234)
	at org.postgresql.core.v3.ConnectionFactoryImpl.openConnectionImpl(ConnectionFactoryImpl.java:289)
	at org.postgresql.core.ConnectionFactory.openConnection(ConnectionFactory.java:57)
	at org.postgresql.jdbc.PgConnection.<init>(PgConnection.java:290)
	at org.postgresql.Driver.makeConnection(Driver.java:448)
	at org.postgresql.Driver.connect(Driver.java:298)
	at com.zaxxer.hikari.util.DriverDataSource.getConnection(DriverDataSource.java:144)
	at com.zaxxer.hikari.pool.PoolBase.newConnection(PoolBase.java:373)
	at com.zaxxer.hikari.pool.PoolBase.newPoolEntry(PoolBase.java:210)
	at com.zaxxer.hikari.pool.HikariPool.createPoolEntry(HikariPool.java:488)
	at com.zaxxer.hikari.pool.HikariPool.checkFailFast(HikariPool.java:576)
	at com.zaxxer.hikari.pool.HikariPool.<init>(HikariPool.java:97)
	at com.zaxxer.hikari.HikariDataSource.getConnection(HikariDataSource.java:111)
	at org.hibernate.engine.jdbc.connections.internal.DataSourceConnectionProvider.getConnection(DataSourceConnectionProvider.java:137)
	at org.hibernate.engine.jdbc.env.internal.JdbcEnvironmentInitiator$ConnectionProviderJdbcConnectionAccess.obtainConnection(JdbcEnvironmentInitiator.java:508)
	at org.hibernate.resource.transaction.backend.jdbc.internal.JdbcIsolationDelegate.delegateWork(JdbcIsolationDelegate.java:48)
	... 122 common frames omitted
2026-05-02 16:44:47,500 WARN o.h.e.j.d.i.DialectFactoryImpl [main] HHH90000025: PostgreSQLDialect does not need to be specified explicitly using 'hibernate.dialect' (remove the property setting and it will be selected by default)
2026-05-02 16:44:47,515 INFO o.h.e.j.e.i.JdbcEnvironmentInitiator [main] HHH10001005: Database info:
	Database JDBC URL [undefined/unknown]
	Database driver: undefined/unknown
	Database dialect: PostgreSQLDialect
	Database version: 13.0
	Default catalog/schema: unknown/unknown
	Autocommit mode: undefined/unknown
	Isolation level: NONE [default NONE]
	JDBC fetch size: undefined/unknown
	Pool: DataSourceConnectionProvider
	Minimum pool size: undefined/unknown
	Maximum pool size: undefined/unknown
2026-05-02 16:44:49,141 INFO o.h.e.t.j.p.i.JtaPlatformInitiator [main] HHH000489: No JTA platform available (set 'hibernate.transaction.jta.platform' to enable JTA platform integration)
2026-05-02 16:44:49,168 INFO c.z.h.HikariDataSource [main] HikariPool-1 - Starting...
2026-05-02 16:44:50,245 WARN o.h.e.j.s.SqlExceptionHelper [main] HHH000247: ErrorCode: 0, SQLState: 28P01
2026-05-02 16:44:50,247 WARN o.h.e.j.s.SqlExceptionHelper [main] FATAL: password authentication failed for user "postgres"
2026-05-02 16:44:50,254 ERROR o.s.o.j.AbstractEntityManagerFactoryBean [main] Failed to initialize JPA EntityManagerFactory: Unable to build Hibernate SessionFactory  [persistence unit: default] ; nested exception is org.hibernate.exception.AuthException: Unable to open JDBC Connection for DDL execution [FATAL: password authentication failed for user "postgres"] [n/a]
2026-05-02 16:44:50,260 ERROR o.s.b.t.s.DeferredServletContainerInitializers [main] Error starting Tomcat context. Exception: org.springframework.beans.factory.UnsatisfiedDependencyException. Message: Error creating bean with name 'jwtAuthenticationFilter' defined in file [C:\Projects\prescribe\backend\target\classes\com\spring\boot\super30\backend\security\jwt\JwtAuthenticationFilter.class]: Unsatisfied dependency expressed through constructor parameter 1: Error creating bean with name 'customUserDetailsService' defined in file [C:\Projects\prescribe\backend\target\classes\com\spring\boot\super30\backend\security\service\CustomUserDetailsService.class]: Unsatisfied dependency expressed through constructor parameter 0: Error creating bean with name 'userRepository' defined in com.spring.boot.super30.backend.shared.repository.UserRepository defined in @EnableJpaRepositories declared on DataJpaRepositoriesRegistrar.EnableJpaRepositoriesConfiguration: Cannot resolve reference to bean 'jpaSharedEM_entityManagerFactory' while setting bean property 'entityManager'
2026-05-02 16:44:50,302 INFO o.a.j.l.DirectJDKLog [main] Stopping service [Tomcat]
2026-05-02 16:44:50,307 WARN o.s.c.s.AbstractApplicationContext [main] Exception encountered during context initialization - cancelling refresh attempt: org.springframework.context.ApplicationContextException: Unable to start web server
2026-05-02 16:44:50,318 INFO o.s.b.a.l.ConditionEvaluationReportLogger [main] 

Error starting ApplicationContext. To display the condition evaluation report re-run your application with 'debug' enabled.
2026-05-02 16:44:50,339 ERROR o.s.b.SpringApplication [main] Application run failed
org.springframework.context.ApplicationContextException: Unable to start web server
	at org.springframework.boot.web.server.servlet.context.ServletWebServerApplicationContext.onRefresh(ServletWebServerApplicationContext.java:167)
	at org.springframework.context.support.AbstractApplicationContext.refresh(AbstractApplicationContext.java:615)
	at org.springframework.boot.web.server.servlet.context.ServletWebServerApplicationContext.refresh(ServletWebServerApplicationContext.java:143)
	at org.springframework.boot.SpringApplication.refresh(SpringApplication.java:756)
	at org.springframework.boot.SpringApplication.refreshContext(SpringApplication.java:445)
	at org.springframework.boot.SpringApplication.run(SpringApplication.java:321)
	at org.springframework.boot.SpringApplication.run(SpringApplication.java:1365)
	at org.springframework.boot.SpringApplication.run(SpringApplication.java:1354)
	at com.spring.boot.super30.backend.BackendApplication.main(BackendApplication.java:10)
Caused by: org.springframework.boot.web.server.WebServerException: Unable to start embedded Tomcat
	at org.springframework.boot.tomcat.TomcatWebServer.initialize(TomcatWebServer.java:150)
	at org.springframework.boot.tomcat.TomcatWebServer.<init>(TomcatWebServer.java:110)
	at org.springframework.boot.tomcat.servlet.TomcatServletWebServerFactory.getTomcatWebServer(TomcatServletWebServerFactory.java:408)
	at org.springframework.boot.tomcat.servlet.TomcatServletWebServerFactory.getWebServer(TomcatServletWebServerFactory.java:166)
	at org.springframework.boot.web.server.servlet.context.ServletWebServerApplicationContext.createWebServer(ServletWebServerApplicationContext.java:190)
	at org.springframework.boot.web.server.servlet.context.ServletWebServerApplicationContext.onRefresh(ServletWebServerApplicationContext.java:164)
	... 8 common frames omitted
Caused by: org.springframework.beans.factory.UnsatisfiedDependencyException: Error creating bean with name 'jwtAuthenticationFilter' defined in file [C:\Projects\prescribe\backend\target\classes\com\spring\boot\super30\backend\security\jwt\JwtAuthenticationFilter.class]: Unsatisfied dependency expressed through constructor parameter 1: Error creating bean with name 'customUserDetailsService' defined in file [C:\Projects\prescribe\backend\target\classes\com\spring\boot\super30\backend\security\service\CustomUserDetailsService.class]: Unsatisfied dependency expressed through constructor parameter 0: Error creating bean with name 'userRepository' defined in com.spring.boot.super30.backend.shared.repository.UserRepository defined in @EnableJpaRepositories declared on DataJpaRepositoriesRegistrar.EnableJpaRepositoriesConfiguration: Cannot resolve reference to bean 'jpaSharedEM_entityManagerFactory' while setting bean property 'entityManager'
	at org.springframework.beans.factory.support.ConstructorResolver.createArgumentArray(ConstructorResolver.java:804)
	at org.springframework.beans.factory.support.ConstructorResolver.autowireConstructor(ConstructorResolver.java:240)
	at org.springframework.beans.factory.support.AbstractAutowireCapableBeanFactory.autowireConstructor(AbstractAutowireCapableBeanFactory.java:1382)
	at org.springframework.beans.factory.support.AbstractAutowireCapableBeanFactory.createBeanInstance(AbstractAutowireCapableBeanFactory.java:1221)
	at org.springframework.beans.factory.support.AbstractAutowireCapableBeanFactory.doCreateBean(AbstractAutowireCapableBeanFactory.java:565)
	at org.springframework.beans.factory.support.AbstractAutowireCapableBeanFactory.createBean(AbstractAutowireCapableBeanFactory.java:525)
	at org.springframework.beans.factory.support.AbstractBeanFactory.lambda$doGetBean$0(AbstractBeanFactory.java:333)
	at org.springframework.beans.factory.support.DefaultSingletonBeanRegistry.getSingleton(DefaultSingletonBeanRegistry.java:371)
	at org.springframework.beans.factory.support.AbstractBeanFactory.doGetBean(AbstractBeanFactory.java:331)
	at org.springframework.beans.factory.support.AbstractBeanFactory.getBean(AbstractBeanFactory.java:201)
	at org.springframework.boot.web.servlet.ServletContextInitializerBeans.getOrderedBeansOfType(ServletContextInitializerBeans.java:231)
	at org.springframework.boot.web.servlet.ServletContextInitializerBeans.addAsRegistrationBean(ServletContextInitializerBeans.java:185)
	at org.springframework.boot.web.servlet.ServletContextInitializerBeans.addAsRegistrationBean(ServletContextInitializerBeans.java:180)
	at org.springframework.boot.web.servlet.ServletContextInitializerBeans.addAdaptableBeans(ServletContextInitializerBeans.java:165)
	at org.springframework.boot.web.servlet.ServletContextInitializerBeans.<init>(ServletContextInitializerBeans.java:97)
	at org.springframework.boot.web.context.servlet.WebApplicationContextInitializer.initialize(WebApplicationContextInitializer.java:53)
	at org.springframework.boot.tomcat.servlet.DeferredServletContainerInitializers.onStartup(DeferredServletContainerInitializers.java:55)
	at org.apache.catalina.core.StandardContext.startInternal(StandardContext.java:4416)
	at org.apache.catalina.util.LifecycleBase.start(LifecycleBase.java:164)
	at org.apache.catalina.core.ContainerBase$StartChild.call(ContainerBase.java:1162)
	at org.apache.catalina.core.ContainerBase$StartChild.call(ContainerBase.java:1158)
	at java.base/java.util.concurrent.FutureTask.run(FutureTask.java:317)
	at org.apache.tomcat.util.threads.InlineExecutorService.execute(InlineExecutorService.java:81)
	at java.base/java.util.concurrent.AbstractExecutorService.submit(AbstractExecutorService.java:145)
	at org.apache.catalina.core.ContainerBase.startInternal(ContainerBase.java:714)
	at org.apache.catalina.core.StandardHost.startInternal(StandardHost.java:780)
	at org.apache.catalina.util.LifecycleBase.start(LifecycleBase.java:164)
	at org.apache.catalina.core.ContainerBase$StartChild.call(ContainerBase.java:1162)
	at org.apache.catalina.core.ContainerBase$StartChild.call(ContainerBase.java:1158)
	at java.base/java.util.concurrent.FutureTask.run(FutureTask.java:317)
	at org.apache.tomcat.util.threads.InlineExecutorService.execute(InlineExecutorService.java:81)
	at java.base/java.util.concurrent.AbstractExecutorService.submit(AbstractExecutorService.java:145)
	at org.apache.catalina.core.ContainerBase.startInternal(ContainerBase.java:714)
	at org.apache.catalina.core.StandardEngine.startInternal(StandardEngine.java:201)
	at org.apache.catalina.util.LifecycleBase.start(LifecycleBase.java:164)
	at org.apache.catalina.core.StandardService.startInternal(StandardService.java:410)
	at org.apache.catalina.util.LifecycleBase.start(LifecycleBase.java:164)
	at org.apache.catalina.core.StandardServer.startInternal(StandardServer.java:864)
	at org.apache.catalina.util.LifecycleBase.start(LifecycleBase.java:164)
	at org.apache.catalina.startup.Tomcat.start(Tomcat.java:435)
	at org.springframework.boot.tomcat.TomcatWebServer.initialize(TomcatWebServer.java:131)
	... 13 common frames omitted
Caused by: org.springframework.beans.factory.UnsatisfiedDependencyException: Error creating bean with name 'customUserDetailsService' defined in file [C:\Projects\prescribe\backend\target\classes\com\spring\boot\super30\backend\security\service\CustomUserDetailsService.class]: Unsatisfied dependency expressed through constructor parameter 0: Error creating bean with name 'userRepository' defined in com.spring.boot.super30.backend.shared.repository.UserRepository defined in @EnableJpaRepositories declared on DataJpaRepositoriesRegistrar.EnableJpaRepositoriesConfiguration: Cannot resolve reference to bean 'jpaSharedEM_entityManagerFactory' while setting bean property 'entityManager'
	at org.springframework.beans.factory.support.ConstructorResolver.createArgumentArray(ConstructorResolver.java:804)
	at org.springframework.beans.factory.support.ConstructorResolver.autowireConstructor(ConstructorResolver.java:240)
	at org.springframework.beans.factory.support.AbstractAutowireCapableBeanFactory.autowireConstructor(AbstractAutowireCapableBeanFactory.java:1382)
	at org.springframework.beans.factory.support.AbstractAutowireCapableBeanFactory.createBeanInstance(AbstractAutowireCapableBeanFactory.java:1221)
	at org.springframework.beans.factory.support.AbstractAutowireCapableBeanFactory.doCreateBean(AbstractAutowireCapableBeanFactory.java:565)
	at org.springframework.beans.factory.support.AbstractAutowireCapableBeanFactory.createBean(AbstractAutowireCapableBeanFactory.java:525)
	at org.springframework.beans.factory.support.AbstractBeanFactory.lambda$doGetBean$0(AbstractBeanFactory.java:333)
	at org.springframework.beans.factory.support.DefaultSingletonBeanRegistry.getSingleton(DefaultSingletonBeanRegistry.java:371)
	at org.springframework.beans.factory.support.AbstractBeanFactory.doGetBean(AbstractBeanFactory.java:331)
	at org.springframework.beans.factory.support.AbstractBeanFactory.getBean(AbstractBeanFactory.java:201)
	at org.springframework.beans.factory.config.DependencyDescriptor.resolveCandidate(DependencyDescriptor.java:229)
	at org.springframework.beans.factory.support.DefaultListableBeanFactory.doResolveDependency(DefaultListableBeanFactory.java:1762)
	at org.springframework.beans.factory.support.DefaultListableBeanFactory.resolveDependency(DefaultListableBeanFactory.java:1651)
	at org.springframework.beans.factory.support.ConstructorResolver.resolveAutowiredArgument(ConstructorResolver.java:912)
	at org.springframework.beans.factory.support.ConstructorResolver.createArgumentArray(ConstructorResolver.java:791)
	... 53 common frames omitted
Caused by: org.springframework.beans.factory.BeanCreationException: Error creating bean with name 'userRepository' defined in com.spring.boot.super30.backend.shared.repository.UserRepository defined in @EnableJpaRepositories declared on DataJpaRepositoriesRegistrar.EnableJpaRepositoriesConfiguration: Cannot resolve reference to bean 'jpaSharedEM_entityManagerFactory' while setting bean property 'entityManager'
	at org.springframework.beans.factory.support.BeanDefinitionValueResolver.resolveReference(BeanDefinitionValueResolver.java:377)
	at org.springframework.beans.factory.support.BeanDefinitionValueResolver.resolveValueIfNecessary(BeanDefinitionValueResolver.java:135)
	at org.springframework.beans.factory.support.AbstractAutowireCapableBeanFactory.applyPropertyValues(AbstractAutowireCapableBeanFactory.java:1712)
	at org.springframework.beans.factory.support.AbstractAutowireCapableBeanFactory.populateBean(AbstractAutowireCapableBeanFactory.java:1461)
	at org.springframework.beans.factory.support.AbstractAutowireCapableBeanFactory.doCreateBean(AbstractAutowireCapableBeanFactory.java:602)
	at org.springframework.beans.factory.support.AbstractAutowireCapableBeanFactory.createBean(AbstractAutowireCapableBeanFactory.java:525)
	at org.springframework.beans.factory.support.AbstractBeanFactory.lambda$doGetBean$0(AbstractBeanFactory.java:333)
	at org.springframework.beans.factory.support.DefaultSingletonBeanRegistry.getSingleton(DefaultSingletonBeanRegistry.java:371)
	at org.springframework.beans.factory.support.AbstractBeanFactory.doGetBean(AbstractBeanFactory.java:331)
	at org.springframework.beans.factory.support.AbstractBeanFactory.getBean(AbstractBeanFactory.java:201)
	at org.springframework.beans.factory.support.DefaultListableBeanFactory.resolveBean(DefaultListableBeanFactory.java:1225)
	at org.springframework.beans.factory.support.DefaultListableBeanFactory.doResolveDependency(DefaultListableBeanFactory.java:1704)
	at org.springframework.beans.factory.support.DefaultListableBeanFactory.resolveDependency(DefaultListableBeanFactory.java:1651)
	at org.springframework.beans.factory.support.ConstructorResolver.resolveAutowiredArgument(ConstructorResolver.java:912)
	at org.springframework.beans.factory.support.ConstructorResolver.createArgumentArray(ConstructorResolver.java:791)
	... 67 common frames omitted
Caused by: org.springframework.beans.factory.BeanCreationException: Error creating bean with name 'jpaSharedEM_entityManagerFactory': Cannot resolve reference to bean 'entityManagerFactory' while setting constructor argument
	at org.springframework.beans.factory.support.BeanDefinitionValueResolver.resolveReference(BeanDefinitionValueResolver.java:377)
	at org.springframework.beans.factory.support.BeanDefinitionValueResolver.resolveValueIfNecessary(BeanDefinitionValueResolver.java:135)
	at org.springframework.beans.factory.support.ConstructorResolver.resolveConstructorArguments(ConstructorResolver.java:691)
	at org.springframework.beans.factory.support.ConstructorResolver.instantiateUsingFactoryMethod(ConstructorResolver.java:513)
	at org.springframework.beans.factory.support.AbstractAutowireCapableBeanFactory.instantiateUsingFactoryMethod(AbstractAutowireCapableBeanFactory.java:1362)
	at org.springframework.beans.factory.support.AbstractAutowireCapableBeanFactory.createBeanInstance(AbstractAutowireCapableBeanFactory.java:1194)
	at org.springframework.beans.factory.support.AbstractAutowireCapableBeanFactory.doCreateBean(AbstractAutowireCapableBeanFactory.java:565)
	at org.springframework.beans.factory.support.AbstractAutowireCapableBeanFactory.createBean(AbstractAutowireCapableBeanFactory.java:525)
	at org.springframework.beans.factory.support.AbstractBeanFactory.lambda$doGetBean$0(AbstractBeanFactory.java:333)
	at org.springframework.beans.factory.support.DefaultSingletonBeanRegistry.getSingleton(DefaultSingletonBeanRegistry.java:371)
	at org.springframework.beans.factory.support.AbstractBeanFactory.doGetBean(AbstractBeanFactory.java:331)
	at org.springframework.beans.factory.support.AbstractBeanFactory.getBean(AbstractBeanFactory.java:201)
	at org.springframework.beans.factory.support.BeanDefinitionValueResolver.resolveReference(BeanDefinitionValueResolver.java:356)
	... 81 common frames omitted
Caused by: org.springframework.beans.factory.BeanCreationException: Error creating bean with name 'entityManagerFactory' defined in class path resource [org/springframework/boot/hibernate/autoconfigure/HibernateJpaConfiguration.class]: Unable to build Hibernate SessionFactory  [persistence unit: default] ; nested exception is org.hibernate.exception.AuthException: Unable to open JDBC Connection for DDL execution [FATAL: password authentication failed for user "postgres"] [n/a]
	at org.springframework.beans.factory.support.AbstractAutowireCapableBeanFactory.initializeBean(AbstractAutowireCapableBeanFactory.java:1817)
	at org.springframework.beans.factory.support.AbstractAutowireCapableBeanFactory.doCreateBean(AbstractAutowireCapableBeanFactory.java:603)
	at org.springframework.beans.factory.support.AbstractAutowireCapableBeanFactory.createBean(AbstractAutowireCapableBeanFactory.java:525)
	at org.springframework.beans.factory.support.AbstractBeanFactory.lambda$doGetBean$0(AbstractBeanFactory.java:333)
	at org.springframework.beans.factory.support.DefaultSingletonBeanRegistry.getSingleton(DefaultSingletonBeanRegistry.java:371)
	at org.springframework.beans.factory.support.AbstractBeanFactory.doGetBean(AbstractBeanFactory.java:331)
	at org.springframework.beans.factory.support.AbstractBeanFactory.getBean(AbstractBeanFactory.java:196)
	at org.springframework.beans.factory.support.BeanDefinitionValueResolver.resolveReference(BeanDefinitionValueResolver.java:365)
	... 93 common frames omitted
Caused by: jakarta.persistence.PersistenceException: Unable to build Hibernate SessionFactory  [persistence unit: default] ; nested exception is org.hibernate.exception.AuthException: Unable to open JDBC Connection for DDL execution [FATAL: password authentication failed for user "postgres"] [n/a]
	at org.springframework.orm.jpa.AbstractEntityManagerFactoryBean.buildNativeEntityManagerFactory(AbstractEntityManagerFactoryBean.java:448)
	at org.springframework.orm.jpa.AbstractEntityManagerFactoryBean.afterPropertiesSet(AbstractEntityManagerFactoryBean.java:411)
	at org.springframework.orm.jpa.LocalContainerEntityManagerFactoryBean.afterPropertiesSet(LocalContainerEntityManagerFactoryBean.java:419)
	at org.springframework.beans.factory.support.AbstractAutowireCapableBeanFactory.invokeInitMethods(AbstractAutowireCapableBeanFactory.java:1864)
	at org.springframework.beans.factory.support.AbstractAutowireCapableBeanFactory.initializeBean(AbstractAutowireCapableBeanFactory.java:1813)
	... 100 common frames omitted
Caused by: org.hibernate.exception.AuthException: Unable to open JDBC Connection for DDL execution [FATAL: password authentication failed for user "postgres"] [n/a]
	at org.hibernate.exception.internal.SQLStateConversionDelegate.convert(SQLStateConversionDelegate.java:87)
	at org.hibernate.exception.internal.StandardSQLExceptionConverter.convert(StandardSQLExceptionConverter.java:34)
	at org.hibernate.engine.jdbc.spi.SqlExceptionHelper.convert(SqlExceptionHelper.java:115)
	at org.hibernate.engine.jdbc.spi.SqlExceptionHelper.convert(SqlExceptionHelper.java:101)
	at org.hibernate.resource.transaction.backend.jdbc.internal.DdlTransactionIsolatorNonJtaImpl.getIsolatedConnection(DdlTransactionIsolatorNonJtaImpl.java:71)
	at org.hibernate.resource.transaction.backend.jdbc.internal.DdlTransactionIsolatorNonJtaImpl.getIsolatedConnection(DdlTransactionIsolatorNonJtaImpl.java:37)
	at org.hibernate.tool.schema.internal.exec.ImprovedExtractionContextImpl.getJdbcConnection(ImprovedExtractionContextImpl.java:61)
	at org.hibernate.tool.schema.extract.spi.ExtractionContext.getQueryResults(ExtractionContext.java:41)
	at org.hibernate.tool.schema.extract.internal.SequenceInformationExtractorLegacyImpl.extractMetadata(SequenceInformationExtractorLegacyImpl.java:36)
	at org.hibernate.tool.schema.extract.internal.DatabaseInformationImpl.initializeSequences(DatabaseInformationImpl.java:73)
	at org.hibernate.tool.schema.extract.internal.DatabaseInformationImpl.<init>(DatabaseInformationImpl.java:63)
	at org.hibernate.tool.schema.extract.internal.CachingDatabaseInformationImpl.<init>(CachingDatabaseInformationImpl.java:43)
	at org.hibernate.tool.schema.internal.GroupedSchemaMigratorImpl.buildDatabaseInformation(GroupedSchemaMigratorImpl.java:112)
	at org.hibernate.tool.schema.internal.AbstractSchemaMigrator.doMigration(AbstractSchemaMigrator.java:83)
	at org.hibernate.tool.schema.spi.SchemaManagementToolCoordinator.performDatabaseAction(SchemaManagementToolCoordinator.java:269)
	at org.hibernate.tool.schema.spi.SchemaManagementToolCoordinator.lambda$process$1(SchemaManagementToolCoordinator.java:101)
	at java.base/java.util.HashMap.forEach(HashMap.java:1429)
	at org.hibernate.tool.schema.spi.SchemaManagementToolCoordinator.process(SchemaManagementToolCoordinator.java:100)
	at org.hibernate.boot.internal.SessionFactoryObserverForSchemaExport.sessionFactoryCreated(SessionFactoryObserverForSchemaExport.java:35)
	at org.hibernate.internal.SessionFactoryObserverChain.sessionFactoryCreated(SessionFactoryObserverChain.java:33)
	at org.hibernate.internal.SessionFactoryImpl.<init>(SessionFactoryImpl.java:323)
	at org.hibernate.internal.SessionFactoryRegistry.instantiateSessionFactory(SessionFactoryRegistry.java:64)
	at org.hibernate.boot.internal.SessionFactoryBuilderImpl.build(SessionFactoryBuilderImpl.java:437)
	at org.hibernate.jpa.boot.internal.EntityManagerFactoryBuilderImpl.build(EntityManagerFactoryBuilderImpl.java:1456)
	at org.springframework.orm.jpa.vendor.SpringHibernateJpaPersistenceProvider.createContainerEntityManagerFactory(SpringHibernateJpaPersistenceProvider.java:93)
	at org.springframework.orm.jpa.LocalContainerEntityManagerFactoryBean.createNativeEntityManagerFactory(LocalContainerEntityManagerFactoryBean.java:443)
	at org.springframework.orm.jpa.AbstractEntityManagerFactoryBean.buildNativeEntityManagerFactory(AbstractEntityManagerFactoryBean.java:436)
	... 104 common frames omitted
Caused by: org.postgresql.util.PSQLException: FATAL: password authentication failed for user "postgres"
	at org.postgresql.core.v3.ConnectionFactoryImpl.doAuthentication(ConnectionFactoryImpl.java:778)
	at org.postgresql.core.v3.ConnectionFactoryImpl.tryConnect(ConnectionFactoryImpl.java:234)
	at org.postgresql.core.v3.ConnectionFactoryImpl.openConnectionImpl(ConnectionFactoryImpl.java:289)
	at org.postgresql.core.ConnectionFactory.openConnection(ConnectionFactory.java:57)
	at org.postgresql.jdbc.PgConnection.<init>(PgConnection.java:290)
	at org.postgresql.Driver.makeConnection(Driver.java:448)
	at org.postgresql.Driver.connect(Driver.java:298)
	at com.zaxxer.hikari.util.DriverDataSource.getConnection(DriverDataSource.java:144)
	at com.zaxxer.hikari.pool.PoolBase.newConnection(PoolBase.java:373)
	at com.zaxxer.hikari.pool.PoolBase.newPoolEntry(PoolBase.java:210)
	at com.zaxxer.hikari.pool.HikariPool.createPoolEntry(HikariPool.java:488)
	at com.zaxxer.hikari.pool.HikariPool.checkFailFast(HikariPool.java:576)
	at com.zaxxer.hikari.pool.HikariPool.<init>(HikariPool.java:97)
	at com.zaxxer.hikari.HikariDataSource.getConnection(HikariDataSource.java:111)
	at org.hibernate.engine.jdbc.connections.internal.DataSourceConnectionProvider.getConnection(DataSourceConnectionProvider.java:137)
	at org.hibernate.engine.jdbc.env.internal.JdbcEnvironmentInitiator$ConnectionProviderJdbcConnectionAccess.obtainConnection(JdbcEnvironmentInitiator.java:508)
	at org.hibernate.resource.transaction.backend.jdbc.internal.DdlTransactionIsolatorNonJtaImpl.getIsolatedConnection(DdlTransactionIsolatorNonJtaImpl.java:44)
	... 126 common frames omitted
2026-05-02 16:45:39,655 INFO o.s.b.StartupInfoLogger [main] Starting BackendApplication using Java 21.0.9 with PID 15348 (C:\Projects\prescribe\backend\target\classes started by Pranav in C:\Projects\prescribe\backend)
2026-05-02 16:45:39,658 INFO o.s.b.SpringApplication [main] No active profile set, falling back to 1 default profile: "default"
2026-05-02 16:45:39,911 INFO o.h.v.i.u.Version [background-preinit] HV000001: Hibernate Validator 9.0.1.Final
2026-05-02 16:45:40,603 INFO o.s.d.r.c.RepositoryConfigurationDelegate [main] Bootstrapping Spring Data JPA repositories in DEFAULT mode.
2026-05-02 16:45:40,723 INFO o.s.d.r.c.RepositoryConfigurationDelegate [main] Finished Spring Data repository scanning in 105 ms. Found 10 JPA repository interfaces.
2026-05-02 16:45:41,318 INFO o.s.b.t.TomcatWebServer [main] Tomcat initialized with port 8080 (http)
2026-05-02 16:45:41,332 INFO o.a.j.l.DirectJDKLog [main] Initializing ProtocolHandler ["http-nio-8080"]
2026-05-02 16:45:41,335 INFO o.a.j.l.DirectJDKLog [main] Starting service [Tomcat]
2026-05-02 16:45:41,335 INFO o.a.j.l.DirectJDKLog [main] Starting Servlet engine: [Apache Tomcat/11.0.18]
2026-05-02 16:45:41,430 INFO o.s.b.w.c.s.WebApplicationContextInitializer [main] Root WebApplicationContext: initialization completed in 1719 ms
2026-05-02 16:45:41,591 INFO o.h.j.i.u.LogHelper [main] HHH008540: Processing PersistenceUnitInfo [name: default]
2026-05-02 16:45:41,658 INFO o.h.Version [main] HHH000001: Hibernate ORM core version 7.2.4.Final
2026-05-02 16:45:42,143 INFO o.s.o.j.p.SpringPersistenceUnitInfo [main] No LoadTimeWeaver setup: ignoring JPA class transformer
2026-05-02 16:45:42,183 INFO c.z.h.HikariDataSource [main] HikariPool-1 - Starting...
2026-05-02 16:45:43,352 WARN o.h.e.j.s.SqlExceptionHelper [main] HHH000247: ErrorCode: 0, SQLState: 28P01
2026-05-02 16:45:43,352 WARN o.h.e.j.s.SqlExceptionHelper [main] FATAL: password authentication failed for user "postgres"
2026-05-02 16:45:43,358 WARN o.h.e.j.e.i.JdbcEnvironmentInitiator [main] HHH100046: Could not obtain connection to query JDBC database metadata
org.hibernate.exception.AuthException: Unable to obtain isolated JDBC connection [FATAL: password authentication failed for user "postgres"] [n/a]
	at org.hibernate.exception.internal.SQLStateConversionDelegate.convert(SQLStateConversionDelegate.java:87)
	at org.hibernate.exception.internal.StandardSQLExceptionConverter.convert(StandardSQLExceptionConverter.java:34)
	at org.hibernate.engine.jdbc.spi.SqlExceptionHelper.convert(SqlExceptionHelper.java:115)
	at org.hibernate.engine.jdbc.spi.SqlExceptionHelper.convert(SqlExceptionHelper.java:101)
	at org.hibernate.resource.transaction.backend.jdbc.internal.JdbcIsolationDelegate.delegateWork(JdbcIsolationDelegate.java:51)
	at org.hibernate.engine.jdbc.env.internal.JdbcEnvironmentInitiator.getJdbcEnvironmentUsingJdbcMetadata(JdbcEnvironmentInitiator.java:366)
	at org.hibernate.engine.jdbc.env.internal.JdbcEnvironmentInitiator.getJdbcEnvironment(JdbcEnvironmentInitiator.java:143)
	at org.hibernate.engine.jdbc.env.internal.JdbcEnvironmentInitiator.initiateService(JdbcEnvironmentInitiator.java:120)
	at org.hibernate.engine.jdbc.env.internal.JdbcEnvironmentInitiator.initiateService(JdbcEnvironmentInitiator.java:80)
	at org.hibernate.boot.registry.internal.StandardServiceRegistryImpl.initiateService(StandardServiceRegistryImpl.java:133)
	at org.hibernate.service.internal.AbstractServiceRegistryImpl.createService(AbstractServiceRegistryImpl.java:260)
	at org.hibernate.service.internal.AbstractServiceRegistryImpl.initializeService(AbstractServiceRegistryImpl.java:235)
	at org.hibernate.service.internal.AbstractServiceRegistryImpl.getService(AbstractServiceRegistryImpl.java:212)
	at org.hibernate.boot.model.relational.Database.<init>(Database.java:44)
	at org.hibernate.boot.internal.InFlightMetadataCollectorImpl.getDatabase(InFlightMetadataCollectorImpl.java:251)
	at org.hibernate.boot.internal.InFlightMetadataCollectorImpl.<init>(InFlightMetadataCollectorImpl.java:203)
	at org.hibernate.boot.model.process.spi.MetadataBuildingProcess.complete(MetadataBuildingProcess.java:170)
	at org.hibernate.jpa.boot.internal.EntityManagerFactoryBuilderImpl.metadata(EntityManagerFactoryBuilderImpl.java:1392)
	at org.hibernate.jpa.boot.internal.EntityManagerFactoryBuilderImpl.populateSessionFactoryBuilder(EntityManagerFactoryBuilderImpl.java:1472)
	at org.hibernate.jpa.boot.internal.EntityManagerFactoryBuilderImpl.build(EntityManagerFactoryBuilderImpl.java:1454)
	at org.springframework.orm.jpa.vendor.SpringHibernateJpaPersistenceProvider.createContainerEntityManagerFactory(SpringHibernateJpaPersistenceProvider.java:93)
	at org.springframework.orm.jpa.LocalContainerEntityManagerFactoryBean.createNativeEntityManagerFactory(LocalContainerEntityManagerFactoryBean.java:443)
	at org.springframework.orm.jpa.AbstractEntityManagerFactoryBean.buildNativeEntityManagerFactory(AbstractEntityManagerFactoryBean.java:436)
	at org.springframework.orm.jpa.AbstractEntityManagerFactoryBean.afterPropertiesSet(AbstractEntityManagerFactoryBean.java:411)
	at org.springframework.orm.jpa.LocalContainerEntityManagerFactoryBean.afterPropertiesSet(LocalContainerEntityManagerFactoryBean.java:419)
	at org.springframework.beans.factory.support.AbstractAutowireCapableBeanFactory.invokeInitMethods(AbstractAutowireCapableBeanFactory.java:1864)
	at org.springframework.beans.factory.support.AbstractAutowireCapableBeanFactory.initializeBean(AbstractAutowireCapableBeanFactory.java:1813)
	at org.springframework.beans.factory.support.AbstractAutowireCapableBeanFactory.doCreateBean(AbstractAutowireCapableBeanFactory.java:603)
	at org.springframework.beans.factory.support.AbstractAutowireCapableBeanFactory.createBean(AbstractAutowireCapableBeanFactory.java:525)
	at org.springframework.beans.factory.support.AbstractBeanFactory.lambda$doGetBean$0(AbstractBeanFactory.java:333)
	at org.springframework.beans.factory.support.DefaultSingletonBeanRegistry.getSingleton(DefaultSingletonBeanRegistry.java:371)
	at org.springframework.beans.factory.support.AbstractBeanFactory.doGetBean(AbstractBeanFactory.java:331)
	at org.springframework.beans.factory.support.AbstractBeanFactory.getBean(AbstractBeanFactory.java:196)
	at org.springframework.beans.factory.support.BeanDefinitionValueResolver.resolveReference(BeanDefinitionValueResolver.java:365)
	at org.springframework.beans.factory.support.BeanDefinitionValueResolver.resolveValueIfNecessary(BeanDefinitionValueResolver.java:135)
	at org.springframework.beans.factory.support.ConstructorResolver.resolveConstructorArguments(ConstructorResolver.java:691)
	at org.springframework.beans.factory.support.ConstructorResolver.instantiateUsingFactoryMethod(ConstructorResolver.java:513)
	at org.springframework.beans.factory.support.AbstractAutowireCapableBeanFactory.instantiateUsingFactoryMethod(AbstractAutowireCapableBeanFactory.java:1362)
	at org.springframework.beans.factory.support.AbstractAutowireCapableBeanFactory.createBeanInstance(AbstractAutowireCapableBeanFactory.java:1194)
	at org.springframework.beans.factory.support.AbstractAutowireCapableBeanFactory.doCreateBean(AbstractAutowireCapableBeanFactory.java:565)
	at org.springframework.beans.factory.support.AbstractAutowireCapableBeanFactory.createBean(AbstractAutowireCapableBeanFactory.java:525)
	at org.springframework.beans.factory.support.AbstractBeanFactory.lambda$doGetBean$0(AbstractBeanFactory.java:333)
	at org.springframework.beans.factory.support.DefaultSingletonBeanRegistry.getSingleton(DefaultSingletonBeanRegistry.java:371)
	at org.springframework.beans.factory.support.AbstractBeanFactory.doGetBean(AbstractBeanFactory.java:331)
	at org.springframework.beans.factory.support.AbstractBeanFactory.getBean(AbstractBeanFactory.java:201)
	at org.springframework.beans.factory.support.BeanDefinitionValueResolver.resolveReference(BeanDefinitionValueResolver.java:356)
	at org.springframework.beans.factory.support.BeanDefinitionValueResolver.resolveValueIfNecessary(BeanDefinitionValueResolver.java:135)
	at org.springframework.beans.factory.support.AbstractAutowireCapableBeanFactory.applyPropertyValues(AbstractAutowireCapableBeanFactory.java:1712)
	at org.springframework.beans.factory.support.AbstractAutowireCapableBeanFactory.populateBean(AbstractAutowireCapableBeanFactory.java:1461)
	at org.springframework.beans.factory.support.AbstractAutowireCapableBeanFactory.doCreateBean(AbstractAutowireCapableBeanFactory.java:602)
	at org.springframework.beans.factory.support.AbstractAutowireCapableBeanFactory.createBean(AbstractAutowireCapableBeanFactory.java:525)
	at org.springframework.beans.factory.support.AbstractBeanFactory.lambda$doGetBean$0(AbstractBeanFactory.java:333)
	at org.springframework.beans.factory.support.DefaultSingletonBeanRegistry.getSingleton(DefaultSingletonBeanRegistry.java:371)
	at org.springframework.beans.factory.support.AbstractBeanFactory.doGetBean(AbstractBeanFactory.java:331)
	at org.springframework.beans.factory.support.AbstractBeanFactory.getBean(AbstractBeanFactory.java:201)
	at org.springframework.beans.factory.support.DefaultListableBeanFactory.resolveBean(DefaultListableBeanFactory.java:1225)
	at org.springframework.beans.factory.support.DefaultListableBeanFactory.doResolveDependency(DefaultListableBeanFactory.java:1704)
	at org.springframework.beans.factory.support.DefaultListableBeanFactory.resolveDependency(DefaultListableBeanFactory.java:1651)
	at org.springframework.beans.factory.support.ConstructorResolver.resolveAutowiredArgument(ConstructorResolver.java:912)
	at org.springframework.beans.factory.support.ConstructorResolver.createArgumentArray(ConstructorResolver.java:791)
	at org.springframework.beans.factory.support.ConstructorResolver.autowireConstructor(ConstructorResolver.java:240)
	at org.springframework.beans.factory.support.AbstractAutowireCapableBeanFactory.autowireConstructor(AbstractAutowireCapableBeanFactory.java:1382)
	at org.springframework.beans.factory.support.AbstractAutowireCapableBeanFactory.createBeanInstance(AbstractAutowireCapableBeanFactory.java:1221)
	at org.springframework.beans.factory.support.AbstractAutowireCapableBeanFactory.doCreateBean(AbstractAutowireCapableBeanFactory.java:565)
	at org.springframework.beans.factory.support.AbstractAutowireCapableBeanFactory.createBean(AbstractAutowireCapableBeanFactory.java:525)
	at org.springframework.beans.factory.support.AbstractBeanFactory.lambda$doGetBean$0(AbstractBeanFactory.java:333)
	at org.springframework.beans.factory.support.DefaultSingletonBeanRegistry.getSingleton(DefaultSingletonBeanRegistry.java:371)
	at org.springframework.beans.factory.support.AbstractBeanFactory.doGetBean(AbstractBeanFactory.java:331)
	at org.springframework.beans.factory.support.AbstractBeanFactory.getBean(AbstractBeanFactory.java:201)
	at org.springframework.beans.factory.config.DependencyDescriptor.resolveCandidate(DependencyDescriptor.java:229)
	at org.springframework.beans.factory.support.DefaultListableBeanFactory.doResolveDependency(DefaultListableBeanFactory.java:1762)
	at org.springframework.beans.factory.support.DefaultListableBeanFactory.resolveDependency(DefaultListableBeanFactory.java:1651)
	at org.springframework.beans.factory.support.ConstructorResolver.resolveAutowiredArgument(ConstructorResolver.java:912)
	at org.springframework.beans.factory.support.ConstructorResolver.createArgumentArray(ConstructorResolver.java:791)
	at org.springframework.beans.factory.support.ConstructorResolver.autowireConstructor(ConstructorResolver.java:240)
	at org.springframework.beans.factory.support.AbstractAutowireCapableBeanFactory.autowireConstructor(AbstractAutowireCapableBeanFactory.java:1382)
	at org.springframework.beans.factory.support.AbstractAutowireCapableBeanFactory.createBeanInstance(AbstractAutowireCapableBeanFactory.java:1221)
	at org.springframework.beans.factory.support.AbstractAutowireCapableBeanFactory.doCreateBean(AbstractAutowireCapableBeanFactory.java:565)
	at org.springframework.beans.factory.support.AbstractAutowireCapableBeanFactory.createBean(AbstractAutowireCapableBeanFactory.java:525)
	at org.springframework.beans.factory.support.AbstractBeanFactory.lambda$doGetBean$0(AbstractBeanFactory.java:333)
	at org.springframework.beans.factory.support.DefaultSingletonBeanRegistry.getSingleton(DefaultSingletonBeanRegistry.java:371)
	at org.springframework.beans.factory.support.AbstractBeanFactory.doGetBean(AbstractBeanFactory.java:331)
	at org.springframework.beans.factory.support.AbstractBeanFactory.getBean(AbstractBeanFactory.java:201)
	at org.springframework.boot.web.servlet.ServletContextInitializerBeans.getOrderedBeansOfType(ServletContextInitializerBeans.java:231)
	at org.springframework.boot.web.servlet.ServletContextInitializerBeans.addAsRegistrationBean(ServletContextInitializerBeans.java:185)
	at org.springframework.boot.web.servlet.ServletContextInitializerBeans.addAsRegistrationBean(ServletContextInitializerBeans.java:180)
	at org.springframework.boot.web.servlet.ServletContextInitializerBeans.addAdaptableBeans(ServletContextInitializerBeans.java:165)
	at org.springframework.boot.web.servlet.ServletContextInitializerBeans.<init>(ServletContextInitializerBeans.java:97)
	at org.springframework.boot.web.context.servlet.WebApplicationContextInitializer.initialize(WebApplicationContextInitializer.java:53)
	at org.springframework.boot.tomcat.servlet.DeferredServletContainerInitializers.onStartup(DeferredServletContainerInitializers.java:55)
	at org.apache.catalina.core.StandardContext.startInternal(StandardContext.java:4416)
	at org.apache.catalina.util.LifecycleBase.start(LifecycleBase.java:164)
	at org.apache.catalina.core.ContainerBase$StartChild.call(ContainerBase.java:1162)
	at org.apache.catalina.core.ContainerBase$StartChild.call(ContainerBase.java:1158)
	at java.base/java.util.concurrent.FutureTask.run(FutureTask.java:317)
	at org.apache.tomcat.util.threads.InlineExecutorService.execute(InlineExecutorService.java:81)
	at java.base/java.util.concurrent.AbstractExecutorService.submit(AbstractExecutorService.java:145)
	at org.apache.catalina.core.ContainerBase.startInternal(ContainerBase.java:714)
	at org.apache.catalina.core.StandardHost.startInternal(StandardHost.java:780)
	at org.apache.catalina.util.LifecycleBase.start(LifecycleBase.java:164)
	at org.apache.catalina.core.ContainerBase$StartChild.call(ContainerBase.java:1162)
	at org.apache.catalina.core.ContainerBase$StartChild.call(ContainerBase.java:1158)
	at java.base/java.util.concurrent.FutureTask.run(FutureTask.java:317)
	at org.apache.tomcat.util.threads.InlineExecutorService.execute(InlineExecutorService.java:81)
	at java.base/java.util.concurrent.AbstractExecutorService.submit(AbstractExecutorService.java:145)
	at org.apache.catalina.core.ContainerBase.startInternal(ContainerBase.java:714)
	at org.apache.catalina.core.StandardEngine.startInternal(StandardEngine.java:201)
	at org.apache.catalina.util.LifecycleBase.start(LifecycleBase.java:164)
	at org.apache.catalina.core.StandardService.startInternal(StandardService.java:410)
	at org.apache.catalina.util.LifecycleBase.start(LifecycleBase.java:164)
	at org.apache.catalina.core.StandardServer.startInternal(StandardServer.java:864)
	at org.apache.catalina.util.LifecycleBase.start(LifecycleBase.java:164)
	at org.apache.catalina.startup.Tomcat.start(Tomcat.java:435)
	at org.springframework.boot.tomcat.TomcatWebServer.initialize(TomcatWebServer.java:131)
	at org.springframework.boot.tomcat.TomcatWebServer.<init>(TomcatWebServer.java:110)
	at org.springframework.boot.tomcat.servlet.TomcatServletWebServerFactory.getTomcatWebServer(TomcatServletWebServerFactory.java:408)
	at org.springframework.boot.tomcat.servlet.TomcatServletWebServerFactory.getWebServer(TomcatServletWebServerFactory.java:166)
	at org.springframework.boot.web.server.servlet.context.ServletWebServerApplicationContext.createWebServer(ServletWebServerApplicationContext.java:190)
	at org.springframework.boot.web.server.servlet.context.ServletWebServerApplicationContext.onRefresh(ServletWebServerApplicationContext.java:164)
	at org.springframework.context.support.AbstractApplicationContext.refresh(AbstractApplicationContext.java:615)
	at org.springframework.boot.web.server.servlet.context.ServletWebServerApplicationContext.refresh(ServletWebServerApplicationContext.java:143)
	at org.springframework.boot.SpringApplication.refresh(SpringApplication.java:756)
	at org.springframework.boot.SpringApplication.refreshContext(SpringApplication.java:445)
	at org.springframework.boot.SpringApplication.run(SpringApplication.java:321)
	at org.springframework.boot.SpringApplication.run(SpringApplication.java:1365)
	at org.springframework.boot.SpringApplication.run(SpringApplication.java:1354)
	at com.spring.boot.super30.backend.BackendApplication.main(BackendApplication.java:10)
Caused by: org.postgresql.util.PSQLException: FATAL: password authentication failed for user "postgres"
	at org.postgresql.core.v3.ConnectionFactoryImpl.doAuthentication(ConnectionFactoryImpl.java:778)
	at org.postgresql.core.v3.ConnectionFactoryImpl.tryConnect(ConnectionFactoryImpl.java:234)
	at org.postgresql.core.v3.ConnectionFactoryImpl.openConnectionImpl(ConnectionFactoryImpl.java:289)
	at org.postgresql.core.ConnectionFactory.openConnection(ConnectionFactory.java:57)
	at org.postgresql.jdbc.PgConnection.<init>(PgConnection.java:290)
	at org.postgresql.Driver.makeConnection(Driver.java:448)
	at org.postgresql.Driver.connect(Driver.java:298)
	at com.zaxxer.hikari.util.DriverDataSource.getConnection(DriverDataSource.java:144)
	at com.zaxxer.hikari.pool.PoolBase.newConnection(PoolBase.java:373)
	at com.zaxxer.hikari.pool.PoolBase.newPoolEntry(PoolBase.java:210)
	at com.zaxxer.hikari.pool.HikariPool.createPoolEntry(HikariPool.java:488)
	at com.zaxxer.hikari.pool.HikariPool.checkFailFast(HikariPool.java:576)
	at com.zaxxer.hikari.pool.HikariPool.<init>(HikariPool.java:97)
	at com.zaxxer.hikari.HikariDataSource.getConnection(HikariDataSource.java:111)
	at org.hibernate.engine.jdbc.connections.internal.DataSourceConnectionProvider.getConnection(DataSourceConnectionProvider.java:137)
	at org.hibernate.engine.jdbc.env.internal.JdbcEnvironmentInitiator$ConnectionProviderJdbcConnectionAccess.obtainConnection(JdbcEnvironmentInitiator.java:508)
	at org.hibernate.resource.transaction.backend.jdbc.internal.JdbcIsolationDelegate.delegateWork(JdbcIsolationDelegate.java:48)
	... 122 common frames omitted
2026-05-02 16:45:43,398 WARN o.h.e.j.d.i.DialectFactoryImpl [main] HHH90000025: PostgreSQLDialect does not need to be specified explicitly using 'hibernate.dialect' (remove the property setting and it will be selected by default)
2026-05-02 16:45:43,419 INFO o.h.e.j.e.i.JdbcEnvironmentInitiator [main] HHH10001005: Database info:
	Database JDBC URL [undefined/unknown]
	Database driver: undefined/unknown
	Database dialect: PostgreSQLDialect
	Database version: 13.0
	Default catalog/schema: unknown/unknown
	Autocommit mode: undefined/unknown
	Isolation level: NONE [default NONE]
	JDBC fetch size: undefined/unknown
	Pool: DataSourceConnectionProvider
	Minimum pool size: undefined/unknown
	Maximum pool size: undefined/unknown
2026-05-02 16:45:44,958 INFO o.h.e.t.j.p.i.JtaPlatformInitiator [main] HHH000489: No JTA platform available (set 'hibernate.transaction.jta.platform' to enable JTA platform integration)
2026-05-02 16:45:44,990 INFO c.z.h.HikariDataSource [main] HikariPool-1 - Starting...
2026-05-02 16:45:46,072 WARN o.h.e.j.s.SqlExceptionHelper [main] HHH000247: ErrorCode: 0, SQLState: 28P01
2026-05-02 16:45:46,075 WARN o.h.e.j.s.SqlExceptionHelper [main] FATAL: password authentication failed for user "postgres"
2026-05-02 16:45:46,082 ERROR o.s.o.j.AbstractEntityManagerFactoryBean [main] Failed to initialize JPA EntityManagerFactory: Unable to build Hibernate SessionFactory  [persistence unit: default] ; nested exception is org.hibernate.exception.AuthException: Unable to open JDBC Connection for DDL execution [FATAL: password authentication failed for user "postgres"] [n/a]
2026-05-02 16:45:46,084 ERROR o.s.b.t.s.DeferredServletContainerInitializers [main] Error starting Tomcat context. Exception: org.springframework.beans.factory.UnsatisfiedDependencyException. Message: Error creating bean with name 'jwtAuthenticationFilter' defined in file [C:\Projects\prescribe\backend\target\classes\com\spring\boot\super30\backend\security\jwt\JwtAuthenticationFilter.class]: Unsatisfied dependency expressed through constructor parameter 1: Error creating bean with name 'customUserDetailsService' defined in file [C:\Projects\prescribe\backend\target\classes\com\spring\boot\super30\backend\security\service\CustomUserDetailsService.class]: Unsatisfied dependency expressed through constructor parameter 0: Error creating bean with name 'userRepository' defined in com.spring.boot.super30.backend.shared.repository.UserRepository defined in @EnableJpaRepositories declared on DataJpaRepositoriesRegistrar.EnableJpaRepositoriesConfiguration: Cannot resolve reference to bean 'jpaSharedEM_entityManagerFactory' while setting bean property 'entityManager'
2026-05-02 16:45:46,128 INFO o.a.j.l.DirectJDKLog [main] Stopping service [Tomcat]
2026-05-02 16:45:46,135 WARN o.s.c.s.AbstractApplicationContext [main] Exception encountered during context initialization - cancelling refresh attempt: org.springframework.context.ApplicationContextException: Unable to start web server
2026-05-02 16:45:46,145 INFO o.s.b.a.l.ConditionEvaluationReportLogger [main] 

Error starting ApplicationContext. To display the condition evaluation report re-run your application with 'debug' enabled.
2026-05-02 16:45:46,165 ERROR o.s.b.SpringApplication [main] Application run failed
org.springframework.context.ApplicationContextException: Unable to start web server
	at org.springframework.boot.web.server.servlet.context.ServletWebServerApplicationContext.onRefresh(ServletWebServerApplicationContext.java:167)
	at org.springframework.context.support.AbstractApplicationContext.refresh(AbstractApplicationContext.java:615)
	at org.springframework.boot.web.server.servlet.context.ServletWebServerApplicationContext.refresh(ServletWebServerApplicationContext.java:143)
	at org.springframework.boot.SpringApplication.refresh(SpringApplication.java:756)
	at org.springframework.boot.SpringApplication.refreshContext(SpringApplication.java:445)
	at org.springframework.boot.SpringApplication.run(SpringApplication.java:321)
	at org.springframework.boot.SpringApplication.run(SpringApplication.java:1365)
	at org.springframework.boot.SpringApplication.run(SpringApplication.java:1354)
	at com.spring.boot.super30.backend.BackendApplication.main(BackendApplication.java:10)
Caused by: org.springframework.boot.web.server.WebServerException: Unable to start embedded Tomcat
	at org.springframework.boot.tomcat.TomcatWebServer.initialize(TomcatWebServer.java:150)
	at org.springframework.boot.tomcat.TomcatWebServer.<init>(TomcatWebServer.java:110)
	at org.springframework.boot.tomcat.servlet.TomcatServletWebServerFactory.getTomcatWebServer(TomcatServletWebServerFactory.java:408)
	at org.springframework.boot.tomcat.servlet.TomcatServletWebServerFactory.getWebServer(TomcatServletWebServerFactory.java:166)
	at org.springframework.boot.web.server.servlet.context.ServletWebServerApplicationContext.createWebServer(ServletWebServerApplicationContext.java:190)
	at org.springframework.boot.web.server.servlet.context.ServletWebServerApplicationContext.onRefresh(ServletWebServerApplicationContext.java:164)
	... 8 common frames omitted
Caused by: org.springframework.beans.factory.UnsatisfiedDependencyException: Error creating bean with name 'jwtAuthenticationFilter' defined in file [C:\Projects\prescribe\backend\target\classes\com\spring\boot\super30\backend\security\jwt\JwtAuthenticationFilter.class]: Unsatisfied dependency expressed through constructor parameter 1: Error creating bean with name 'customUserDetailsService' defined in file [C:\Projects\prescribe\backend\target\classes\com\spring\boot\super30\backend\security\service\CustomUserDetailsService.class]: Unsatisfied dependency expressed through constructor parameter 0: Error creating bean with name 'userRepository' defined in com.spring.boot.super30.backend.shared.repository.UserRepository defined in @EnableJpaRepositories declared on DataJpaRepositoriesRegistrar.EnableJpaRepositoriesConfiguration: Cannot resolve reference to bean 'jpaSharedEM_entityManagerFactory' while setting bean property 'entityManager'
	at org.springframework.beans.factory.support.ConstructorResolver.createArgumentArray(ConstructorResolver.java:804)
	at org.springframework.beans.factory.support.ConstructorResolver.autowireConstructor(ConstructorResolver.java:240)
	at org.springframework.beans.factory.support.AbstractAutowireCapableBeanFactory.autowireConstructor(AbstractAutowireCapableBeanFactory.java:1382)
	at org.springframework.beans.factory.support.AbstractAutowireCapableBeanFactory.createBeanInstance(AbstractAutowireCapableBeanFactory.java:1221)
	at org.springframework.beans.factory.support.AbstractAutowireCapableBeanFactory.doCreateBean(AbstractAutowireCapableBeanFactory.java:565)
	at org.springframework.beans.factory.support.AbstractAutowireCapableBeanFactory.createBean(AbstractAutowireCapableBeanFactory.java:525)
	at org.springframework.beans.factory.support.AbstractBeanFactory.lambda$doGetBean$0(AbstractBeanFactory.java:333)
	at org.springframework.beans.factory.support.DefaultSingletonBeanRegistry.getSingleton(DefaultSingletonBeanRegistry.java:371)
	at org.springframework.beans.factory.support.AbstractBeanFactory.doGetBean(AbstractBeanFactory.java:331)
	at org.springframework.beans.factory.support.AbstractBeanFactory.getBean(AbstractBeanFactory.java:201)
	at org.springframework.boot.web.servlet.ServletContextInitializerBeans.getOrderedBeansOfType(ServletContextInitializerBeans.java:231)
	at org.springframework.boot.web.servlet.ServletContextInitializerBeans.addAsRegistrationBean(ServletContextInitializerBeans.java:185)
	at org.springframework.boot.web.servlet.ServletContextInitializerBeans.addAsRegistrationBean(ServletContextInitializerBeans.java:180)
	at org.springframework.boot.web.servlet.ServletContextInitializerBeans.addAdaptableBeans(ServletContextInitializerBeans.java:165)
	at org.springframework.boot.web.servlet.ServletContextInitializerBeans.<init>(ServletContextInitializerBeans.java:97)
	at org.springframework.boot.web.context.servlet.WebApplicationContextInitializer.initialize(WebApplicationContextInitializer.java:53)
	at org.springframework.boot.tomcat.servlet.DeferredServletContainerInitializers.onStartup(DeferredServletContainerInitializers.java:55)
	at org.apache.catalina.core.StandardContext.startInternal(StandardContext.java:4416)
	at org.apache.catalina.util.LifecycleBase.start(LifecycleBase.java:164)
	at org.apache.catalina.core.ContainerBase$StartChild.call(ContainerBase.java:1162)
	at org.apache.catalina.core.ContainerBase$StartChild.call(ContainerBase.java:1158)
	at java.base/java.util.concurrent.FutureTask.run(FutureTask.java:317)
	at org.apache.tomcat.util.threads.InlineExecutorService.execute(InlineExecutorService.java:81)
	at java.base/java.util.concurrent.AbstractExecutorService.submit(AbstractExecutorService.java:145)
	at org.apache.catalina.core.ContainerBase.startInternal(ContainerBase.java:714)
	at org.apache.catalina.core.StandardHost.startInternal(StandardHost.java:780)
	at org.apache.catalina.util.LifecycleBase.start(LifecycleBase.java:164)
	at org.apache.catalina.core.ContainerBase$StartChild.call(ContainerBase.java:1162)
	at org.apache.catalina.core.ContainerBase$StartChild.call(ContainerBase.java:1158)
	at java.base/java.util.concurrent.FutureTask.run(FutureTask.java:317)
	at org.apache.tomcat.util.threads.InlineExecutorService.execute(InlineExecutorService.java:81)
	at java.base/java.util.concurrent.AbstractExecutorService.submit(AbstractExecutorService.java:145)
	at org.apache.catalina.core.ContainerBase.startInternal(ContainerBase.java:714)
	at org.apache.catalina.core.StandardEngine.startInternal(StandardEngine.java:201)
	at org.apache.catalina.util.LifecycleBase.start(LifecycleBase.java:164)
	at org.apache.catalina.core.StandardService.startInternal(StandardService.java:410)
	at org.apache.catalina.util.LifecycleBase.start(LifecycleBase.java:164)
	at org.apache.catalina.core.StandardServer.startInternal(StandardServer.java:864)
	at org.apache.catalina.util.LifecycleBase.start(LifecycleBase.java:164)
	at org.apache.catalina.startup.Tomcat.start(Tomcat.java:435)
	at org.springframework.boot.tomcat.TomcatWebServer.initialize(TomcatWebServer.java:131)
	... 13 common frames omitted
Caused by: org.springframework.beans.factory.UnsatisfiedDependencyException: Error creating bean with name 'customUserDetailsService' defined in file [C:\Projects\prescribe\backend\target\classes\com\spring\boot\super30\backend\security\service\CustomUserDetailsService.class]: Unsatisfied dependency expressed through constructor parameter 0: Error creating bean with name 'userRepository' defined in com.spring.boot.super30.backend.shared.repository.UserRepository defined in @EnableJpaRepositories declared on DataJpaRepositoriesRegistrar.EnableJpaRepositoriesConfiguration: Cannot resolve reference to bean 'jpaSharedEM_entityManagerFactory' while setting bean property 'entityManager'
	at org.springframework.beans.factory.support.ConstructorResolver.createArgumentArray(ConstructorResolver.java:804)
	at org.springframework.beans.factory.support.ConstructorResolver.autowireConstructor(ConstructorResolver.java:240)
	at org.springframework.beans.factory.support.AbstractAutowireCapableBeanFactory.autowireConstructor(AbstractAutowireCapableBeanFactory.java:1382)
	at org.springframework.beans.factory.support.AbstractAutowireCapableBeanFactory.createBeanInstance(AbstractAutowireCapableBeanFactory.java:1221)
	at org.springframework.beans.factory.support.AbstractAutowireCapableBeanFactory.doCreateBean(AbstractAutowireCapableBeanFactory.java:565)
	at org.springframework.beans.factory.support.AbstractAutowireCapableBeanFactory.createBean(AbstractAutowireCapableBeanFactory.java:525)
	at org.springframework.beans.factory.support.AbstractBeanFactory.lambda$doGetBean$0(AbstractBeanFactory.java:333)
	at org.springframework.beans.factory.support.DefaultSingletonBeanRegistry.getSingleton(DefaultSingletonBeanRegistry.java:371)
	at org.springframework.beans.factory.support.AbstractBeanFactory.doGetBean(AbstractBeanFactory.java:331)
	at org.springframework.beans.factory.support.AbstractBeanFactory.getBean(AbstractBeanFactory.java:201)
	at org.springframework.beans.factory.config.DependencyDescriptor.resolveCandidate(DependencyDescriptor.java:229)
	at org.springframework.beans.factory.support.DefaultListableBeanFactory.doResolveDependency(DefaultListableBeanFactory.java:1762)
	at org.springframework.beans.factory.support.DefaultListableBeanFactory.resolveDependency(DefaultListableBeanFactory.java:1651)
	at org.springframework.beans.factory.support.ConstructorResolver.resolveAutowiredArgument(ConstructorResolver.java:912)
	at org.springframework.beans.factory.support.ConstructorResolver.createArgumentArray(ConstructorResolver.java:791)
	... 53 common frames omitted
Caused by: org.springframework.beans.factory.BeanCreationException: Error creating bean with name 'userRepository' defined in com.spring.boot.super30.backend.shared.repository.UserRepository defined in @EnableJpaRepositories declared on DataJpaRepositoriesRegistrar.EnableJpaRepositoriesConfiguration: Cannot resolve reference to bean 'jpaSharedEM_entityManagerFactory' while setting bean property 'entityManager'
	at org.springframework.beans.factory.support.BeanDefinitionValueResolver.resolveReference(BeanDefinitionValueResolver.java:377)
	at org.springframework.beans.factory.support.BeanDefinitionValueResolver.resolveValueIfNecessary(BeanDefinitionValueResolver.java:135)
	at org.springframework.beans.factory.support.AbstractAutowireCapableBeanFactory.applyPropertyValues(AbstractAutowireCapableBeanFactory.java:1712)
	at org.springframework.beans.factory.support.AbstractAutowireCapableBeanFactory.populateBean(AbstractAutowireCapableBeanFactory.java:1461)
	at org.springframework.beans.factory.support.AbstractAutowireCapableBeanFactory.doCreateBean(AbstractAutowireCapableBeanFactory.java:602)
	at org.springframework.beans.factory.support.AbstractAutowireCapableBeanFactory.createBean(AbstractAutowireCapableBeanFactory.java:525)
	at org.springframework.beans.factory.support.AbstractBeanFactory.lambda$doGetBean$0(AbstractBeanFactory.java:333)
	at org.springframework.beans.factory.support.DefaultSingletonBeanRegistry.getSingleton(DefaultSingletonBeanRegistry.java:371)
	at org.springframework.beans.factory.support.AbstractBeanFactory.doGetBean(AbstractBeanFactory.java:331)
	at org.springframework.beans.factory.support.AbstractBeanFactory.getBean(AbstractBeanFactory.java:201)
	at org.springframework.beans.factory.support.DefaultListableBeanFactory.resolveBean(DefaultListableBeanFactory.java:1225)
	at org.springframework.beans.factory.support.DefaultListableBeanFactory.doResolveDependency(DefaultListableBeanFactory.java:1704)
	at org.springframework.beans.factory.support.DefaultListableBeanFactory.resolveDependency(DefaultListableBeanFactory.java:1651)
	at org.springframework.beans.factory.support.ConstructorResolver.resolveAutowiredArgument(ConstructorResolver.java:912)
	at org.springframework.beans.factory.support.ConstructorResolver.createArgumentArray(ConstructorResolver.java:791)
	... 67 common frames omitted
Caused by: org.springframework.beans.factory.BeanCreationException: Error creating bean with name 'jpaSharedEM_entityManagerFactory': Cannot resolve reference to bean 'entityManagerFactory' while setting constructor argument
	at org.springframework.beans.factory.support.BeanDefinitionValueResolver.resolveReference(BeanDefinitionValueResolver.java:377)
	at org.springframework.beans.factory.support.BeanDefinitionValueResolver.resolveValueIfNecessary(BeanDefinitionValueResolver.java:135)
	at org.springframework.beans.factory.support.ConstructorResolver.resolveConstructorArguments(ConstructorResolver.java:691)
	at org.springframework.beans.factory.support.ConstructorResolver.instantiateUsingFactoryMethod(ConstructorResolver.java:513)
	at org.springframework.beans.factory.support.AbstractAutowireCapableBeanFactory.instantiateUsingFactoryMethod(AbstractAutowireCapableBeanFactory.java:1362)
	at org.springframework.beans.factory.support.AbstractAutowireCapableBeanFactory.createBeanInstance(AbstractAutowireCapableBeanFactory.java:1194)
	at org.springframework.beans.factory.support.AbstractAutowireCapableBeanFactory.doCreateBean(AbstractAutowireCapableBeanFactory.java:565)
	at org.springframework.beans.factory.support.AbstractAutowireCapableBeanFactory.createBean(AbstractAutowireCapableBeanFactory.java:525)
	at org.springframework.beans.factory.support.AbstractBeanFactory.lambda$doGetBean$0(AbstractBeanFactory.java:333)
	at org.springframework.beans.factory.support.DefaultSingletonBeanRegistry.getSingleton(DefaultSingletonBeanRegistry.java:371)
	at org.springframework.beans.factory.support.AbstractBeanFactory.doGetBean(AbstractBeanFactory.java:331)
	at org.springframework.beans.factory.support.AbstractBeanFactory.getBean(AbstractBeanFactory.java:201)
	at org.springframework.beans.factory.support.BeanDefinitionValueResolver.resolveReference(BeanDefinitionValueResolver.java:356)
	... 81 common frames omitted
Caused by: org.springframework.beans.factory.BeanCreationException: Error creating bean with name 'entityManagerFactory' defined in class path resource [org/springframework/boot/hibernate/autoconfigure/HibernateJpaConfiguration.class]: Unable to build Hibernate SessionFactory  [persistence unit: default] ; nested exception is org.hibernate.exception.AuthException: Unable to open JDBC Connection for DDL execution [FATAL: password authentication failed for user "postgres"] [n/a]
	at org.springframework.beans.factory.support.AbstractAutowireCapableBeanFactory.initializeBean(AbstractAutowireCapableBeanFactory.java:1817)
	at org.springframework.beans.factory.support.AbstractAutowireCapableBeanFactory.doCreateBean(AbstractAutowireCapableBeanFactory.java:603)
	at org.springframework.beans.factory.support.AbstractAutowireCapableBeanFactory.createBean(AbstractAutowireCapableBeanFactory.java:525)
	at org.springframework.beans.factory.support.AbstractBeanFactory.lambda$doGetBean$0(AbstractBeanFactory.java:333)
	at org.springframework.beans.factory.support.DefaultSingletonBeanRegistry.getSingleton(DefaultSingletonBeanRegistry.java:371)
	at org.springframework.beans.factory.support.AbstractBeanFactory.doGetBean(AbstractBeanFactory.java:331)
	at org.springframework.beans.factory.support.AbstractBeanFactory.getBean(AbstractBeanFactory.java:196)
	at org.springframework.beans.factory.support.BeanDefinitionValueResolver.resolveReference(BeanDefinitionValueResolver.java:365)
	... 93 common frames omitted
Caused by: jakarta.persistence.PersistenceException: Unable to build Hibernate SessionFactory  [persistence unit: default] ; nested exception is org.hibernate.exception.AuthException: Unable to open JDBC Connection for DDL execution [FATAL: password authentication failed for user "postgres"] [n/a]
	at org.springframework.orm.jpa.AbstractEntityManagerFactoryBean.buildNativeEntityManagerFactory(AbstractEntityManagerFactoryBean.java:448)
	at org.springframework.orm.jpa.AbstractEntityManagerFactoryBean.afterPropertiesSet(AbstractEntityManagerFactoryBean.java:411)
	at org.springframework.orm.jpa.LocalContainerEntityManagerFactoryBean.afterPropertiesSet(LocalContainerEntityManagerFactoryBean.java:419)
	at org.springframework.beans.factory.support.AbstractAutowireCapableBeanFactory.invokeInitMethods(AbstractAutowireCapableBeanFactory.java:1864)
	at org.springframework.beans.factory.support.AbstractAutowireCapableBeanFactory.initializeBean(AbstractAutowireCapableBeanFactory.java:1813)
	... 100 common frames omitted
Caused by: org.hibernate.exception.AuthException: Unable to open JDBC Connection for DDL execution [FATAL: password authentication failed for user "postgres"] [n/a]
	at org.hibernate.exception.internal.SQLStateConversionDelegate.convert(SQLStateConversionDelegate.java:87)
	at org.hibernate.exception.internal.StandardSQLExceptionConverter.convert(StandardSQLExceptionConverter.java:34)
	at org.hibernate.engine.jdbc.spi.SqlExceptionHelper.convert(SqlExceptionHelper.java:115)
	at org.hibernate.engine.jdbc.spi.SqlExceptionHelper.convert(SqlExceptionHelper.java:101)
	at org.hibernate.resource.transaction.backend.jdbc.internal.DdlTransactionIsolatorNonJtaImpl.getIsolatedConnection(DdlTransactionIsolatorNonJtaImpl.java:71)
	at org.hibernate.resource.transaction.backend.jdbc.internal.DdlTransactionIsolatorNonJtaImpl.getIsolatedConnection(DdlTransactionIsolatorNonJtaImpl.java:37)
	at org.hibernate.tool.schema.internal.exec.ImprovedExtractionContextImpl.getJdbcConnection(ImprovedExtractionContextImpl.java:61)
	at org.hibernate.tool.schema.extract.spi.ExtractionContext.getQueryResults(ExtractionContext.java:41)
	at org.hibernate.tool.schema.extract.internal.SequenceInformationExtractorLegacyImpl.extractMetadata(SequenceInformationExtractorLegacyImpl.java:36)
	at org.hibernate.tool.schema.extract.internal.DatabaseInformationImpl.initializeSequences(DatabaseInformationImpl.java:73)
	at org.hibernate.tool.schema.extract.internal.DatabaseInformationImpl.<init>(DatabaseInformationImpl.java:63)
	at org.hibernate.tool.schema.extract.internal.CachingDatabaseInformationImpl.<init>(CachingDatabaseInformationImpl.java:43)
	at org.hibernate.tool.schema.internal.GroupedSchemaMigratorImpl.buildDatabaseInformation(GroupedSchemaMigratorImpl.java:112)
	at org.hibernate.tool.schema.internal.AbstractSchemaMigrator.doMigration(AbstractSchemaMigrator.java:83)
	at org.hibernate.tool.schema.spi.SchemaManagementToolCoordinator.performDatabaseAction(SchemaManagementToolCoordinator.java:269)
	at org.hibernate.tool.schema.spi.SchemaManagementToolCoordinator.lambda$process$1(SchemaManagementToolCoordinator.java:101)
	at java.base/java.util.HashMap.forEach(HashMap.java:1429)
	at org.hibernate.tool.schema.spi.SchemaManagementToolCoordinator.process(SchemaManagementToolCoordinator.java:100)
	at org.hibernate.boot.internal.SessionFactoryObserverForSchemaExport.sessionFactoryCreated(SessionFactoryObserverForSchemaExport.java:35)
	at org.hibernate.internal.SessionFactoryObserverChain.sessionFactoryCreated(SessionFactoryObserverChain.java:33)
	at org.hibernate.internal.SessionFactoryImpl.<init>(SessionFactoryImpl.java:323)
	at org.hibernate.internal.SessionFactoryRegistry.instantiateSessionFactory(SessionFactoryRegistry.java:64)
	at org.hibernate.boot.internal.SessionFactoryBuilderImpl.build(SessionFactoryBuilderImpl.java:437)
	at org.hibernate.jpa.boot.internal.EntityManagerFactoryBuilderImpl.build(EntityManagerFactoryBuilderImpl.java:1456)
	at org.springframework.orm.jpa.vendor.SpringHibernateJpaPersistenceProvider.createContainerEntityManagerFactory(SpringHibernateJpaPersistenceProvider.java:93)
	at org.springframework.orm.jpa.LocalContainerEntityManagerFactoryBean.createNativeEntityManagerFactory(LocalContainerEntityManagerFactoryBean.java:443)
	at org.springframework.orm.jpa.AbstractEntityManagerFactoryBean.buildNativeEntityManagerFactory(AbstractEntityManagerFactoryBean.java:436)
	... 104 common frames omitted
Caused by: org.postgresql.util.PSQLException: FATAL: password authentication failed for user "postgres"
	at org.postgresql.core.v3.ConnectionFactoryImpl.doAuthentication(ConnectionFactoryImpl.java:778)
	at org.postgresql.core.v3.ConnectionFactoryImpl.tryConnect(ConnectionFactoryImpl.java:234)
	at org.postgresql.core.v3.ConnectionFactoryImpl.openConnectionImpl(ConnectionFactoryImpl.java:289)
	at org.postgresql.core.ConnectionFactory.openConnection(ConnectionFactory.java:57)
	at org.postgresql.jdbc.PgConnection.<init>(PgConnection.java:290)
	at org.postgresql.Driver.makeConnection(Driver.java:448)
	at org.postgresql.Driver.connect(Driver.java:298)
	at com.zaxxer.hikari.util.DriverDataSource.getConnection(DriverDataSource.java:144)
	at com.zaxxer.hikari.pool.PoolBase.newConnection(PoolBase.java:373)
	at com.zaxxer.hikari.pool.PoolBase.newPoolEntry(PoolBase.java:210)
	at com.zaxxer.hikari.pool.HikariPool.createPoolEntry(HikariPool.java:488)
	at com.zaxxer.hikari.pool.HikariPool.checkFailFast(HikariPool.java:576)
	at com.zaxxer.hikari.pool.HikariPool.<init>(HikariPool.java:97)
	at com.zaxxer.hikari.HikariDataSource.getConnection(HikariDataSource.java:111)
	at org.hibernate.engine.jdbc.connections.internal.DataSourceConnectionProvider.getConnection(DataSourceConnectionProvider.java:137)
	at org.hibernate.engine.jdbc.env.internal.JdbcEnvironmentInitiator$ConnectionProviderJdbcConnectionAccess.obtainConnection(JdbcEnvironmentInitiator.java:508)
	at org.hibernate.resource.transaction.backend.jdbc.internal.DdlTransactionIsolatorNonJtaImpl.getIsolatedConnection(DdlTransactionIsolatorNonJtaImpl.java:44)
	... 126 common frames omitted
2026-05-02 16:46:45,316 INFO o.s.b.StartupInfoLogger [main] Starting BackendApplication using Java 21.0.9 with PID 21516 (C:\Projects\prescribe\backend\target\classes started by Pranav in C:\Projects\prescribe\backend)
2026-05-02 16:46:45,316 INFO o.s.b.SpringApplication [main] No active profile set, falling back to 1 default profile: "default"
2026-05-02 16:46:45,594 INFO o.h.v.i.u.Version [background-preinit] HV000001: Hibernate Validator 9.0.1.Final
2026-05-02 16:46:46,331 INFO o.s.d.r.c.RepositoryConfigurationDelegate [main] Bootstrapping Spring Data JPA repositories in DEFAULT mode.
2026-05-02 16:46:46,484 INFO o.s.d.r.c.RepositoryConfigurationDelegate [main] Finished Spring Data repository scanning in 140 ms. Found 10 JPA repository interfaces.
2026-05-02 16:46:47,175 INFO o.s.b.t.TomcatWebServer [main] Tomcat initialized with port 8080 (http)
2026-05-02 16:46:47,189 INFO o.a.j.l.DirectJDKLog [main] Initializing ProtocolHandler ["http-nio-8080"]
2026-05-02 16:46:47,193 INFO o.a.j.l.DirectJDKLog [main] Starting service [Tomcat]
2026-05-02 16:46:47,193 INFO o.a.j.l.DirectJDKLog [main] Starting Servlet engine: [Apache Tomcat/11.0.18]
2026-05-02 16:46:47,309 INFO o.s.b.w.c.s.WebApplicationContextInitializer [main] Root WebApplicationContext: initialization completed in 1934 ms
2026-05-02 16:46:47,484 INFO o.h.j.i.u.LogHelper [main] HHH008540: Processing PersistenceUnitInfo [name: default]
2026-05-02 16:46:47,548 INFO o.h.Version [main] HHH000001: Hibernate ORM core version 7.2.4.Final
2026-05-02 16:46:48,055 INFO o.s.o.j.p.SpringPersistenceUnitInfo [main] No LoadTimeWeaver setup: ignoring JPA class transformer
2026-05-02 16:46:48,098 INFO c.z.h.HikariDataSource [main] HikariPool-1 - Starting...
2026-05-02 16:46:49,258 WARN o.h.e.j.s.SqlExceptionHelper [main] HHH000247: ErrorCode: 0, SQLState: 28P01
2026-05-02 16:46:49,258 WARN o.h.e.j.s.SqlExceptionHelper [main] FATAL: password authentication failed for user "postgres"
2026-05-02 16:46:49,260 WARN o.h.e.j.e.i.JdbcEnvironmentInitiator [main] HHH100046: Could not obtain connection to query JDBC database metadata
org.hibernate.exception.AuthException: Unable to obtain isolated JDBC connection [FATAL: password authentication failed for user "postgres"] [n/a]
	at org.hibernate.exception.internal.SQLStateConversionDelegate.convert(SQLStateConversionDelegate.java:87)
	at org.hibernate.exception.internal.StandardSQLExceptionConverter.convert(StandardSQLExceptionConverter.java:34)
	at org.hibernate.engine.jdbc.spi.SqlExceptionHelper.convert(SqlExceptionHelper.java:115)
	at org.hibernate.engine.jdbc.spi.SqlExceptionHelper.convert(SqlExceptionHelper.java:101)
	at org.hibernate.resource.transaction.backend.jdbc.internal.JdbcIsolationDelegate.delegateWork(JdbcIsolationDelegate.java:51)
	at org.hibernate.engine.jdbc.env.internal.JdbcEnvironmentInitiator.getJdbcEnvironmentUsingJdbcMetadata(JdbcEnvironmentInitiator.java:366)
	at org.hibernate.engine.jdbc.env.internal.JdbcEnvironmentInitiator.getJdbcEnvironment(JdbcEnvironmentInitiator.java:143)
	at org.hibernate.engine.jdbc.env.internal.JdbcEnvironmentInitiator.initiateService(JdbcEnvironmentInitiator.java:120)
	at org.hibernate.engine.jdbc.env.internal.JdbcEnvironmentInitiator.initiateService(JdbcEnvironmentInitiator.java:80)
	at org.hibernate.boot.registry.internal.StandardServiceRegistryImpl.initiateService(StandardServiceRegistryImpl.java:133)
	at org.hibernate.service.internal.AbstractServiceRegistryImpl.createService(AbstractServiceRegistryImpl.java:260)
	at org.hibernate.service.internal.AbstractServiceRegistryImpl.initializeService(AbstractServiceRegistryImpl.java:235)
	at org.hibernate.service.internal.AbstractServiceRegistryImpl.getService(AbstractServiceRegistryImpl.java:212)
	at org.hibernate.boot.model.relational.Database.<init>(Database.java:44)
	at org.hibernate.boot.internal.InFlightMetadataCollectorImpl.getDatabase(InFlightMetadataCollectorImpl.java:251)
	at org.hibernate.boot.internal.InFlightMetadataCollectorImpl.<init>(InFlightMetadataCollectorImpl.java:203)
	at org.hibernate.boot.model.process.spi.MetadataBuildingProcess.complete(MetadataBuildingProcess.java:170)
	at org.hibernate.jpa.boot.internal.EntityManagerFactoryBuilderImpl.metadata(EntityManagerFactoryBuilderImpl.java:1392)
	at org.hibernate.jpa.boot.internal.EntityManagerFactoryBuilderImpl.populateSessionFactoryBuilder(EntityManagerFactoryBuilderImpl.java:1472)
	at org.hibernate.jpa.boot.internal.EntityManagerFactoryBuilderImpl.build(EntityManagerFactoryBuilderImpl.java:1454)
	at org.springframework.orm.jpa.vendor.SpringHibernateJpaPersistenceProvider.createContainerEntityManagerFactory(SpringHibernateJpaPersistenceProvider.java:93)
	at org.springframework.orm.jpa.LocalContainerEntityManagerFactoryBean.createNativeEntityManagerFactory(LocalContainerEntityManagerFactoryBean.java:443)
	at org.springframework.orm.jpa.AbstractEntityManagerFactoryBean.buildNativeEntityManagerFactory(AbstractEntityManagerFactoryBean.java:436)
	at org.springframework.orm.jpa.AbstractEntityManagerFactoryBean.afterPropertiesSet(AbstractEntityManagerFactoryBean.java:411)
	at org.springframework.orm.jpa.LocalContainerEntityManagerFactoryBean.afterPropertiesSet(LocalContainerEntityManagerFactoryBean.java:419)
	at org.springframework.beans.factory.support.AbstractAutowireCapableBeanFactory.invokeInitMethods(AbstractAutowireCapableBeanFactory.java:1864)
	at org.springframework.beans.factory.support.AbstractAutowireCapableBeanFactory.initializeBean(AbstractAutowireCapableBeanFactory.java:1813)
	at org.springframework.beans.factory.support.AbstractAutowireCapableBeanFactory.doCreateBean(AbstractAutowireCapableBeanFactory.java:603)
	at org.springframework.beans.factory.support.AbstractAutowireCapableBeanFactory.createBean(AbstractAutowireCapableBeanFactory.java:525)
	at org.springframework.beans.factory.support.AbstractBeanFactory.lambda$doGetBean$0(AbstractBeanFactory.java:333)
	at org.springframework.beans.factory.support.DefaultSingletonBeanRegistry.getSingleton(DefaultSingletonBeanRegistry.java:371)
	at org.springframework.beans.factory.support.AbstractBeanFactory.doGetBean(AbstractBeanFactory.java:331)
	at org.springframework.beans.factory.support.AbstractBeanFactory.getBean(AbstractBeanFactory.java:196)
	at org.springframework.beans.factory.support.BeanDefinitionValueResolver.resolveReference(BeanDefinitionValueResolver.java:365)
	at org.springframework.beans.factory.support.BeanDefinitionValueResolver.resolveValueIfNecessary(BeanDefinitionValueResolver.java:135)
	at org.springframework.beans.factory.support.ConstructorResolver.resolveConstructorArguments(ConstructorResolver.java:691)
	at org.springframework.beans.factory.support.ConstructorResolver.instantiateUsingFactoryMethod(ConstructorResolver.java:513)
	at org.springframework.beans.factory.support.AbstractAutowireCapableBeanFactory.instantiateUsingFactoryMethod(AbstractAutowireCapableBeanFactory.java:1362)
	at org.springframework.beans.factory.support.AbstractAutowireCapableBeanFactory.createBeanInstance(AbstractAutowireCapableBeanFactory.java:1194)
	at org.springframework.beans.factory.support.AbstractAutowireCapableBeanFactory.doCreateBean(AbstractAutowireCapableBeanFactory.java:565)
	at org.springframework.beans.factory.support.AbstractAutowireCapableBeanFactory.createBean(AbstractAutowireCapableBeanFactory.java:525)
	at org.springframework.beans.factory.support.AbstractBeanFactory.lambda$doGetBean$0(AbstractBeanFactory.java:333)
	at org.springframework.beans.factory.support.DefaultSingletonBeanRegistry.getSingleton(DefaultSingletonBeanRegistry.java:371)
	at org.springframework.beans.factory.support.AbstractBeanFactory.doGetBean(AbstractBeanFactory.java:331)
	at org.springframework.beans.factory.support.AbstractBeanFactory.getBean(AbstractBeanFactory.java:201)
	at org.springframework.beans.factory.support.BeanDefinitionValueResolver.resolveReference(BeanDefinitionValueResolver.java:356)
	at org.springframework.beans.factory.support.BeanDefinitionValueResolver.resolveValueIfNecessary(BeanDefinitionValueResolver.java:135)
	at org.springframework.beans.factory.support.AbstractAutowireCapableBeanFactory.applyPropertyValues(AbstractAutowireCapableBeanFactory.java:1712)
	at org.springframework.beans.factory.support.AbstractAutowireCapableBeanFactory.populateBean(AbstractAutowireCapableBeanFactory.java:1461)
	at org.springframework.beans.factory.support.AbstractAutowireCapableBeanFactory.doCreateBean(AbstractAutowireCapableBeanFactory.java:602)
	at org.springframework.beans.factory.support.AbstractAutowireCapableBeanFactory.createBean(AbstractAutowireCapableBeanFactory.java:525)
	at org.springframework.beans.factory.support.AbstractBeanFactory.lambda$doGetBean$0(AbstractBeanFactory.java:333)
	at org.springframework.beans.factory.support.DefaultSingletonBeanRegistry.getSingleton(DefaultSingletonBeanRegistry.java:371)
	at org.springframework.beans.factory.support.AbstractBeanFactory.doGetBean(AbstractBeanFactory.java:331)
	at org.springframework.beans.factory.support.AbstractBeanFactory.getBean(AbstractBeanFactory.java:201)
	at org.springframework.beans.factory.support.DefaultListableBeanFactory.resolveBean(DefaultListableBeanFactory.java:1225)
	at org.springframework.beans.factory.support.DefaultListableBeanFactory.doResolveDependency(DefaultListableBeanFactory.java:1704)
	at org.springframework.beans.factory.support.DefaultListableBeanFactory.resolveDependency(DefaultListableBeanFactory.java:1651)
	at org.springframework.beans.factory.support.ConstructorResolver.resolveAutowiredArgument(ConstructorResolver.java:912)
	at org.springframework.beans.factory.support.ConstructorResolver.createArgumentArray(ConstructorResolver.java:791)
	at org.springframework.beans.factory.support.ConstructorResolver.autowireConstructor(ConstructorResolver.java:240)
	at org.springframework.beans.factory.support.AbstractAutowireCapableBeanFactory.autowireConstructor(AbstractAutowireCapableBeanFactory.java:1382)
	at org.springframework.beans.factory.support.AbstractAutowireCapableBeanFactory.createBeanInstance(AbstractAutowireCapableBeanFactory.java:1221)
	at org.springframework.beans.factory.support.AbstractAutowireCapableBeanFactory.doCreateBean(AbstractAutowireCapableBeanFactory.java:565)
	at org.springframework.beans.factory.support.AbstractAutowireCapableBeanFactory.createBean(AbstractAutowireCapableBeanFactory.java:525)
	at org.springframework.beans.factory.support.AbstractBeanFactory.lambda$doGetBean$0(AbstractBeanFactory.java:333)
	at org.springframework.beans.factory.support.DefaultSingletonBeanRegistry.getSingleton(DefaultSingletonBeanRegistry.java:371)
	at org.springframework.beans.factory.support.AbstractBeanFactory.doGetBean(AbstractBeanFactory.java:331)
	at org.springframework.beans.factory.support.AbstractBeanFactory.getBean(AbstractBeanFactory.java:201)
	at org.springframework.beans.factory.config.DependencyDescriptor.resolveCandidate(DependencyDescriptor.java:229)
	at org.springframework.beans.factory.support.DefaultListableBeanFactory.doResolveDependency(DefaultListableBeanFactory.java:1762)
	at org.springframework.beans.factory.support.DefaultListableBeanFactory.resolveDependency(DefaultListableBeanFactory.java:1651)
	at org.springframework.beans.factory.support.ConstructorResolver.resolveAutowiredArgument(ConstructorResolver.java:912)
	at org.springframework.beans.factory.support.ConstructorResolver.createArgumentArray(ConstructorResolver.java:791)
	at org.springframework.beans.factory.support.ConstructorResolver.autowireConstructor(ConstructorResolver.java:240)
	at org.springframework.beans.factory.support.AbstractAutowireCapableBeanFactory.autowireConstructor(AbstractAutowireCapableBeanFactory.java:1382)
	at org.springframework.beans.factory.support.AbstractAutowireCapableBeanFactory.createBeanInstance(AbstractAutowireCapableBeanFactory.java:1221)
	at org.springframework.beans.factory.support.AbstractAutowireCapableBeanFactory.doCreateBean(AbstractAutowireCapableBeanFactory.java:565)
	at org.springframework.beans.factory.support.AbstractAutowireCapableBeanFactory.createBean(AbstractAutowireCapableBeanFactory.java:525)
	at org.springframework.beans.factory.support.AbstractBeanFactory.lambda$doGetBean$0(AbstractBeanFactory.java:333)
	at org.springframework.beans.factory.support.DefaultSingletonBeanRegistry.getSingleton(DefaultSingletonBeanRegistry.java:371)
	at org.springframework.beans.factory.support.AbstractBeanFactory.doGetBean(AbstractBeanFactory.java:331)
	at org.springframework.beans.factory.support.AbstractBeanFactory.getBean(AbstractBeanFactory.java:201)
	at org.springframework.boot.web.servlet.ServletContextInitializerBeans.getOrderedBeansOfType(ServletContextInitializerBeans.java:231)
	at org.springframework.boot.web.servlet.ServletContextInitializerBeans.addAsRegistrationBean(ServletContextInitializerBeans.java:185)
	at org.springframework.boot.web.servlet.ServletContextInitializerBeans.addAsRegistrationBean(ServletContextInitializerBeans.java:180)
	at org.springframework.boot.web.servlet.ServletContextInitializerBeans.addAdaptableBeans(ServletContextInitializerBeans.java:165)
	at org.springframework.boot.web.servlet.ServletContextInitializerBeans.<init>(ServletContextInitializerBeans.java:97)
	at org.springframework.boot.web.context.servlet.WebApplicationContextInitializer.initialize(WebApplicationContextInitializer.java:53)
	at org.springframework.boot.tomcat.servlet.DeferredServletContainerInitializers.onStartup(DeferredServletContainerInitializers.java:55)
	at org.apache.catalina.core.StandardContext.startInternal(StandardContext.java:4416)
	at org.apache.catalina.util.LifecycleBase.start(LifecycleBase.java:164)
	at org.apache.catalina.core.ContainerBase$StartChild.call(ContainerBase.java:1162)
	at org.apache.catalina.core.ContainerBase$StartChild.call(ContainerBase.java:1158)
	at java.base/java.util.concurrent.FutureTask.run(FutureTask.java:317)
	at org.apache.tomcat.util.threads.InlineExecutorService.execute(InlineExecutorService.java:81)
	at java.base/java.util.concurrent.AbstractExecutorService.submit(AbstractExecutorService.java:145)
	at org.apache.catalina.core.ContainerBase.startInternal(ContainerBase.java:714)
	at org.apache.catalina.core.StandardHost.startInternal(StandardHost.java:780)
	at org.apache.catalina.util.LifecycleBase.start(LifecycleBase.java:164)
	at org.apache.catalina.core.ContainerBase$StartChild.call(ContainerBase.java:1162)
	at org.apache.catalina.core.ContainerBase$StartChild.call(ContainerBase.java:1158)
	at java.base/java.util.concurrent.FutureTask.run(FutureTask.java:317)
	at org.apache.tomcat.util.threads.InlineExecutorService.execute(InlineExecutorService.java:81)
	at java.base/java.util.concurrent.AbstractExecutorService.submit(AbstractExecutorService.java:145)
	at org.apache.catalina.core.ContainerBase.startInternal(ContainerBase.java:714)
	at org.apache.catalina.core.StandardEngine.startInternal(StandardEngine.java:201)
	at org.apache.catalina.util.LifecycleBase.start(LifecycleBase.java:164)
	at org.apache.catalina.core.StandardService.startInternal(StandardService.java:410)
	at org.apache.catalina.util.LifecycleBase.start(LifecycleBase.java:164)
	at org.apache.catalina.core.StandardServer.startInternal(StandardServer.java:864)
	at org.apache.catalina.util.LifecycleBase.start(LifecycleBase.java:164)
	at org.apache.catalina.startup.Tomcat.start(Tomcat.java:435)
	at org.springframework.boot.tomcat.TomcatWebServer.initialize(TomcatWebServer.java:131)
	at org.springframework.boot.tomcat.TomcatWebServer.<init>(TomcatWebServer.java:110)
	at org.springframework.boot.tomcat.servlet.TomcatServletWebServerFactory.getTomcatWebServer(TomcatServletWebServerFactory.java:408)
	at org.springframework.boot.tomcat.servlet.TomcatServletWebServerFactory.getWebServer(TomcatServletWebServerFactory.java:166)
	at org.springframework.boot.web.server.servlet.context.ServletWebServerApplicationContext.createWebServer(ServletWebServerApplicationContext.java:190)
	at org.springframework.boot.web.server.servlet.context.ServletWebServerApplicationContext.onRefresh(ServletWebServerApplicationContext.java:164)
	at org.springframework.context.support.AbstractApplicationContext.refresh(AbstractApplicationContext.java:615)
	at org.springframework.boot.web.server.servlet.context.ServletWebServerApplicationContext.refresh(ServletWebServerApplicationContext.java:143)
	at org.springframework.boot.SpringApplication.refresh(SpringApplication.java:756)
	at org.springframework.boot.SpringApplication.refreshContext(SpringApplication.java:445)
	at org.springframework.boot.SpringApplication.run(SpringApplication.java:321)
	at org.springframework.boot.SpringApplication.run(SpringApplication.java:1365)
	at org.springframework.boot.SpringApplication.run(SpringApplication.java:1354)
	at com.spring.boot.super30.backend.BackendApplication.main(BackendApplication.java:10)
Caused by: org.postgresql.util.PSQLException: FATAL: password authentication failed for user "postgres"
	at org.postgresql.core.v3.ConnectionFactoryImpl.doAuthentication(ConnectionFactoryImpl.java:778)
	at org.postgresql.core.v3.ConnectionFactoryImpl.tryConnect(ConnectionFactoryImpl.java:234)
	at org.postgresql.core.v3.ConnectionFactoryImpl.openConnectionImpl(ConnectionFactoryImpl.java:289)
	at org.postgresql.core.ConnectionFactory.openConnection(ConnectionFactory.java:57)
	at org.postgresql.jdbc.PgConnection.<init>(PgConnection.java:290)
	at org.postgresql.Driver.makeConnection(Driver.java:448)
	at org.postgresql.Driver.connect(Driver.java:298)
	at com.zaxxer.hikari.util.DriverDataSource.getConnection(DriverDataSource.java:144)
	at com.zaxxer.hikari.pool.PoolBase.newConnection(PoolBase.java:373)
	at com.zaxxer.hikari.pool.PoolBase.newPoolEntry(PoolBase.java:210)
	at com.zaxxer.hikari.pool.HikariPool.createPoolEntry(HikariPool.java:488)
	at com.zaxxer.hikari.pool.HikariPool.checkFailFast(HikariPool.java:576)
	at com.zaxxer.hikari.pool.HikariPool.<init>(HikariPool.java:97)
	at com.zaxxer.hikari.HikariDataSource.getConnection(HikariDataSource.java:111)
	at org.hibernate.engine.jdbc.connections.internal.DataSourceConnectionProvider.getConnection(DataSourceConnectionProvider.java:137)
	at org.hibernate.engine.jdbc.env.internal.JdbcEnvironmentInitiator$ConnectionProviderJdbcConnectionAccess.obtainConnection(JdbcEnvironmentInitiator.java:508)
	at org.hibernate.resource.transaction.backend.jdbc.internal.JdbcIsolationDelegate.delegateWork(JdbcIsolationDelegate.java:48)
	... 122 common frames omitted
2026-05-02 16:46:49,295 WARN o.h.e.j.d.i.DialectFactoryImpl [main] HHH90000025: PostgreSQLDialect does not need to be specified explicitly using 'hibernate.dialect' (remove the property setting and it will be selected by default)
2026-05-02 16:46:49,321 INFO o.h.e.j.e.i.JdbcEnvironmentInitiator [main] HHH10001005: Database info:
	Database JDBC URL [undefined/unknown]
	Database driver: undefined/unknown
	Database dialect: PostgreSQLDialect
	Database version: 13.0
	Default catalog/schema: unknown/unknown
	Autocommit mode: undefined/unknown
	Isolation level: NONE [default NONE]
	JDBC fetch size: undefined/unknown
	Pool: DataSourceConnectionProvider
	Minimum pool size: undefined/unknown
	Maximum pool size: undefined/unknown
2026-05-02 16:46:50,994 INFO o.h.e.t.j.p.i.JtaPlatformInitiator [main] HHH000489: No JTA platform available (set 'hibernate.transaction.jta.platform' to enable JTA platform integration)
2026-05-02 16:46:51,024 INFO c.z.h.HikariDataSource [main] HikariPool-1 - Starting...
2026-05-02 16:46:52,090 WARN o.h.e.j.s.SqlExceptionHelper [main] HHH000247: ErrorCode: 0, SQLState: 28P01
2026-05-02 16:46:52,090 WARN o.h.e.j.s.SqlExceptionHelper [main] FATAL: password authentication failed for user "postgres"
2026-05-02 16:46:52,098 ERROR o.s.o.j.AbstractEntityManagerFactoryBean [main] Failed to initialize JPA EntityManagerFactory: Unable to build Hibernate SessionFactory  [persistence unit: default] ; nested exception is org.hibernate.exception.AuthException: Unable to open JDBC Connection for DDL execution [FATAL: password authentication failed for user "postgres"] [n/a]
2026-05-02 16:46:52,105 ERROR o.s.b.t.s.DeferredServletContainerInitializers [main] Error starting Tomcat context. Exception: org.springframework.beans.factory.UnsatisfiedDependencyException. Message: Error creating bean with name 'jwtAuthenticationFilter' defined in file [C:\Projects\prescribe\backend\target\classes\com\spring\boot\super30\backend\security\jwt\JwtAuthenticationFilter.class]: Unsatisfied dependency expressed through constructor parameter 1: Error creating bean with name 'customUserDetailsService' defined in file [C:\Projects\prescribe\backend\target\classes\com\spring\boot\super30\backend\security\service\CustomUserDetailsService.class]: Unsatisfied dependency expressed through constructor parameter 0: Error creating bean with name 'userRepository' defined in com.spring.boot.super30.backend.shared.repository.UserRepository defined in @EnableJpaRepositories declared on DataJpaRepositoriesRegistrar.EnableJpaRepositoriesConfiguration: Cannot resolve reference to bean 'jpaSharedEM_entityManagerFactory' while setting bean property 'entityManager'
2026-05-02 16:46:52,149 INFO o.a.j.l.DirectJDKLog [main] Stopping service [Tomcat]
2026-05-02 16:46:52,158 WARN o.s.c.s.AbstractApplicationContext [main] Exception encountered during context initialization - cancelling refresh attempt: org.springframework.context.ApplicationContextException: Unable to start web server
2026-05-02 16:46:52,166 INFO o.s.b.a.l.ConditionEvaluationReportLogger [main] 

Error starting ApplicationContext. To display the condition evaluation report re-run your application with 'debug' enabled.
2026-05-02 16:46:52,185 ERROR o.s.b.SpringApplication [main] Application run failed
org.springframework.context.ApplicationContextException: Unable to start web server
	at org.springframework.boot.web.server.servlet.context.ServletWebServerApplicationContext.onRefresh(ServletWebServerApplicationContext.java:167)
	at org.springframework.context.support.AbstractApplicationContext.refresh(AbstractApplicationContext.java:615)
	at org.springframework.boot.web.server.servlet.context.ServletWebServerApplicationContext.refresh(ServletWebServerApplicationContext.java:143)
	at org.springframework.boot.SpringApplication.refresh(SpringApplication.java:756)
	at org.springframework.boot.SpringApplication.refreshContext(SpringApplication.java:445)
	at org.springframework.boot.SpringApplication.run(SpringApplication.java:321)
	at org.springframework.boot.SpringApplication.run(SpringApplication.java:1365)
	at org.springframework.boot.SpringApplication.run(SpringApplication.java:1354)
	at com.spring.boot.super30.backend.BackendApplication.main(BackendApplication.java:10)
Caused by: org.springframework.boot.web.server.WebServerException: Unable to start embedded Tomcat
	at org.springframework.boot.tomcat.TomcatWebServer.initialize(TomcatWebServer.java:150)
	at org.springframework.boot.tomcat.TomcatWebServer.<init>(TomcatWebServer.java:110)
	at org.springframework.boot.tomcat.servlet.TomcatServletWebServerFactory.getTomcatWebServer(TomcatServletWebServerFactory.java:408)
	at org.springframework.boot.tomcat.servlet.TomcatServletWebServerFactory.getWebServer(TomcatServletWebServerFactory.java:166)
	at org.springframework.boot.web.server.servlet.context.ServletWebServerApplicationContext.createWebServer(ServletWebServerApplicationContext.java:190)
	at org.springframework.boot.web.server.servlet.context.ServletWebServerApplicationContext.onRefresh(ServletWebServerApplicationContext.java:164)
	... 8 common frames omitted
Caused by: org.springframework.beans.factory.UnsatisfiedDependencyException: Error creating bean with name 'jwtAuthenticationFilter' defined in file [C:\Projects\prescribe\backend\target\classes\com\spring\boot\super30\backend\security\jwt\JwtAuthenticationFilter.class]: Unsatisfied dependency expressed through constructor parameter 1: Error creating bean with name 'customUserDetailsService' defined in file [C:\Projects\prescribe\backend\target\classes\com\spring\boot\super30\backend\security\service\CustomUserDetailsService.class]: Unsatisfied dependency expressed through constructor parameter 0: Error creating bean with name 'userRepository' defined in com.spring.boot.super30.backend.shared.repository.UserRepository defined in @EnableJpaRepositories declared on DataJpaRepositoriesRegistrar.EnableJpaRepositoriesConfiguration: Cannot resolve reference to bean 'jpaSharedEM_entityManagerFactory' while setting bean property 'entityManager'
	at org.springframework.beans.factory.support.ConstructorResolver.createArgumentArray(ConstructorResolver.java:804)
	at org.springframework.beans.factory.support.ConstructorResolver.autowireConstructor(ConstructorResolver.java:240)
	at org.springframework.beans.factory.support.AbstractAutowireCapableBeanFactory.autowireConstructor(AbstractAutowireCapableBeanFactory.java:1382)
	at org.springframework.beans.factory.support.AbstractAutowireCapableBeanFactory.createBeanInstance(AbstractAutowireCapableBeanFactory.java:1221)
	at org.springframework.beans.factory.support.AbstractAutowireCapableBeanFactory.doCreateBean(AbstractAutowireCapableBeanFactory.java:565)
	at org.springframework.beans.factory.support.AbstractAutowireCapableBeanFactory.createBean(AbstractAutowireCapableBeanFactory.java:525)
	at org.springframework.beans.factory.support.AbstractBeanFactory.lambda$doGetBean$0(AbstractBeanFactory.java:333)
	at org.springframework.beans.factory.support.DefaultSingletonBeanRegistry.getSingleton(DefaultSingletonBeanRegistry.java:371)
	at org.springframework.beans.factory.support.AbstractBeanFactory.doGetBean(AbstractBeanFactory.java:331)
	at org.springframework.beans.factory.support.AbstractBeanFactory.getBean(AbstractBeanFactory.java:201)
	at org.springframework.boot.web.servlet.ServletContextInitializerBeans.getOrderedBeansOfType(ServletContextInitializerBeans.java:231)
	at org.springframework.boot.web.servlet.ServletContextInitializerBeans.addAsRegistrationBean(ServletContextInitializerBeans.java:185)
	at org.springframework.boot.web.servlet.ServletContextInitializerBeans.addAsRegistrationBean(ServletContextInitializerBeans.java:180)
	at org.springframework.boot.web.servlet.ServletContextInitializerBeans.addAdaptableBeans(ServletContextInitializerBeans.java:165)
	at org.springframework.boot.web.servlet.ServletContextInitializerBeans.<init>(ServletContextInitializerBeans.java:97)
	at org.springframework.boot.web.context.servlet.WebApplicationContextInitializer.initialize(WebApplicationContextInitializer.java:53)
	at org.springframework.boot.tomcat.servlet.DeferredServletContainerInitializers.onStartup(DeferredServletContainerInitializers.java:55)
	at org.apache.catalina.core.StandardContext.startInternal(StandardContext.java:4416)
	at org.apache.catalina.util.LifecycleBase.start(LifecycleBase.java:164)
	at org.apache.catalina.core.ContainerBase$StartChild.call(ContainerBase.java:1162)
	at org.apache.catalina.core.ContainerBase$StartChild.call(ContainerBase.java:1158)
	at java.base/java.util.concurrent.FutureTask.run(FutureTask.java:317)
	at org.apache.tomcat.util.threads.InlineExecutorService.execute(InlineExecutorService.java:81)
	at java.base/java.util.concurrent.AbstractExecutorService.submit(AbstractExecutorService.java:145)
	at org.apache.catalina.core.ContainerBase.startInternal(ContainerBase.java:714)
	at org.apache.catalina.core.StandardHost.startInternal(StandardHost.java:780)
	at org.apache.catalina.util.LifecycleBase.start(LifecycleBase.java:164)
	at org.apache.catalina.core.ContainerBase$StartChild.call(ContainerBase.java:1162)
	at org.apache.catalina.core.ContainerBase$StartChild.call(ContainerBase.java:1158)
	at java.base/java.util.concurrent.FutureTask.run(FutureTask.java:317)
	at org.apache.tomcat.util.threads.InlineExecutorService.execute(InlineExecutorService.java:81)
	at java.base/java.util.concurrent.AbstractExecutorService.submit(AbstractExecutorService.java:145)
	at org.apache.catalina.core.ContainerBase.startInternal(ContainerBase.java:714)
	at org.apache.catalina.core.StandardEngine.startInternal(StandardEngine.java:201)
	at org.apache.catalina.util.LifecycleBase.start(LifecycleBase.java:164)
	at org.apache.catalina.core.StandardService.startInternal(StandardService.java:410)
	at org.apache.catalina.util.LifecycleBase.start(LifecycleBase.java:164)
	at org.apache.catalina.core.StandardServer.startInternal(StandardServer.java:864)
	at org.apache.catalina.util.LifecycleBase.start(LifecycleBase.java:164)
	at org.apache.catalina.startup.Tomcat.start(Tomcat.java:435)
	at org.springframework.boot.tomcat.TomcatWebServer.initialize(TomcatWebServer.java:131)
	... 13 common frames omitted
Caused by: org.springframework.beans.factory.UnsatisfiedDependencyException: Error creating bean with name 'customUserDetailsService' defined in file [C:\Projects\prescribe\backend\target\classes\com\spring\boot\super30\backend\security\service\CustomUserDetailsService.class]: Unsatisfied dependency expressed through constructor parameter 0: Error creating bean with name 'userRepository' defined in com.spring.boot.super30.backend.shared.repository.UserRepository defined in @EnableJpaRepositories declared on DataJpaRepositoriesRegistrar.EnableJpaRepositoriesConfiguration: Cannot resolve reference to bean 'jpaSharedEM_entityManagerFactory' while setting bean property 'entityManager'
	at org.springframework.beans.factory.support.ConstructorResolver.createArgumentArray(ConstructorResolver.java:804)
	at org.springframework.beans.factory.support.ConstructorResolver.autowireConstructor(ConstructorResolver.java:240)
	at org.springframework.beans.factory.support.AbstractAutowireCapableBeanFactory.autowireConstructor(AbstractAutowireCapableBeanFactory.java:1382)
	at org.springframework.beans.factory.support.AbstractAutowireCapableBeanFactory.createBeanInstance(AbstractAutowireCapableBeanFactory.java:1221)
	at org.springframework.beans.factory.support.AbstractAutowireCapableBeanFactory.doCreateBean(AbstractAutowireCapableBeanFactory.java:565)
	at org.springframework.beans.factory.support.AbstractAutowireCapableBeanFactory.createBean(AbstractAutowireCapableBeanFactory.java:525)
	at org.springframework.beans.factory.support.AbstractBeanFactory.lambda$doGetBean$0(AbstractBeanFactory.java:333)
	at org.springframework.beans.factory.support.DefaultSingletonBeanRegistry.getSingleton(DefaultSingletonBeanRegistry.java:371)
	at org.springframework.beans.factory.support.AbstractBeanFactory.doGetBean(AbstractBeanFactory.java:331)
	at org.springframework.beans.factory.support.AbstractBeanFactory.getBean(AbstractBeanFactory.java:201)
	at org.springframework.beans.factory.config.DependencyDescriptor.resolveCandidate(DependencyDescriptor.java:229)
	at org.springframework.beans.factory.support.DefaultListableBeanFactory.doResolveDependency(DefaultListableBeanFactory.java:1762)
	at org.springframework.beans.factory.support.DefaultListableBeanFactory.resolveDependency(DefaultListableBeanFactory.java:1651)
	at org.springframework.beans.factory.support.ConstructorResolver.resolveAutowiredArgument(ConstructorResolver.java:912)
	at org.springframework.beans.factory.support.ConstructorResolver.createArgumentArray(ConstructorResolver.java:791)
	... 53 common frames omitted
Caused by: org.springframework.beans.factory.BeanCreationException: Error creating bean with name 'userRepository' defined in com.spring.boot.super30.backend.shared.repository.UserRepository defined in @EnableJpaRepositories declared on DataJpaRepositoriesRegistrar.EnableJpaRepositoriesConfiguration: Cannot resolve reference to bean 'jpaSharedEM_entityManagerFactory' while setting bean property 'entityManager'
	at org.springframework.beans.factory.support.BeanDefinitionValueResolver.resolveReference(BeanDefinitionValueResolver.java:377)
	at org.springframework.beans.factory.support.BeanDefinitionValueResolver.resolveValueIfNecessary(BeanDefinitionValueResolver.java:135)
	at org.springframework.beans.factory.support.AbstractAutowireCapableBeanFactory.applyPropertyValues(AbstractAutowireCapableBeanFactory.java:1712)
	at org.springframework.beans.factory.support.AbstractAutowireCapableBeanFactory.populateBean(AbstractAutowireCapableBeanFactory.java:1461)
	at org.springframework.beans.factory.support.AbstractAutowireCapableBeanFactory.doCreateBean(AbstractAutowireCapableBeanFactory.java:602)
	at org.springframework.beans.factory.support.AbstractAutowireCapableBeanFactory.createBean(AbstractAutowireCapableBeanFactory.java:525)
	at org.springframework.beans.factory.support.AbstractBeanFactory.lambda$doGetBean$0(AbstractBeanFactory.java:333)
	at org.springframework.beans.factory.support.DefaultSingletonBeanRegistry.getSingleton(DefaultSingletonBeanRegistry.java:371)
	at org.springframework.beans.factory.support.AbstractBeanFactory.doGetBean(AbstractBeanFactory.java:331)
	at org.springframework.beans.factory.support.AbstractBeanFactory.getBean(AbstractBeanFactory.java:201)
	at org.springframework.beans.factory.support.DefaultListableBeanFactory.resolveBean(DefaultListableBeanFactory.java:1225)
	at org.springframework.beans.factory.support.DefaultListableBeanFactory.doResolveDependency(DefaultListableBeanFactory.java:1704)
	at org.springframework.beans.factory.support.DefaultListableBeanFactory.resolveDependency(DefaultListableBeanFactory.java:1651)
	at org.springframework.beans.factory.support.ConstructorResolver.resolveAutowiredArgument(ConstructorResolver.java:912)
	at org.springframework.beans.factory.support.ConstructorResolver.createArgumentArray(ConstructorResolver.java:791)
	... 67 common frames omitted
Caused by: org.springframework.beans.factory.BeanCreationException: Error creating bean with name 'jpaSharedEM_entityManagerFactory': Cannot resolve reference to bean 'entityManagerFactory' while setting constructor argument
	at org.springframework.beans.factory.support.BeanDefinitionValueResolver.resolveReference(BeanDefinitionValueResolver.java:377)
	at org.springframework.beans.factory.support.BeanDefinitionValueResolver.resolveValueIfNecessary(BeanDefinitionValueResolver.java:135)
	at org.springframework.beans.factory.support.ConstructorResolver.resolveConstructorArguments(ConstructorResolver.java:691)
	at org.springframework.beans.factory.support.ConstructorResolver.instantiateUsingFactoryMethod(ConstructorResolver.java:513)
	at org.springframework.beans.factory.support.AbstractAutowireCapableBeanFactory.instantiateUsingFactoryMethod(AbstractAutowireCapableBeanFactory.java:1362)
	at org.springframework.beans.factory.support.AbstractAutowireCapableBeanFactory.createBeanInstance(AbstractAutowireCapableBeanFactory.java:1194)
	at org.springframework.beans.factory.support.AbstractAutowireCapableBeanFactory.doCreateBean(AbstractAutowireCapableBeanFactory.java:565)
	at org.springframework.beans.factory.support.AbstractAutowireCapableBeanFactory.createBean(AbstractAutowireCapableBeanFactory.java:525)
	at org.springframework.beans.factory.support.AbstractBeanFactory.lambda$doGetBean$0(AbstractBeanFactory.java:333)
	at org.springframework.beans.factory.support.DefaultSingletonBeanRegistry.getSingleton(DefaultSingletonBeanRegistry.java:371)
	at org.springframework.beans.factory.support.AbstractBeanFactory.doGetBean(AbstractBeanFactory.java:331)
	at org.springframework.beans.factory.support.AbstractBeanFactory.getBean(AbstractBeanFactory.java:201)
	at org.springframework.beans.factory.support.BeanDefinitionValueResolver.resolveReference(BeanDefinitionValueResolver.java:356)
	... 81 common frames omitted
Caused by: org.springframework.beans.factory.BeanCreationException: Error creating bean with name 'entityManagerFactory' defined in class path resource [org/springframework/boot/hibernate/autoconfigure/HibernateJpaConfiguration.class]: Unable to build Hibernate SessionFactory  [persistence unit: default] ; nested exception is org.hibernate.exception.AuthException: Unable to open JDBC Connection for DDL execution [FATAL: password authentication failed for user "postgres"] [n/a]
	at org.springframework.beans.factory.support.AbstractAutowireCapableBeanFactory.initializeBean(AbstractAutowireCapableBeanFactory.java:1817)
	at org.springframework.beans.factory.support.AbstractAutowireCapableBeanFactory.doCreateBean(AbstractAutowireCapableBeanFactory.java:603)
	at org.springframework.beans.factory.support.AbstractAutowireCapableBeanFactory.createBean(AbstractAutowireCapableBeanFactory.java:525)
	at org.springframework.beans.factory.support.AbstractBeanFactory.lambda$doGetBean$0(AbstractBeanFactory.java:333)
	at org.springframework.beans.factory.support.DefaultSingletonBeanRegistry.getSingleton(DefaultSingletonBeanRegistry.java:371)
	at org.springframework.beans.factory.support.AbstractBeanFactory.doGetBean(AbstractBeanFactory.java:331)
	at org.springframework.beans.factory.support.AbstractBeanFactory.getBean(AbstractBeanFactory.java:196)
	at org.springframework.beans.factory.support.BeanDefinitionValueResolver.resolveReference(BeanDefinitionValueResolver.java:365)
	... 93 common frames omitted
Caused by: jakarta.persistence.PersistenceException: Unable to build Hibernate SessionFactory  [persistence unit: default] ; nested exception is org.hibernate.exception.AuthException: Unable to open JDBC Connection for DDL execution [FATAL: password authentication failed for user "postgres"] [n/a]
	at org.springframework.orm.jpa.AbstractEntityManagerFactoryBean.buildNativeEntityManagerFactory(AbstractEntityManagerFactoryBean.java:448)
	at org.springframework.orm.jpa.AbstractEntityManagerFactoryBean.afterPropertiesSet(AbstractEntityManagerFactoryBean.java:411)
	at org.springframework.orm.jpa.LocalContainerEntityManagerFactoryBean.afterPropertiesSet(LocalContainerEntityManagerFactoryBean.java:419)
	at org.springframework.beans.factory.support.AbstractAutowireCapableBeanFactory.invokeInitMethods(AbstractAutowireCapableBeanFactory.java:1864)
	at org.springframework.beans.factory.support.AbstractAutowireCapableBeanFactory.initializeBean(AbstractAutowireCapableBeanFactory.java:1813)
	... 100 common frames omitted
Caused by: org.hibernate.exception.AuthException: Unable to open JDBC Connection for DDL execution [FATAL: password authentication failed for user "postgres"] [n/a]
	at org.hibernate.exception.internal.SQLStateConversionDelegate.convert(SQLStateConversionDelegate.java:87)
	at org.hibernate.exception.internal.StandardSQLExceptionConverter.convert(StandardSQLExceptionConverter.java:34)
	at org.hibernate.engine.jdbc.spi.SqlExceptionHelper.convert(SqlExceptionHelper.java:115)
	at org.hibernate.engine.jdbc.spi.SqlExceptionHelper.convert(SqlExceptionHelper.java:101)
	at org.hibernate.resource.transaction.backend.jdbc.internal.DdlTransactionIsolatorNonJtaImpl.getIsolatedConnection(DdlTransactionIsolatorNonJtaImpl.java:71)
	at org.hibernate.resource.transaction.backend.jdbc.internal.DdlTransactionIsolatorNonJtaImpl.getIsolatedConnection(DdlTransactionIsolatorNonJtaImpl.java:37)
	at org.hibernate.tool.schema.internal.exec.ImprovedExtractionContextImpl.getJdbcConnection(ImprovedExtractionContextImpl.java:61)
	at org.hibernate.tool.schema.extract.spi.ExtractionContext.getQueryResults(ExtractionContext.java:41)
	at org.hibernate.tool.schema.extract.internal.SequenceInformationExtractorLegacyImpl.extractMetadata(SequenceInformationExtractorLegacyImpl.java:36)
	at org.hibernate.tool.schema.extract.internal.DatabaseInformationImpl.initializeSequences(DatabaseInformationImpl.java:73)
	at org.hibernate.tool.schema.extract.internal.DatabaseInformationImpl.<init>(DatabaseInformationImpl.java:63)
	at org.hibernate.tool.schema.extract.internal.CachingDatabaseInformationImpl.<init>(CachingDatabaseInformationImpl.java:43)
	at org.hibernate.tool.schema.internal.GroupedSchemaMigratorImpl.buildDatabaseInformation(GroupedSchemaMigratorImpl.java:112)
	at org.hibernate.tool.schema.internal.AbstractSchemaMigrator.doMigration(AbstractSchemaMigrator.java:83)
	at org.hibernate.tool.schema.spi.SchemaManagementToolCoordinator.performDatabaseAction(SchemaManagementToolCoordinator.java:269)
	at org.hibernate.tool.schema.spi.SchemaManagementToolCoordinator.lambda$process$1(SchemaManagementToolCoordinator.java:101)
	at java.base/java.util.HashMap.forEach(HashMap.java:1429)
	at org.hibernate.tool.schema.spi.SchemaManagementToolCoordinator.process(SchemaManagementToolCoordinator.java:100)
	at org.hibernate.boot.internal.SessionFactoryObserverForSchemaExport.sessionFactoryCreated(SessionFactoryObserverForSchemaExport.java:35)
	at org.hibernate.internal.SessionFactoryObserverChain.sessionFactoryCreated(SessionFactoryObserverChain.java:33)
	at org.hibernate.internal.SessionFactoryImpl.<init>(SessionFactoryImpl.java:323)
	at org.hibernate.internal.SessionFactoryRegistry.instantiateSessionFactory(SessionFactoryRegistry.java:64)
	at org.hibernate.boot.internal.SessionFactoryBuilderImpl.build(SessionFactoryBuilderImpl.java:437)
	at org.hibernate.jpa.boot.internal.EntityManagerFactoryBuilderImpl.build(EntityManagerFactoryBuilderImpl.java:1456)
	at org.springframework.orm.jpa.vendor.SpringHibernateJpaPersistenceProvider.createContainerEntityManagerFactory(SpringHibernateJpaPersistenceProvider.java:93)
	at org.springframework.orm.jpa.LocalContainerEntityManagerFactoryBean.createNativeEntityManagerFactory(LocalContainerEntityManagerFactoryBean.java:443)
	at org.springframework.orm.jpa.AbstractEntityManagerFactoryBean.buildNativeEntityManagerFactory(AbstractEntityManagerFactoryBean.java:436)
	... 104 common frames omitted
Caused by: org.postgresql.util.PSQLException: FATAL: password authentication failed for user "postgres"
	at org.postgresql.core.v3.ConnectionFactoryImpl.doAuthentication(ConnectionFactoryImpl.java:778)
	at org.postgresql.core.v3.ConnectionFactoryImpl.tryConnect(ConnectionFactoryImpl.java:234)
	at org.postgresql.core.v3.ConnectionFactoryImpl.openConnectionImpl(ConnectionFactoryImpl.java:289)
	at org.postgresql.core.ConnectionFactory.openConnection(ConnectionFactory.java:57)
	at org.postgresql.jdbc.PgConnection.<init>(PgConnection.java:290)
	at org.postgresql.Driver.makeConnection(Driver.java:448)
	at org.postgresql.Driver.connect(Driver.java:298)
	at com.zaxxer.hikari.util.DriverDataSource.getConnection(DriverDataSource.java:144)
	at com.zaxxer.hikari.pool.PoolBase.newConnection(PoolBase.java:373)
	at com.zaxxer.hikari.pool.PoolBase.newPoolEntry(PoolBase.java:210)
	at com.zaxxer.hikari.pool.HikariPool.createPoolEntry(HikariPool.java:488)
	at com.zaxxer.hikari.pool.HikariPool.checkFailFast(HikariPool.java:576)
	at com.zaxxer.hikari.pool.HikariPool.<init>(HikariPool.java:97)
	at com.zaxxer.hikari.HikariDataSource.getConnection(HikariDataSource.java:111)
	at org.hibernate.engine.jdbc.connections.internal.DataSourceConnectionProvider.getConnection(DataSourceConnectionProvider.java:137)
	at org.hibernate.engine.jdbc.env.internal.JdbcEnvironmentInitiator$ConnectionProviderJdbcConnectionAccess.obtainConnection(JdbcEnvironmentInitiator.java:508)
	at org.hibernate.resource.transaction.backend.jdbc.internal.DdlTransactionIsolatorNonJtaImpl.getIsolatedConnection(DdlTransactionIsolatorNonJtaImpl.java:44)
	... 126 common frames omitted
2026-05-02 16:47:29,611 INFO o.s.b.StartupInfoLogger [main] Starting BackendApplication using Java 21.0.9 with PID 3860 (C:\Projects\prescribe\backend\target\classes started by Pranav in C:\Projects\prescribe\backend)
2026-05-02 16:47:29,616 INFO o.s.b.SpringApplication [main] No active profile set, falling back to 1 default profile: "default"
2026-05-02 16:47:29,891 INFO o.h.v.i.u.Version [background-preinit] HV000001: Hibernate Validator 9.0.1.Final
2026-05-02 16:47:30,560 INFO o.s.d.r.c.RepositoryConfigurationDelegate [main] Bootstrapping Spring Data JPA repositories in DEFAULT mode.
2026-05-02 16:47:30,680 INFO o.s.d.r.c.RepositoryConfigurationDelegate [main] Finished Spring Data repository scanning in 109 ms. Found 10 JPA repository interfaces.
2026-05-02 16:47:31,297 INFO o.s.b.t.TomcatWebServer [main] Tomcat initialized with port 8080 (http)
2026-05-02 16:47:31,312 INFO o.a.j.l.DirectJDKLog [main] Initializing ProtocolHandler ["http-nio-8080"]
2026-05-02 16:47:31,312 INFO o.a.j.l.DirectJDKLog [main] Starting service [Tomcat]
2026-05-02 16:47:31,312 INFO o.a.j.l.DirectJDKLog [main] Starting Servlet engine: [Apache Tomcat/11.0.18]
2026-05-02 16:47:31,407 INFO o.s.b.w.c.s.WebApplicationContextInitializer [main] Root WebApplicationContext: initialization completed in 1734 ms
2026-05-02 16:47:31,562 INFO o.h.j.i.u.LogHelper [main] HHH008540: Processing PersistenceUnitInfo [name: default]
2026-05-02 16:47:31,630 INFO o.h.Version [main] HHH000001: Hibernate ORM core version 7.2.4.Final
2026-05-02 16:47:32,113 INFO o.s.o.j.p.SpringPersistenceUnitInfo [main] No LoadTimeWeaver setup: ignoring JPA class transformer
2026-05-02 16:47:32,152 INFO c.z.h.HikariDataSource [main] HikariPool-1 - Starting...
2026-05-02 16:47:32,340 INFO c.z.h.p.HikariPool [main] HikariPool-1 - Added connection org.postgresql.jdbc.PgConnection@52d9f36b
2026-05-02 16:47:32,343 INFO c.z.h.HikariDataSource [main] HikariPool-1 - Start completed.
2026-05-02 16:47:32,381 WARN o.h.e.j.d.i.DialectFactoryImpl [main] HHH90000025: PostgreSQLDialect does not need to be specified explicitly using 'hibernate.dialect' (remove the property setting and it will be selected by default)
2026-05-02 16:47:32,410 INFO o.h.e.j.e.i.JdbcEnvironmentInitiator [main] HHH10001005: Database info:
	Database JDBC URL [jdbc:postgresql://localhost:5432/postgres]
	Database driver: PostgreSQL JDBC Driver
	Database dialect: PostgreSQLDialect
	Database version: 18.3
	Default catalog/schema: postgres/public
	Autocommit mode: undefined/unknown
	Isolation level: READ_COMMITTED [default READ_COMMITTED]
	JDBC fetch size: none
	Pool: DataSourceConnectionProvider
	Minimum pool size: undefined/unknown
	Maximum pool size: undefined/unknown
2026-05-02 16:47:33,851 INFO o.h.e.t.j.p.i.JtaPlatformInitiator [main] HHH000489: No JTA platform available (set 'hibernate.transaction.jta.platform' to enable JTA platform integration)
2026-05-02 16:47:33,964 INFO o.s.o.j.AbstractEntityManagerFactoryBean [main] Initialized JPA EntityManagerFactory for persistence unit 'default'
2026-05-02 16:47:34,039 INFO o.s.d.j.r.q.QueryEnhancerFactories [main] Hibernate is in classpath; If applicable, HQL parser will be used.
2026-05-02 16:47:35,037 INFO c.s.b.s.b.s.s.SubscriptionService [main] Razorpay client initialized successfully
2026-05-02 16:47:35,104 INFO o.s.s.c.a.a.c.InitializeAuthenticationProviderBeanManagerConfigurer$InitializeAuthenticationProviderManagerConfigurer [main] Global AuthenticationManager configured with AuthenticationProvider bean with name authenticationProvider
2026-05-02 16:47:35,104 WARN o.s.s.c.a.a.c.InitializeUserDetailsBeanManagerConfigurer$InitializeUserDetailsManagerConfigurer [main] Global AuthenticationManager configured with an AuthenticationProvider bean. UserDetailsService beans will not be used by Spring Security for automatically configuring username/password login. Consider removing the AuthenticationProvider bean. Alternatively, consider using the UserDetailsService in a manually instantiated DaoAuthenticationProvider. If the current configuration is intentional, to turn off this warning, increase the logging level of 'org.springframework.security.config.annotation.authentication.configuration.InitializeUserDetailsBeanManagerConfigurer' to ERROR
2026-05-02 16:47:35,252 WARN o.s.b.j.a.JpaBaseConfiguration$JpaWebConfiguration [main] spring.jpa.open-in-view is enabled by default. Therefore, database queries may be performed during view rendering. Explicitly configure spring.jpa.open-in-view to disable this warning
2026-05-02 16:47:35,784 INFO o.a.j.l.DirectJDKLog [main] Starting ProtocolHandler ["http-nio-8080"]
2026-05-02 16:47:35,797 INFO o.s.b.t.TomcatWebServer [main] Tomcat started on port 8080 (http) with context path '/'
2026-05-02 16:47:35,802 INFO o.s.b.StartupInfoLogger [main] Started BackendApplication in 6.936 seconds (process running for 7.503)
2026-05-02 16:47:42,377 INFO o.a.j.l.DirectJDKLog [http-nio-8080-exec-1] Initializing Spring DispatcherServlet 'dispatcherServlet'
2026-05-02 16:47:42,381 INFO o.s.w.s.FrameworkServlet [http-nio-8080-exec-1] Initializing Servlet 'dispatcherServlet'
2026-05-02 16:47:42,386 INFO o.s.w.s.FrameworkServlet [http-nio-8080-exec-1] Completed initialization in 3 ms
2026-05-02 16:47:44,516 INFO c.s.b.s.b.s.j.JwtAuthenticationFilter [http-nio-8080-exec-3] JWT validated successfully for context user: prescribe.services@gmail.com
2026-05-02 16:47:44,597 INFO c.s.b.s.b.d.c.AdminController [http-nio-8080-exec-3] Admin requesting pending doctors list
2026-05-02 16:47:44,599 INFO c.s.b.s.b.d.s.DoctorService [http-nio-8080-exec-3] Fetching all pending doctors
2026-05-02 16:47:44,944 INFO c.s.b.s.b.s.j.JwtAuthenticationFilter [http-nio-8080-exec-10] JWT validated successfully for context user: prescribe.services@gmail.com
2026-05-02 16:47:44,949 INFO c.s.b.s.b.d.c.AdminController [http-nio-8080-exec-10] Admin requesting pending doctors list
2026-05-02 16:47:44,951 INFO c.s.b.s.b.d.s.DoctorService [http-nio-8080-exec-10] Fetching all pending doctors
2026-05-02 16:47:45,903 INFO c.s.b.s.b.s.j.JwtAuthenticationFilter [http-nio-8080-exec-4] JWT validated successfully for context user: prescribe.services@gmail.com
2026-05-02 16:47:45,907 INFO c.s.b.s.b.d.c.AdminController [http-nio-8080-exec-4] Admin requesting pending doctors list
2026-05-02 16:47:45,907 INFO c.s.b.s.b.d.s.DoctorService [http-nio-8080-exec-4] Fetching all pending doctors
2026-05-02 16:47:45,999 INFO c.s.b.s.b.s.j.JwtAuthenticationFilter [http-nio-8080-exec-4] JWT validated successfully for context user: prescribe.services@gmail.com
2026-05-02 16:47:46,004 INFO c.s.b.s.b.d.c.AdminController [http-nio-8080-exec-4] Admin requesting pending doctors list
2026-05-02 16:47:46,008 INFO c.s.b.s.b.d.s.DoctorService [http-nio-8080-exec-4] Fetching all pending doctors
2026-05-02 16:47:47,977 INFO c.s.b.s.b.s.j.JwtAuthenticationFilter [http-nio-8080-exec-9] JWT validated successfully for context user: prescribe.services@gmail.com
2026-05-02 16:47:47,983 INFO c.s.b.s.b.d.c.AdminController [http-nio-8080-exec-9] Admin requesting pending doctors list
2026-05-02 16:47:47,987 INFO c.s.b.s.b.d.s.DoctorService [http-nio-8080-exec-9] Fetching all pending doctors
2026-05-02 16:47:48,063 INFO c.s.b.s.b.s.j.JwtAuthenticationFilter [http-nio-8080-exec-2] JWT validated successfully for context user: prescribe.services@gmail.com
2026-05-02 16:47:48,063 INFO c.s.b.s.b.d.c.AdminController [http-nio-8080-exec-2] Admin requesting pending doctors list
2026-05-02 16:47:48,073 INFO c.s.b.s.b.d.s.DoctorService [http-nio-8080-exec-2] Fetching all pending doctors
2026-05-02 16:47:48,511 INFO c.s.b.s.b.s.j.JwtAuthenticationFilter [http-nio-8080-exec-1] JWT validated successfully for context user: prescribe.services@gmail.com
2026-05-02 16:47:48,517 INFO c.s.b.s.b.d.c.AdminController [http-nio-8080-exec-1] Admin requesting pending doctors list
2026-05-02 16:47:48,517 INFO c.s.b.s.b.d.s.DoctorService [http-nio-8080-exec-1] Fetching all pending doctors
2026-05-02 16:47:48,584 INFO c.s.b.s.b.s.j.JwtAuthenticationFilter [http-nio-8080-exec-5] JWT validated successfully for context user: prescribe.services@gmail.com
2026-05-02 16:47:48,590 INFO c.s.b.s.b.d.c.AdminController [http-nio-8080-exec-5] Admin requesting pending doctors list
2026-05-02 16:47:48,591 INFO c.s.b.s.b.d.s.DoctorService [http-nio-8080-exec-5] Fetching all pending doctors
2026-05-02 16:47:49,017 INFO c.s.b.s.b.s.j.JwtAuthenticationFilter [http-nio-8080-exec-3] JWT validated successfully for context user: prescribe.services@gmail.com
2026-05-02 16:47:49,027 INFO c.s.b.s.b.d.c.AdminController [http-nio-8080-exec-3] Admin requesting pending doctors list
2026-05-02 16:47:49,033 INFO c.s.b.s.b.d.s.DoctorService [http-nio-8080-exec-3] Fetching all pending doctors
2026-05-02 16:47:49,124 INFO c.s.b.s.b.s.j.JwtAuthenticationFilter [http-nio-8080-exec-10] JWT validated successfully for context user: prescribe.services@gmail.com
2026-05-02 16:47:49,130 INFO c.s.b.s.b.d.c.AdminController [http-nio-8080-exec-10] Admin requesting pending doctors list
2026-05-02 16:47:49,130 INFO c.s.b.s.b.d.s.DoctorService [http-nio-8080-exec-10] Fetching all pending doctors
2026-05-02 16:47:49,353 INFO c.s.b.s.b.s.j.JwtAuthenticationFilter [http-nio-8080-exec-6] JWT validated successfully for context user: prescribe.services@gmail.com
2026-05-02 16:47:49,356 INFO c.s.b.s.b.d.c.AdminController [http-nio-8080-exec-6] Admin requesting pending doctors list
2026-05-02 16:47:49,358 INFO c.s.b.s.b.d.s.DoctorService [http-nio-8080-exec-6] Fetching all pending doctors
2026-05-02 16:47:49,422 INFO c.s.b.s.b.s.j.JwtAuthenticationFilter [http-nio-8080-exec-6] JWT validated successfully for context user: prescribe.services@gmail.com
2026-05-02 16:47:49,432 INFO c.s.b.s.b.d.c.AdminController [http-nio-8080-exec-6] Admin requesting pending doctors list
2026-05-02 16:47:49,433 INFO c.s.b.s.b.d.s.DoctorService [http-nio-8080-exec-6] Fetching all pending doctors
2026-05-02 16:47:49,551 INFO c.s.b.s.b.s.j.JwtAuthenticationFilter [http-nio-8080-exec-8] JWT validated successfully for context user: prescribe.services@gmail.com
2026-05-02 16:47:49,554 INFO c.s.b.s.b.d.c.AdminController [http-nio-8080-exec-8] Admin requesting pending doctors list
2026-05-02 16:47:49,555 INFO c.s.b.s.b.d.s.DoctorService [http-nio-8080-exec-8] Fetching all pending doctors
2026-05-02 16:47:49,610 INFO c.s.b.s.b.s.j.JwtAuthenticationFilter [http-nio-8080-exec-7] JWT validated successfully for context user: prescribe.services@gmail.com
2026-05-02 16:47:49,612 INFO c.s.b.s.b.d.c.AdminController [http-nio-8080-exec-7] Admin requesting pending doctors list
2026-05-02 16:47:49,612 INFO c.s.b.s.b.d.s.DoctorService [http-nio-8080-exec-7] Fetching all pending doctors
2026-05-02 16:47:51,973 INFO c.s.b.s.b.s.j.JwtAuthenticationFilter [http-nio-8080-exec-1] JWT validated successfully for context user: pranavparalkar21@gmail.com
2026-05-02 16:47:52,010 INFO c.s.b.s.b.d.c.DoctorController [http-nio-8080-exec-1] Received request to fetch doctor by email: pranavparalkar21@gmail.com
2026-05-02 16:47:52,011 INFO c.s.b.s.b.d.s.DoctorService [http-nio-8080-exec-1] Fetching doctor profile by email: pranavparalkar21@gmail.com
2026-05-02 16:47:52,252 INFO c.s.b.s.b.s.j.JwtAuthenticationFilter [http-nio-8080-exec-5] JWT validated successfully for context user: pranavparalkar21@gmail.com
2026-05-02 16:47:52,256 INFO c.s.b.s.b.d.c.DoctorController [http-nio-8080-exec-5] Received request to fetch doctor by email: pranavparalkar21@gmail.com
2026-05-02 16:47:52,256 INFO c.s.b.s.b.d.s.DoctorService [http-nio-8080-exec-5] Fetching doctor profile by email: pranavparalkar21@gmail.com
2026-05-02 16:47:52,258 INFO c.s.b.s.b.s.j.JwtAuthenticationFilter [http-nio-8080-exec-10] JWT validated successfully for context user: pranavparalkar21@gmail.com
2026-05-02 16:47:52,263 INFO c.s.b.s.b.p.c.PrescriptionController [http-nio-8080-exec-10] Fetching prescriptions for doctor ID: DOC-f6e66410
2026-05-02 16:47:52,350 INFO c.s.b.s.b.s.j.JwtAuthenticationFilter [http-nio-8080-exec-4] JWT validated successfully for context user: pranavparalkar21@gmail.com
2026-05-02 16:47:52,355 INFO c.s.b.s.b.p.c.PrescriptionController [http-nio-8080-exec-4] Fetching prescriptions for doctor ID: DOC-f6e66410
2026-05-02 16:47:54,049 INFO c.s.b.s.b.s.j.JwtAuthenticationFilter [http-nio-8080-exec-6] JWT validated successfully for context user: pranavparalkar21@gmail.com
2026-05-02 16:47:54,055 INFO c.s.b.s.b.p.c.PrescriptionController [http-nio-8080-exec-6] Fetching prescriptions for doctor ID: DOC-f6e66410
2026-05-02 16:47:54,091 INFO c.s.b.s.b.s.j.JwtAuthenticationFilter [http-nio-8080-exec-8] JWT validated successfully for context user: pranavparalkar21@gmail.com
2026-05-02 16:47:54,100 INFO c.s.b.s.b.p.c.PrescriptionController [http-nio-8080-exec-8] Fetching prescriptions for doctor ID: DOC-f6e66410
2026-05-02 16:50:42,480 INFO c.s.b.s.b.s.j.JwtAuthenticationFilter [http-nio-8080-exec-10] JWT validated successfully for context user: prescribe.services@gmail.com
2026-05-02 16:50:42,482 INFO c.s.b.s.b.d.c.AdminController [http-nio-8080-exec-10] Admin requesting pending doctors list
2026-05-02 16:50:42,484 INFO c.s.b.s.b.d.s.DoctorService [http-nio-8080-exec-10] Fetching all pending doctors
2026-05-02 16:50:42,551 INFO c.s.b.s.b.s.j.JwtAuthenticationFilter [http-nio-8080-exec-4] JWT validated successfully for context user: prescribe.services@gmail.com
2026-05-02 16:50:42,554 INFO c.s.b.s.b.d.c.AdminController [http-nio-8080-exec-4] Admin requesting pending doctors list
2026-05-02 16:50:42,554 INFO c.s.b.s.b.d.s.DoctorService [http-nio-8080-exec-4] Fetching all pending doctors
2026-05-02 16:50:51,111 INFO o.s.b.t.GracefulShutdown [SpringApplicationShutdownHook] Commencing graceful shutdown. Waiting for active requests to complete
2026-05-02 16:50:51,130 INFO o.s.b.t.GracefulShutdown [tomcat-shutdown] Graceful shutdown complete
2026-05-02 16:50:51,144 INFO o.s.o.j.AbstractEntityManagerFactoryBean [SpringApplicationShutdownHook] Closing JPA EntityManagerFactory for persistence unit 'default'
2026-05-02 16:50:51,148 INFO c.z.h.HikariDataSource [SpringApplicationShutdownHook] HikariPool-1 - Shutdown initiated...
2026-05-02 16:50:51,156 INFO c.z.h.HikariDataSource [SpringApplicationShutdownHook] HikariPool-1 - Shutdown completed.
2026-05-02 16:51:04,604 INFO o.s.b.StartupInfoLogger [main] Starting BackendApplication using Java 21.0.9 with PID 16084 (C:\Projects\prescribe\backend\target\classes started by Pranav in C:\Projects\prescribe\backend)
2026-05-02 16:51:04,604 INFO o.s.b.SpringApplication [main] No active profile set, falling back to 1 default profile: "default"
2026-05-02 16:51:04,933 INFO o.h.v.i.u.Version [background-preinit] HV000001: Hibernate Validator 9.0.1.Final
2026-05-02 16:51:05,647 INFO o.s.d.r.c.RepositoryConfigurationDelegate [main] Bootstrapping Spring Data JPA repositories in DEFAULT mode.
2026-05-02 16:51:05,766 INFO o.s.d.r.c.RepositoryConfigurationDelegate [main] Finished Spring Data repository scanning in 107 ms. Found 10 JPA repository interfaces.
2026-05-02 16:51:06,381 INFO o.s.b.t.TomcatWebServer [main] Tomcat initialized with port 8080 (http)
2026-05-02 16:51:06,393 INFO o.a.j.l.DirectJDKLog [main] Initializing ProtocolHandler ["http-nio-8080"]
2026-05-02 16:51:06,397 INFO o.a.j.l.DirectJDKLog [main] Starting service [Tomcat]
2026-05-02 16:51:06,397 INFO o.a.j.l.DirectJDKLog [main] Starting Servlet engine: [Apache Tomcat/11.0.18]
2026-05-02 16:51:06,467 INFO o.s.b.w.c.s.WebApplicationContextInitializer [main] Root WebApplicationContext: initialization completed in 1810 ms
2026-05-02 16:51:06,637 INFO o.h.j.i.u.LogHelper [main] HHH008540: Processing PersistenceUnitInfo [name: default]
2026-05-02 16:51:06,695 INFO o.h.Version [main] HHH000001: Hibernate ORM core version 7.2.4.Final
2026-05-02 16:51:07,193 INFO o.s.o.j.p.SpringPersistenceUnitInfo [main] No LoadTimeWeaver setup: ignoring JPA class transformer
2026-05-02 16:51:07,233 INFO c.z.h.HikariDataSource [main] HikariPool-1 - Starting...
2026-05-02 16:51:07,434 INFO c.z.h.p.HikariPool [main] HikariPool-1 - Added connection org.postgresql.jdbc.PgConnection@52d9f36b
2026-05-02 16:51:07,436 INFO c.z.h.HikariDataSource [main] HikariPool-1 - Start completed.
2026-05-02 16:51:07,474 WARN o.h.e.j.d.i.DialectFactoryImpl [main] HHH90000025: PostgreSQLDialect does not need to be specified explicitly using 'hibernate.dialect' (remove the property setting and it will be selected by default)
2026-05-02 16:51:07,502 INFO o.h.e.j.e.i.JdbcEnvironmentInitiator [main] HHH10001005: Database info:
	Database JDBC URL [jdbc:postgresql://localhost:5432/postgres]
	Database driver: PostgreSQL JDBC Driver
	Database dialect: PostgreSQLDialect
	Database version: 18.3
	Default catalog/schema: postgres/public
	Autocommit mode: undefined/unknown
	Isolation level: READ_COMMITTED [default READ_COMMITTED]
	JDBC fetch size: none
	Pool: DataSourceConnectionProvider
	Minimum pool size: undefined/unknown
	Maximum pool size: undefined/unknown
2026-05-02 16:51:09,093 INFO o.h.e.t.j.p.i.JtaPlatformInitiator [main] HHH000489: No JTA platform available (set 'hibernate.transaction.jta.platform' to enable JTA platform integration)
2026-05-02 16:51:09,205 INFO o.s.o.j.AbstractEntityManagerFactoryBean [main] Initialized JPA EntityManagerFactory for persistence unit 'default'
2026-05-02 16:51:09,280 INFO o.s.d.j.r.q.QueryEnhancerFactories [main] Hibernate is in classpath; If applicable, HQL parser will be used.
2026-05-02 16:51:10,359 INFO c.s.b.s.b.s.s.SubscriptionService [main] Razorpay client initialized successfully
2026-05-02 16:51:10,430 INFO o.s.s.c.a.a.c.InitializeAuthenticationProviderBeanManagerConfigurer$InitializeAuthenticationProviderManagerConfigurer [main] Global AuthenticationManager configured with AuthenticationProvider bean with name authenticationProvider
2026-05-02 16:51:10,430 WARN o.s.s.c.a.a.c.InitializeUserDetailsBeanManagerConfigurer$InitializeUserDetailsManagerConfigurer [main] Global AuthenticationManager configured with an AuthenticationProvider bean. UserDetailsService beans will not be used by Spring Security for automatically configuring username/password login. Consider removing the AuthenticationProvider bean. Alternatively, consider using the UserDetailsService in a manually instantiated DaoAuthenticationProvider. If the current configuration is intentional, to turn off this warning, increase the logging level of 'org.springframework.security.config.annotation.authentication.configuration.InitializeUserDetailsBeanManagerConfigurer' to ERROR
2026-05-02 16:51:10,578 WARN o.s.b.j.a.JpaBaseConfiguration$JpaWebConfiguration [main] spring.jpa.open-in-view is enabled by default. Therefore, database queries may be performed during view rendering. Explicitly configure spring.jpa.open-in-view to disable this warning
2026-05-02 16:51:11,129 INFO o.a.j.l.DirectJDKLog [main] Starting ProtocolHandler ["http-nio-8080"]
2026-05-02 16:51:11,153 INFO o.s.b.t.TomcatWebServer [main] Tomcat started on port 8080 (http) with context path '/'
2026-05-02 16:51:11,165 INFO o.s.b.StartupInfoLogger [main] Started BackendApplication in 7.291 seconds (process running for 7.815)
2026-05-02 16:51:13,353 INFO o.a.j.l.DirectJDKLog [http-nio-8080-exec-1] Initializing Spring DispatcherServlet 'dispatcherServlet'
2026-05-02 16:51:13,353 INFO o.s.w.s.FrameworkServlet [http-nio-8080-exec-1] Initializing Servlet 'dispatcherServlet'
2026-05-02 16:51:13,366 INFO o.s.w.s.FrameworkServlet [http-nio-8080-exec-1] Completed initialization in 2 ms
2026-05-02 16:51:15,402 INFO c.s.b.s.b.s.j.JwtAuthenticationFilter [http-nio-8080-exec-3] JWT validated successfully for context user: prescribe.services@gmail.com
2026-05-02 16:51:15,484 INFO c.s.b.s.b.d.c.AdminController [http-nio-8080-exec-3] Admin requesting all doctors list
2026-05-02 16:51:15,489 INFO c.s.b.s.b.d.s.DoctorService [http-nio-8080-exec-3] Fetching all doctors
2026-05-02 16:51:15,911 INFO c.s.b.s.b.s.j.JwtAuthenticationFilter [http-nio-8080-exec-6] JWT validated successfully for context user: prescribe.services@gmail.com
2026-05-02 16:51:15,915 INFO c.s.b.s.b.d.c.AdminController [http-nio-8080-exec-6] Admin requesting all doctors list
2026-05-02 16:51:15,917 INFO c.s.b.s.b.d.s.DoctorService [http-nio-8080-exec-6] Fetching all doctors
2026-05-02 16:51:17,645 INFO c.s.b.s.b.s.j.JwtAuthenticationFilter [http-nio-8080-exec-4] JWT validated successfully for context user: prescribe.services@gmail.com
2026-05-02 16:51:17,649 INFO c.s.b.s.b.d.c.AdminController [http-nio-8080-exec-4] Admin requesting all patients list
2026-05-02 16:51:17,651 INFO c.s.b.s.b.p.s.PatientService [http-nio-8080-exec-4] Fetching all patients
2026-05-02 16:51:17,714 INFO c.s.b.s.b.s.j.JwtAuthenticationFilter [http-nio-8080-exec-8] JWT validated successfully for context user: prescribe.services@gmail.com
2026-05-02 16:51:17,727 INFO c.s.b.s.b.d.c.AdminController [http-nio-8080-exec-8] Admin requesting all patients list
2026-05-02 16:51:17,730 INFO c.s.b.s.b.p.s.PatientService [http-nio-8080-exec-8] Fetching all patients
2026-05-02 16:51:24,334 INFO c.s.b.s.b.s.j.JwtAuthenticationFilter [http-nio-8080-exec-1] JWT validated successfully for context user: prescribe.services@gmail.com
2026-05-02 16:51:24,341 INFO c.s.b.s.b.d.c.AdminController [http-nio-8080-exec-1] Admin requesting all doctors list
2026-05-02 16:51:24,348 INFO c.s.b.s.b.d.s.DoctorService [http-nio-8080-exec-1] Fetching all doctors
2026-05-02 16:51:24,426 INFO c.s.b.s.b.s.j.JwtAuthenticationFilter [http-nio-8080-exec-2] JWT validated successfully for context user: prescribe.services@gmail.com
2026-05-02 16:51:24,431 INFO c.s.b.s.b.d.c.AdminController [http-nio-8080-exec-2] Admin requesting all doctors list
2026-05-02 16:51:24,432 INFO c.s.b.s.b.d.s.DoctorService [http-nio-8080-exec-2] Fetching all doctors
2026-05-02 16:51:24,884 INFO c.s.b.s.b.s.j.JwtAuthenticationFilter [http-nio-8080-exec-7] JWT validated successfully for context user: prescribe.services@gmail.com
2026-05-02 16:51:24,887 INFO c.s.b.s.b.d.c.AdminController [http-nio-8080-exec-7] Admin requesting all patients list
2026-05-02 16:51:24,887 INFO c.s.b.s.b.p.s.PatientService [http-nio-8080-exec-7] Fetching all patients
2026-05-02 16:51:24,951 INFO c.s.b.s.b.s.j.JwtAuthenticationFilter [http-nio-8080-exec-5] JWT validated successfully for context user: prescribe.services@gmail.com
2026-05-02 16:51:24,955 INFO c.s.b.s.b.d.c.AdminController [http-nio-8080-exec-5] Admin requesting all patients list
2026-05-02 16:51:24,958 INFO c.s.b.s.b.p.s.PatientService [http-nio-8080-exec-5] Fetching all patients
2026-05-02 16:51:28,577 INFO c.s.b.s.b.s.j.JwtAuthenticationFilter [http-nio-8080-exec-4] JWT validated successfully for context user: prescribe.services@gmail.com
2026-05-02 16:51:28,587 INFO c.s.b.s.b.d.c.AdminController [http-nio-8080-exec-4] Admin requesting all doctors list
2026-05-02 16:51:28,588 INFO c.s.b.s.b.d.s.DoctorService [http-nio-8080-exec-4] Fetching all doctors
2026-05-02 16:51:28,657 INFO c.s.b.s.b.s.j.JwtAuthenticationFilter [http-nio-8080-exec-8] JWT validated successfully for context user: prescribe.services@gmail.com
2026-05-02 16:51:28,663 INFO c.s.b.s.b.d.c.AdminController [http-nio-8080-exec-8] Admin requesting all doctors list
2026-05-02 16:51:28,663 INFO c.s.b.s.b.d.s.DoctorService [http-nio-8080-exec-8] Fetching all doctors
2026-05-02 16:53:31,234 INFO c.s.b.s.b.s.j.JwtAuthenticationFilter [http-nio-8080-exec-3] JWT validated successfully for context user: prescribe.services@gmail.com
2026-05-02 16:53:31,241 INFO c.s.b.s.b.d.c.AdminController [http-nio-8080-exec-3] Admin requesting pending doctors list
2026-05-02 16:53:31,241 INFO c.s.b.s.b.d.s.DoctorService [http-nio-8080-exec-3] Fetching all pending doctors
2026-05-02 16:53:31,314 INFO c.s.b.s.b.s.j.JwtAuthenticationFilter [http-nio-8080-exec-6] JWT validated successfully for context user: prescribe.services@gmail.com
2026-05-02 16:53:31,325 INFO c.s.b.s.b.d.c.AdminController [http-nio-8080-exec-6] Admin requesting pending doctors list
2026-05-02 16:53:31,325 INFO c.s.b.s.b.d.s.DoctorService [http-nio-8080-exec-6] Fetching all pending doctors
2026-05-02 16:53:31,646 INFO c.s.b.s.b.s.j.JwtAuthenticationFilter [http-nio-8080-exec-4] JWT validated successfully for context user: prescribe.services@gmail.com
2026-05-02 16:53:31,652 INFO c.s.b.s.b.d.c.AdminController [http-nio-8080-exec-4] Admin requesting all patients list
2026-05-02 16:53:31,653 INFO c.s.b.s.b.p.s.PatientService [http-nio-8080-exec-4] Fetching all patients
2026-05-02 16:53:31,702 INFO c.s.b.s.b.s.j.JwtAuthenticationFilter [http-nio-8080-exec-8] JWT validated successfully for context user: prescribe.services@gmail.com
2026-05-02 16:53:31,702 INFO c.s.b.s.b.d.c.AdminController [http-nio-8080-exec-8] Admin requesting all patients list
2026-05-02 16:53:31,702 INFO c.s.b.s.b.p.s.PatientService [http-nio-8080-exec-8] Fetching all patients
2026-05-02 16:53:32,287 INFO c.s.b.s.b.s.j.JwtAuthenticationFilter [http-nio-8080-exec-1] JWT validated successfully for context user: prescribe.services@gmail.com
2026-05-02 16:53:32,293 INFO c.s.b.s.b.d.c.AdminController [http-nio-8080-exec-1] Admin requesting all doctors list
2026-05-02 16:53:32,293 INFO c.s.b.s.b.d.s.DoctorService [http-nio-8080-exec-1] Fetching all doctors
2026-05-02 16:53:32,352 INFO c.s.b.s.b.s.j.JwtAuthenticationFilter [http-nio-8080-exec-2] JWT validated successfully for context user: prescribe.services@gmail.com
2026-05-02 16:53:32,355 INFO c.s.b.s.b.d.c.AdminController [http-nio-8080-exec-2] Admin requesting all doctors list
2026-05-02 16:53:32,355 INFO c.s.b.s.b.d.s.DoctorService [http-nio-8080-exec-2] Fetching all doctors
2026-05-02 16:53:32,683 INFO c.s.b.s.b.s.j.JwtAuthenticationFilter [http-nio-8080-exec-3] JWT validated successfully for context user: prescribe.services@gmail.com
2026-05-02 16:53:32,690 INFO c.s.b.s.b.d.c.AdminController [http-nio-8080-exec-3] Admin requesting pending doctors list
2026-05-02 16:53:32,691 INFO c.s.b.s.b.d.s.DoctorService [http-nio-8080-exec-3] Fetching all pending doctors
2026-05-02 16:53:32,776 INFO c.s.b.s.b.s.j.JwtAuthenticationFilter [http-nio-8080-exec-6] JWT validated successfully for context user: prescribe.services@gmail.com
2026-05-02 16:53:32,784 INFO c.s.b.s.b.d.c.AdminController [http-nio-8080-exec-6] Admin requesting pending doctors list
2026-05-02 16:53:32,789 INFO c.s.b.s.b.d.s.DoctorService [http-nio-8080-exec-6] Fetching all pending doctors
2026-05-02 16:53:33,325 INFO c.s.b.s.b.s.j.JwtAuthenticationFilter [http-nio-8080-exec-5] JWT validated successfully for context user: prescribe.services@gmail.com
2026-05-02 16:53:33,330 INFO c.s.b.s.b.d.c.AdminController [http-nio-8080-exec-5] Admin requesting all patients list
2026-05-02 16:53:33,332 INFO c.s.b.s.b.p.s.PatientService [http-nio-8080-exec-5] Fetching all patients
2026-05-02 16:53:33,382 INFO c.s.b.s.b.s.j.JwtAuthenticationFilter [http-nio-8080-exec-7] JWT validated successfully for context user: prescribe.services@gmail.com
2026-05-02 16:53:33,387 INFO c.s.b.s.b.d.c.AdminController [http-nio-8080-exec-7] Admin requesting all patients list
2026-05-02 16:53:33,387 INFO c.s.b.s.b.p.s.PatientService [http-nio-8080-exec-7] Fetching all patients
2026-05-02 16:53:33,727 INFO c.s.b.s.b.s.j.JwtAuthenticationFilter [http-nio-8080-exec-4] JWT validated successfully for context user: prescribe.services@gmail.com
2026-05-02 16:53:33,734 INFO c.s.b.s.b.d.c.AdminController [http-nio-8080-exec-4] Admin requesting all doctors list
2026-05-02 16:53:33,734 INFO c.s.b.s.b.d.s.DoctorService [http-nio-8080-exec-4] Fetching all doctors
2026-05-02 16:53:33,814 INFO c.s.b.s.b.s.j.JwtAuthenticationFilter [http-nio-8080-exec-8] JWT validated successfully for context user: prescribe.services@gmail.com
2026-05-02 16:53:33,823 INFO c.s.b.s.b.d.c.AdminController [http-nio-8080-exec-8] Admin requesting all doctors list
2026-05-02 16:53:33,824 INFO c.s.b.s.b.d.s.DoctorService [http-nio-8080-exec-8] Fetching all doctors
2026-05-02 16:53:41,182 INFO c.s.b.s.b.s.j.JwtAuthenticationFilter [http-nio-8080-exec-1] JWT validated successfully for context user: prescribe.services@gmail.com
2026-05-02 16:53:41,185 INFO c.s.b.s.b.d.c.AdminController [http-nio-8080-exec-1] Admin requesting all patients list
2026-05-02 16:53:41,187 INFO c.s.b.s.b.p.s.PatientService [http-nio-8080-exec-1] Fetching all patients
2026-05-02 16:53:41,221 INFO c.s.b.s.b.s.j.JwtAuthenticationFilter [http-nio-8080-exec-2] JWT validated successfully for context user: prescribe.services@gmail.com
2026-05-02 16:53:41,224 INFO c.s.b.s.b.d.c.AdminController [http-nio-8080-exec-2] Admin requesting all patients list
2026-05-02 16:53:41,224 INFO c.s.b.s.b.p.s.PatientService [http-nio-8080-exec-2] Fetching all patients
2026-05-02 16:53:48,902 INFO c.s.b.s.b.s.j.JwtAuthenticationFilter [http-nio-8080-exec-6] JWT validated successfully for context user: pranavparalkar21@gmail.com
2026-05-02 16:53:48,941 INFO c.s.b.s.b.a.c.AccessOtpController [http-nio-8080-exec-6] POST /api/access/request-otp - doctor: DOC-f6e66410, patient: PAT-2026-0001
2026-05-02 16:53:49,104 INFO c.s.b.s.b.a.s.AccessOtpService [http-nio-8080-exec-6] OTP generated for doctor DOC-f6e66410 requesting access to patient PAT-2026-0001. Expires at 2026-05-02T16:55:49.080147900
2026-05-02 16:53:49,110 INFO c.s.b.s.b.s.s.EmailService [http-nio-8080-exec-6] Sending email to pranavparalkar21@gmail.com with subject Medical Records Access Request
2026-05-02 16:53:54,858 INFO c.s.b.s.b.s.s.EmailService [http-nio-8080-exec-6] Email sent successfully to pranavparalkar21@gmail.com
2026-05-02 16:53:54,861 INFO c.s.b.s.b.a.s.AccessOtpService [http-nio-8080-exec-6] Sent access OTP email to pranavparalkar21@gmail.com
2026-05-02 16:54:19,552 INFO c.s.b.s.b.s.j.JwtAuthenticationFilter [http-nio-8080-exec-7] JWT validated successfully for context user: pranavparalkar21@gmail.com
2026-05-02 16:54:19,666 INFO c.s.b.s.b.a.c.AccessOtpController [http-nio-8080-exec-7] POST /api/access/verify-otp - doctor: DOC-f6e66410, patient: PAT-2026-0001
2026-05-02 16:54:19,806 INFO c.s.b.s.b.a.s.AccessOtpService [http-nio-8080-exec-7] OTP verified. Doctor DOC-f6e66410 accessed 0 documents for patient PAT-2026-0001 (category: GENERAL)
2026-05-02 16:54:39,007 INFO c.s.b.s.b.s.j.JwtAuthenticationFilter [http-nio-8080-exec-10] JWT validated successfully for context user: pranavparalkar21@gmail.com
2026-05-02 16:54:39,024 INFO c.s.b.s.b.d.c.DoctorController [http-nio-8080-exec-10] Received request to fetch doctor by email: pranavparalkar21@gmail.com
2026-05-02 16:54:39,026 INFO c.s.b.s.b.d.s.DoctorService [http-nio-8080-exec-10] Fetching doctor profile by email: pranavparalkar21@gmail.com
2026-05-02 16:54:39,182 INFO c.s.b.s.b.s.j.JwtAuthenticationFilter [http-nio-8080-exec-9] JWT validated successfully for context user: pranavparalkar21@gmail.com
2026-05-02 16:54:39,187 INFO c.s.b.s.b.d.c.DoctorController [http-nio-8080-exec-9] Received request to fetch doctor by email: pranavparalkar21@gmail.com
2026-05-02 16:54:39,188 INFO c.s.b.s.b.d.s.DoctorService [http-nio-8080-exec-9] Fetching doctor profile by email: pranavparalkar21@gmail.com
2026-05-02 16:54:41,254 INFO c.s.b.s.b.s.j.JwtAuthenticationFilter [http-nio-8080-exec-1] JWT validated successfully for context user: pranavparalkar21@gmail.com
2026-05-02 16:54:41,255 INFO c.s.b.s.b.d.c.DoctorController [http-nio-8080-exec-1] Received request to fetch doctor by email: pranavparalkar21@gmail.com
2026-05-02 16:54:41,255 INFO c.s.b.s.b.d.s.DoctorService [http-nio-8080-exec-1] Fetching doctor profile by email: pranavparalkar21@gmail.com
2026-05-02 16:54:41,282 INFO c.s.b.s.b.s.j.JwtAuthenticationFilter [http-nio-8080-exec-2] JWT validated successfully for context user: pranavparalkar21@gmail.com
2026-05-02 16:54:41,288 INFO c.s.b.s.b.d.c.DoctorController [http-nio-8080-exec-2] Received request to fetch doctor by email: pranavparalkar21@gmail.com
2026-05-02 16:54:41,289 INFO c.s.b.s.b.d.s.DoctorService [http-nio-8080-exec-2] Fetching doctor profile by email: pranavparalkar21@gmail.com
2026-05-02 16:54:41,297 INFO c.s.b.s.b.s.j.JwtAuthenticationFilter [http-nio-8080-exec-6] JWT validated successfully for context user: pranavparalkar21@gmail.com
2026-05-02 16:54:41,305 INFO c.s.b.s.b.p.c.PrescriptionController [http-nio-8080-exec-6] Fetching prescriptions for doctor ID: DOC-f6e66410
2026-05-02 16:54:41,371 INFO c.s.b.s.b.s.j.JwtAuthenticationFilter [http-nio-8080-exec-5] JWT validated successfully for context user: pranavparalkar21@gmail.com
2026-05-02 16:54:41,385 INFO c.s.b.s.b.p.c.PrescriptionController [http-nio-8080-exec-5] Fetching prescriptions for doctor ID: DOC-f6e66410
2026-05-02 16:57:19,752 INFO c.s.b.s.b.s.j.JwtAuthenticationFilter [http-nio-8080-exec-3] JWT validated successfully for context user: prescribe.services@gmail.com
2026-05-02 16:57:19,753 INFO c.s.b.s.b.d.c.AdminController [http-nio-8080-exec-3] Admin requesting all patients list
2026-05-02 16:57:19,753 INFO c.s.b.s.b.p.s.PatientService [http-nio-8080-exec-3] Fetching all patients
2026-05-02 16:57:19,753 INFO c.s.b.s.b.s.j.JwtAuthenticationFilter [http-nio-8080-exec-5] JWT validated successfully for context user: pranavparalkar21@gmail.com
2026-05-02 16:57:19,753 INFO c.s.b.s.b.d.c.DoctorController [http-nio-8080-exec-5] Received request to fetch doctor by email: pranavparalkar21@gmail.com
2026-05-02 16:57:19,757 INFO c.s.b.s.b.d.s.DoctorService [http-nio-8080-exec-5] Fetching doctor profile by email: pranavparalkar21@gmail.com
2026-05-02 16:57:19,768 INFO c.s.b.s.b.s.j.JwtAuthenticationFilter [http-nio-8080-exec-7] JWT validated successfully for context user: pranavparalkar21@gmail.com
2026-05-02 16:57:19,769 INFO c.s.b.s.b.d.c.DoctorController [http-nio-8080-exec-7] Received request to fetch doctor by email: pranavparalkar21@gmail.com
2026-05-02 16:57:19,769 INFO c.s.b.s.b.d.s.DoctorService [http-nio-8080-exec-7] Fetching doctor profile by email: pranavparalkar21@gmail.com
2026-05-02 16:57:19,774 INFO c.s.b.s.b.s.j.JwtAuthenticationFilter [http-nio-8080-exec-8] JWT validated successfully for context user: prescribe.services@gmail.com
2026-05-02 16:57:19,775 INFO c.s.b.s.b.s.j.JwtAuthenticationFilter [http-nio-8080-exec-10] JWT validated successfully for context user: pranavparalkar21@gmail.com
2026-05-02 16:57:19,775 INFO c.s.b.s.b.d.c.AdminController [http-nio-8080-exec-8] Admin requesting all patients list
2026-05-02 16:57:19,777 INFO c.s.b.s.b.p.s.PatientService [http-nio-8080-exec-8] Fetching all patients
2026-05-02 16:57:19,777 INFO c.s.b.s.b.p.c.PrescriptionController [http-nio-8080-exec-10] Fetching prescriptions for doctor ID: DOC-f6e66410
2026-05-02 16:57:19,811 INFO c.s.b.s.b.s.j.JwtAuthenticationFilter [http-nio-8080-exec-9] JWT validated successfully for context user: pranavparalkar21@gmail.com
2026-05-02 16:57:19,811 INFO c.s.b.s.b.p.c.PrescriptionController [http-nio-8080-exec-9] Fetching prescriptions for doctor ID: DOC-f6e66410
2026-05-02 16:57:32,980 INFO c.s.b.s.b.s.j.JwtAuthenticationFilter [http-nio-8080-exec-6] JWT validated successfully for context user: prescribe.services@gmail.com
2026-05-02 16:57:32,987 INFO c.s.b.s.b.d.c.AdminController [http-nio-8080-exec-6] Admin requesting pending doctors list
2026-05-02 16:57:32,990 INFO c.s.b.s.b.d.s.DoctorService [http-nio-8080-exec-6] Fetching all pending doctors
2026-05-02 16:57:33,046 INFO c.s.b.s.b.s.j.JwtAuthenticationFilter [http-nio-8080-exec-6] JWT validated successfully for context user: prescribe.services@gmail.com
2026-05-02 16:57:33,050 INFO c.s.b.s.b.d.c.AdminController [http-nio-8080-exec-6] Admin requesting pending doctors list
2026-05-02 16:57:33,055 INFO c.s.b.s.b.d.s.DoctorService [http-nio-8080-exec-6] Fetching all pending doctors
2026-05-02 16:57:33,534 INFO c.s.b.s.b.s.j.JwtAuthenticationFilter [http-nio-8080-exec-7] JWT validated successfully for context user: prescribe.services@gmail.com
2026-05-02 16:57:33,537 INFO c.s.b.s.b.d.c.AdminController [http-nio-8080-exec-7] Admin requesting all doctors list
2026-05-02 16:57:33,537 INFO c.s.b.s.b.d.s.DoctorService [http-nio-8080-exec-7] Fetching all doctors
2026-05-02 16:57:33,597 INFO c.s.b.s.b.s.j.JwtAuthenticationFilter [http-nio-8080-exec-10] JWT validated successfully for context user: prescribe.services@gmail.com
2026-05-02 16:57:33,603 INFO c.s.b.s.b.d.c.AdminController [http-nio-8080-exec-10] Admin requesting all doctors list
2026-05-02 16:57:33,609 INFO c.s.b.s.b.d.s.DoctorService [http-nio-8080-exec-10] Fetching all doctors
2026-05-02 16:57:33,963 INFO c.s.b.s.b.s.j.JwtAuthenticationFilter [http-nio-8080-exec-2] JWT validated successfully for context user: prescribe.services@gmail.com
2026-05-02 16:57:33,971 INFO c.s.b.s.b.d.c.AdminController [http-nio-8080-exec-2] Admin requesting all patients list
2026-05-02 16:57:33,976 INFO c.s.b.s.b.p.s.PatientService [http-nio-8080-exec-2] Fetching all patients
2026-05-02 16:57:34,025 INFO c.s.b.s.b.s.j.JwtAuthenticationFilter [http-nio-8080-exec-1] JWT validated successfully for context user: prescribe.services@gmail.com
2026-05-02 16:57:34,032 INFO c.s.b.s.b.d.c.AdminController [http-nio-8080-exec-1] Admin requesting all patients list
2026-05-02 16:57:34,033 INFO c.s.b.s.b.p.s.PatientService [http-nio-8080-exec-1] Fetching all patients
2026-05-02 16:57:34,457 INFO c.s.b.s.b.s.j.JwtAuthenticationFilter [http-nio-8080-exec-5] JWT validated successfully for context user: prescribe.services@gmail.com
2026-05-02 16:57:34,460 INFO c.s.b.s.b.d.c.AdminController [http-nio-8080-exec-5] Admin requesting pending doctors list
2026-05-02 16:57:34,460 INFO c.s.b.s.b.d.s.DoctorService [http-nio-8080-exec-5] Fetching all pending doctors
2026-05-02 16:57:34,509 INFO c.s.b.s.b.s.j.JwtAuthenticationFilter [http-nio-8080-exec-6] JWT validated successfully for context user: prescribe.services@gmail.com
2026-05-02 16:57:34,511 INFO c.s.b.s.b.d.c.AdminController [http-nio-8080-exec-6] Admin requesting pending doctors list
2026-05-02 16:57:34,511 INFO c.s.b.s.b.d.s.DoctorService [http-nio-8080-exec-6] Fetching all pending doctors
2026-05-02 16:57:34,876 INFO c.s.b.s.b.s.j.JwtAuthenticationFilter [http-nio-8080-exec-3] JWT validated successfully for context user: prescribe.services@gmail.com
2026-05-02 16:57:34,877 INFO c.s.b.s.b.d.c.AdminController [http-nio-8080-exec-3] Admin requesting all patients list
2026-05-02 16:57:34,877 INFO c.s.b.s.b.p.s.PatientService [http-nio-8080-exec-3] Fetching all patients
2026-05-02 16:57:34,916 INFO c.s.b.s.b.s.j.JwtAuthenticationFilter [http-nio-8080-exec-4] JWT validated successfully for context user: prescribe.services@gmail.com
2026-05-02 16:57:34,916 INFO c.s.b.s.b.d.c.AdminController [http-nio-8080-exec-4] Admin requesting all patients list
2026-05-02 16:57:34,916 INFO c.s.b.s.b.p.s.PatientService [http-nio-8080-exec-4] Fetching all patients
2026-05-02 16:57:35,267 INFO c.s.b.s.b.s.j.JwtAuthenticationFilter [http-nio-8080-exec-7] JWT validated successfully for context user: prescribe.services@gmail.com
2026-05-02 16:57:35,272 INFO c.s.b.s.b.d.c.AdminController [http-nio-8080-exec-7] Admin requesting all doctors list
2026-05-02 16:57:35,274 INFO c.s.b.s.b.d.s.DoctorService [http-nio-8080-exec-7] Fetching all doctors
2026-05-02 16:57:35,315 INFO c.s.b.s.b.s.j.JwtAuthenticationFilter [http-nio-8080-exec-10] JWT validated successfully for context user: prescribe.services@gmail.com
2026-05-02 16:57:35,316 INFO c.s.b.s.b.d.c.AdminController [http-nio-8080-exec-10] Admin requesting all doctors list
2026-05-02 16:57:35,316 INFO c.s.b.s.b.d.s.DoctorService [http-nio-8080-exec-10] Fetching all doctors
2026-05-02 16:57:35,749 INFO c.s.b.s.b.s.j.JwtAuthenticationFilter [http-nio-8080-exec-8] JWT validated successfully for context user: prescribe.services@gmail.com
2026-05-02 16:57:35,752 INFO c.s.b.s.b.d.c.AdminController [http-nio-8080-exec-8] Admin requesting all patients list
2026-05-02 16:57:35,755 INFO c.s.b.s.b.p.s.PatientService [http-nio-8080-exec-8] Fetching all patients
2026-05-02 16:57:35,793 INFO c.s.b.s.b.s.j.JwtAuthenticationFilter [http-nio-8080-exec-9] JWT validated successfully for context user: prescribe.services@gmail.com
2026-05-02 16:57:35,797 INFO c.s.b.s.b.d.c.AdminController [http-nio-8080-exec-9] Admin requesting all patients list
2026-05-02 16:57:35,800 INFO c.s.b.s.b.p.s.PatientService [http-nio-8080-exec-9] Fetching all patients
2026-05-02 16:57:36,427 INFO c.s.b.s.b.s.j.JwtAuthenticationFilter [http-nio-8080-exec-2] JWT validated successfully for context user: prescribe.services@gmail.com
2026-05-02 16:57:36,434 INFO c.s.b.s.b.d.c.AdminController [http-nio-8080-exec-2] Admin requesting pending doctors list
2026-05-02 16:57:36,437 INFO c.s.b.s.b.d.s.DoctorService [http-nio-8080-exec-2] Fetching all pending doctors
2026-05-02 16:57:36,480 INFO c.s.b.s.b.s.j.JwtAuthenticationFilter [http-nio-8080-exec-1] JWT validated successfully for context user: prescribe.services@gmail.com
2026-05-02 16:57:36,482 INFO c.s.b.s.b.d.c.AdminController [http-nio-8080-exec-1] Admin requesting pending doctors list
2026-05-02 16:57:36,484 INFO c.s.b.s.b.d.s.DoctorService [http-nio-8080-exec-1] Fetching all pending doctors
2026-05-02 16:57:36,792 INFO c.s.b.s.b.s.j.JwtAuthenticationFilter [http-nio-8080-exec-5] JWT validated successfully for context user: prescribe.services@gmail.com
2026-05-02 16:57:36,794 INFO c.s.b.s.b.d.c.AdminController [http-nio-8080-exec-5] Admin requesting all doctors list
2026-05-02 16:57:36,794 INFO c.s.b.s.b.d.s.DoctorService [http-nio-8080-exec-5] Fetching all doctors
2026-05-02 16:57:36,836 INFO c.s.b.s.b.s.j.JwtAuthenticationFilter [http-nio-8080-exec-6] JWT validated successfully for context user: prescribe.services@gmail.com
2026-05-02 16:57:36,840 INFO c.s.b.s.b.d.c.AdminController [http-nio-8080-exec-6] Admin requesting all doctors list
2026-05-02 16:57:36,841 INFO c.s.b.s.b.d.s.DoctorService [http-nio-8080-exec-6] Fetching all doctors
2026-05-02 16:57:39,510 INFO c.s.b.s.b.s.j.JwtAuthenticationFilter [http-nio-8080-exec-7] JWT validated successfully for context user: prescribe.services@gmail.com
2026-05-02 16:57:39,513 INFO c.s.b.s.b.d.c.AdminController [http-nio-8080-exec-7] Admin requesting pending doctors list
2026-05-02 16:57:39,515 INFO c.s.b.s.b.d.s.DoctorService [http-nio-8080-exec-7] Fetching all pending doctors
2026-05-02 16:57:39,557 INFO c.s.b.s.b.s.j.JwtAuthenticationFilter [http-nio-8080-exec-10] JWT validated successfully for context user: prescribe.services@gmail.com
2026-05-02 16:57:39,563 INFO c.s.b.s.b.d.c.AdminController [http-nio-8080-exec-10] Admin requesting pending doctors list
2026-05-02 16:57:39,565 INFO c.s.b.s.b.d.s.DoctorService [http-nio-8080-exec-10] Fetching all pending doctors
2026-05-02 16:58:10,252 INFO c.s.b.s.b.s.c.AuthController [http-nio-8080-exec-9] Requesting OTP for email: study.pranav1209@gmail.com
2026-05-02 16:58:10,284 INFO c.s.b.s.b.s.s.EmailService [http-nio-8080-exec-9] Sending OTP email to study.pranav1209@gmail.com
2026-05-02 16:58:15,259 INFO c.s.b.s.b.s.s.EmailService [http-nio-8080-exec-9] OTP email sent successfully to study.pranav1209@gmail.com
2026-05-02 16:58:32,459 INFO c.s.b.s.b.s.c.AuthController [http-nio-8080-exec-5] Verifying OTP for email: study.pranav1209@gmail.com
2026-05-02 16:58:32,475 WARN c.s.b.s.b.s.c.AuthController [http-nio-8080-exec-5] Invalid or expired OTP for email: study.pranav1209@gmail.com
2026-05-02 16:58:35,534 INFO c.s.b.s.b.s.c.AuthController [http-nio-8080-exec-6] Verifying OTP for email: study.pranav1209@gmail.com
2026-05-02 16:58:35,953 INFO c.s.b.s.b.s.c.AuthController [http-nio-8080-exec-6] Successfully authenticated user via OTP: study.pranav1209@gmail.com
2026-05-02 16:58:35,980 INFO c.s.b.s.b.s.j.JwtAuthenticationFilter [http-nio-8080-exec-4] JWT validated successfully for context user: study.pranav1209@gmail.com
2026-05-02 16:58:35,982 INFO c.s.b.s.b.d.c.DoctorController [http-nio-8080-exec-4] Received request to fetch doctor by email: study.pranav1209@gmail.com
2026-05-02 16:58:35,982 INFO c.s.b.s.b.d.s.DoctorService [http-nio-8080-exec-4] Fetching doctor profile by email: study.pranav1209@gmail.com
2026-05-02 16:58:35,987 ERROR c.s.b.s.b.d.s.DoctorService [http-nio-8080-exec-4] Doctor with email study.pranav1209@gmail.com not found
2026-05-02 16:58:35,998 WARN c.s.b.s.b.e.GlobalExceptionHandler [http-nio-8080-exec-4] Resource Not Found at /api/doctors/email/study.pranav1209%40gmail.com: Doctor not found
2026-05-02 17:00:18,295 INFO c.s.b.s.b.s.c.AuthController [http-nio-8080-exec-2] Requesting OTP for email: pranavparalkar123@gmail.com
2026-05-02 17:00:18,306 INFO c.s.b.s.b.s.s.EmailService [http-nio-8080-exec-2] Sending OTP email to pranavparalkar123@gmail.com
2026-05-02 17:00:22,849 INFO c.s.b.s.b.s.s.EmailService [http-nio-8080-exec-2] OTP email sent successfully to pranavparalkar123@gmail.com
2026-05-02 17:00:24,745 INFO c.s.b.s.b.s.j.JwtAuthenticationFilter [http-nio-8080-exec-6] JWT validated successfully for context user: prescribe.services@gmail.com
2026-05-02 17:00:24,747 INFO c.s.b.s.b.d.c.AdminController [http-nio-8080-exec-6] Admin requesting pending doctors list
2026-05-02 17:00:24,747 INFO c.s.b.s.b.d.s.DoctorService [http-nio-8080-exec-6] Fetching all pending doctors
2026-05-02 17:00:24,784 INFO c.s.b.s.b.s.j.JwtAuthenticationFilter [http-nio-8080-exec-3] JWT validated successfully for context user: prescribe.services@gmail.com
2026-05-02 17:00:24,789 INFO c.s.b.s.b.d.c.AdminController [http-nio-8080-exec-3] Admin requesting pending doctors list
2026-05-02 17:00:24,789 INFO c.s.b.s.b.d.s.DoctorService [http-nio-8080-exec-3] Fetching all pending doctors
2026-05-02 17:00:59,339 INFO o.s.b.t.GracefulShutdown [SpringApplicationShutdownHook] Commencing graceful shutdown. Waiting for active requests to complete
2026-05-02 17:00:59,349 INFO o.s.b.t.GracefulShutdown [tomcat-shutdown] Graceful shutdown complete
2026-05-02 17:00:59,357 INFO o.s.o.j.AbstractEntityManagerFactoryBean [SpringApplicationShutdownHook] Closing JPA EntityManagerFactory for persistence unit 'default'
2026-05-02 17:00:59,357 INFO c.z.h.HikariDataSource [SpringApplicationShutdownHook] HikariPool-1 - Shutdown initiated...
2026-05-02 17:00:59,368 INFO c.z.h.HikariDataSource [SpringApplicationShutdownHook] HikariPool-1 - Shutdown completed.
2026-05-02 17:02:04,698 INFO o.s.b.StartupInfoLogger [main] Starting BackendApplication using Java 21.0.9 with PID 25164 (C:\Projects\prescribe\backend\target\classes started by Pranav in C:\Projects\prescribe\backend)
2026-05-02 17:02:04,702 INFO o.s.b.SpringApplication [main] No active profile set, falling back to 1 default profile: "default"
2026-05-02 17:02:04,939 INFO o.h.v.i.u.Version [background-preinit] HV000001: Hibernate Validator 9.0.1.Final
2026-05-02 17:02:05,564 INFO o.s.d.r.c.RepositoryConfigurationDelegate [main] Bootstrapping Spring Data JPA repositories in DEFAULT mode.
2026-05-02 17:02:05,684 INFO o.s.d.r.c.RepositoryConfigurationDelegate [main] Finished Spring Data repository scanning in 102 ms. Found 11 JPA repository interfaces.
2026-05-02 17:02:06,232 INFO o.s.b.t.TomcatWebServer [main] Tomcat initialized with port 8080 (http)
2026-05-02 17:02:06,243 INFO o.a.j.l.DirectJDKLog [main] Initializing ProtocolHandler ["http-nio-8080"]
2026-05-02 17:02:06,248 INFO o.a.j.l.DirectJDKLog [main] Starting service [Tomcat]
2026-05-02 17:02:06,248 INFO o.a.j.l.DirectJDKLog [main] Starting Servlet engine: [Apache Tomcat/11.0.18]
2026-05-02 17:02:06,329 INFO o.s.b.w.c.s.WebApplicationContextInitializer [main] Root WebApplicationContext: initialization completed in 1577 ms
2026-05-02 17:02:06,488 INFO o.h.j.i.u.LogHelper [main] HHH008540: Processing PersistenceUnitInfo [name: default]
2026-05-02 17:02:06,546 INFO o.h.Version [main] HHH000001: Hibernate ORM core version 7.2.4.Final
2026-05-02 17:02:07,009 INFO o.s.o.j.p.SpringPersistenceUnitInfo [main] No LoadTimeWeaver setup: ignoring JPA class transformer
2026-05-02 17:02:07,049 INFO c.z.h.HikariDataSource [main] HikariPool-1 - Starting...
2026-05-02 17:02:07,262 INFO c.z.h.p.HikariPool [main] HikariPool-1 - Added connection org.postgresql.jdbc.PgConnection@306c9b2c
2026-05-02 17:02:07,262 INFO c.z.h.HikariDataSource [main] HikariPool-1 - Start completed.
2026-05-02 17:02:07,302 WARN o.h.e.j.d.i.DialectFactoryImpl [main] HHH90000025: PostgreSQLDialect does not need to be specified explicitly using 'hibernate.dialect' (remove the property setting and it will be selected by default)
2026-05-02 17:02:07,334 INFO o.h.e.j.e.i.JdbcEnvironmentInitiator [main] HHH10001005: Database info:
	Database JDBC URL [jdbc:postgresql://localhost:5432/postgres]
	Database driver: PostgreSQL JDBC Driver
	Database dialect: PostgreSQLDialect
	Database version: 18.3
	Default catalog/schema: postgres/public
	Autocommit mode: undefined/unknown
	Isolation level: READ_COMMITTED [default READ_COMMITTED]
	JDBC fetch size: none
	Pool: DataSourceConnectionProvider
	Minimum pool size: undefined/unknown
	Maximum pool size: undefined/unknown
2026-05-02 17:02:08,811 INFO o.h.e.t.j.p.i.JtaPlatformInitiator [main] HHH000489: No JTA platform available (set 'hibernate.transaction.jta.platform' to enable JTA platform integration)
2026-05-02 17:02:09,034 INFO o.s.o.j.AbstractEntityManagerFactoryBean [main] Initialized JPA EntityManagerFactory for persistence unit 'default'
2026-05-02 17:02:09,099 INFO o.s.d.j.r.q.QueryEnhancerFactories [main] Hibernate is in classpath; If applicable, HQL parser will be used.
2026-05-02 17:02:10,156 INFO c.s.b.s.b.s.s.SubscriptionService [main] Razorpay client initialized successfully
2026-05-02 17:02:10,233 INFO o.s.s.c.a.a.c.InitializeAuthenticationProviderBeanManagerConfigurer$InitializeAuthenticationProviderManagerConfigurer [main] Global AuthenticationManager configured with AuthenticationProvider bean with name authenticationProvider
2026-05-02 17:02:10,233 WARN o.s.s.c.a.a.c.InitializeUserDetailsBeanManagerConfigurer$InitializeUserDetailsManagerConfigurer [main] Global AuthenticationManager configured with an AuthenticationProvider bean. UserDetailsService beans will not be used by Spring Security for automatically configuring username/password login. Consider removing the AuthenticationProvider bean. Alternatively, consider using the UserDetailsService in a manually instantiated DaoAuthenticationProvider. If the current configuration is intentional, to turn off this warning, increase the logging level of 'org.springframework.security.config.annotation.authentication.configuration.InitializeUserDetailsBeanManagerConfigurer' to ERROR
2026-05-02 17:02:10,397 WARN o.s.b.j.a.JpaBaseConfiguration$JpaWebConfiguration [main] spring.jpa.open-in-view is enabled by default. Therefore, database queries may be performed during view rendering. Explicitly configure spring.jpa.open-in-view to disable this warning
2026-05-02 17:02:10,944 INFO o.a.j.l.DirectJDKLog [main] Starting ProtocolHandler ["http-nio-8080"]
2026-05-02 17:02:10,952 INFO o.s.b.t.TomcatWebServer [main] Tomcat started on port 8080 (http) with context path '/'
2026-05-02 17:02:10,964 INFO o.s.b.StartupInfoLogger [main] Started BackendApplication in 6.903 seconds (process running for 7.424)
2026-05-02 17:02:14,453 INFO o.a.j.l.DirectJDKLog [http-nio-8080-exec-1] Initializing Spring DispatcherServlet 'dispatcherServlet'
2026-05-02 17:02:14,463 INFO o.s.w.s.FrameworkServlet [http-nio-8080-exec-1] Initializing Servlet 'dispatcherServlet'
2026-05-02 17:02:14,465 INFO o.s.w.s.FrameworkServlet [http-nio-8080-exec-1] Completed initialization in 2 ms
2026-05-02 17:02:14,853 INFO c.s.b.s.b.s.c.AuthController [http-nio-8080-exec-1] Requesting OTP for email: pranavparalkar123@gmail.com
2026-05-02 17:02:15,025 INFO c.s.b.s.b.s.s.EmailService [http-nio-8080-exec-1] Sending OTP email to pranavparalkar123@gmail.com
2026-05-02 17:02:21,015 INFO c.s.b.s.b.s.s.EmailService [http-nio-8080-exec-1] OTP email sent successfully to pranavparalkar123@gmail.com
2026-05-02 17:02:42,606 INFO c.s.b.s.b.s.c.AuthController [http-nio-8080-exec-3] Verifying OTP for email: pranavparalkar123@gmail.com
2026-05-02 17:02:44,274 INFO c.s.b.s.b.s.c.AuthController [http-nio-8080-exec-3] Successfully authenticated user via OTP: pranavparalkar123@gmail.com
2026-05-02 17:02:44,492 INFO c.s.b.s.b.s.j.JwtAuthenticationFilter [http-nio-8080-exec-5] JWT validated successfully for context user: pranavparalkar123@gmail.com
2026-05-02 17:02:44,512 INFO c.s.b.s.b.d.c.DoctorController [http-nio-8080-exec-5] Received request to fetch doctor by email: pranavparalkar123@gmail.com
2026-05-02 17:02:44,512 INFO c.s.b.s.b.d.s.DoctorService [http-nio-8080-exec-5] Fetching doctor profile by email: pranavparalkar123@gmail.com
2026-05-02 17:02:44,575 ERROR c.s.b.s.b.d.s.DoctorService [http-nio-8080-exec-5] Doctor with email pranavparalkar123@gmail.com not found
2026-05-02 17:02:44,591 WARN c.s.b.s.b.e.GlobalExceptionHandler [http-nio-8080-exec-5] Resource Not Found at /api/doctors/email/pranavparalkar123%40gmail.com: Doctor not found
2026-05-02 17:02:44,687 INFO c.s.b.s.b.s.j.JwtAuthenticationFilter [http-nio-8080-exec-6] JWT validated successfully for context user: pranavparalkar123@gmail.com
2026-05-02 17:02:44,709 INFO c.s.b.s.b.d.c.DoctorController [http-nio-8080-exec-6] Received request to create a new doctor with email: pranavparalkar123@gmail.com
2026-05-02 17:02:44,743 INFO c.s.b.s.b.d.s.DoctorService [http-nio-8080-exec-6] Successfully saved doctor with ID: DOC-56bdc1fb
2026-05-02 17:02:44,745 INFO c.s.b.s.b.d.c.DoctorController [http-nio-8080-exec-6] Successfully created doctor with ID: DOC-56bdc1fb
2026-05-02 17:02:44,830 INFO c.s.b.s.b.s.j.JwtAuthenticationFilter [http-nio-8080-exec-9] JWT validated successfully for context user: pranavparalkar123@gmail.com
2026-05-02 17:02:44,834 INFO c.s.b.s.b.s.j.JwtAuthenticationFilter [http-nio-8080-exec-7] JWT validated successfully for context user: pranavparalkar123@gmail.com
2026-05-02 17:02:44,838 INFO c.s.b.s.b.d.c.DoctorController [http-nio-8080-exec-7] Received request to fetch doctor by email: pranavparalkar123@gmail.com
2026-05-02 17:02:44,839 INFO c.s.b.s.b.d.s.DoctorService [http-nio-8080-exec-7] Fetching doctor profile by email: pranavparalkar123@gmail.com
2026-05-02 17:02:44,917 INFO c.s.b.s.b.s.j.JwtAuthenticationFilter [http-nio-8080-exec-10] JWT validated successfully for context user: pranavparalkar123@gmail.com
2026-05-02 17:02:44,925 INFO c.s.b.s.b.s.j.JwtAuthenticationFilter [http-nio-8080-exec-4] JWT validated successfully for context user: pranavparalkar123@gmail.com
2026-05-02 17:02:44,925 INFO c.s.b.s.b.d.c.DoctorController [http-nio-8080-exec-10] Received request to fetch doctor by email: pranavparalkar123@gmail.com
2026-05-02 17:02:44,930 INFO c.s.b.s.b.d.s.DoctorService [http-nio-8080-exec-10] Fetching doctor profile by email: pranavparalkar123@gmail.com
2026-05-02 17:02:44,934 INFO c.s.b.s.b.p.c.PrescriptionController [http-nio-8080-exec-4] Fetching prescriptions for doctor ID: DOC-56bdc1fb
2026-05-02 17:02:44,934 ERROR c.s.b.s.b.e.GlobalExceptionHandler [http-nio-8080-exec-9] Unhandled logical exception occurred at /doctors/DOC-56bdc1fb/license: No static resource doctors/DOC-56bdc1fb/license for request '/doctors/DOC-56bdc1fb/license'.
org.springframework.web.servlet.resource.NoResourceFoundException: No static resource doctors/DOC-56bdc1fb/license for request '/doctors/DOC-56bdc1fb/license'.
	at org.springframework.web.servlet.resource.ResourceHttpRequestHandler.handleRequest(ResourceHttpRequestHandler.java:527)
	at org.springframework.web.servlet.mvc.HttpRequestHandlerAdapter.handle(HttpRequestHandlerAdapter.java:50)
	at org.springframework.web.servlet.DispatcherServlet.doDispatch(DispatcherServlet.java:963)
	at org.springframework.web.servlet.DispatcherServlet.doService(DispatcherServlet.java:866)
	at org.springframework.web.servlet.FrameworkServlet.processRequest(FrameworkServlet.java:1000)
	at org.springframework.web.servlet.FrameworkServlet.doPost(FrameworkServlet.java:903)
	at jakarta.servlet.http.HttpServlet.service(HttpServlet.java:649)
	at org.springframework.web.servlet.FrameworkServlet.service(FrameworkServlet.java:874)
	at jakarta.servlet.http.HttpServlet.service(HttpServlet.java:710)
	at org.apache.catalina.core.ApplicationFilterChain.doFilter(ApplicationFilterChain.java:128)
	at org.apache.tomcat.websocket.server.WsFilter.doFilter(WsFilter.java:53)
	at org.apache.catalina.core.ApplicationFilterChain.doFilter(ApplicationFilterChain.java:107)
	at org.springframework.web.filter.OncePerRequestFilter.doFilter(OncePerRequestFilter.java:110)
	at org.apache.catalina.core.ApplicationFilterChain.doFilter(ApplicationFilterChain.java:107)
	at org.springframework.web.filter.CompositeFilter$VirtualFilterChain.doFilter(CompositeFilter.java:108)
	at org.springframework.security.web.FilterChainProxy.lambda$doFilterInternal$3(FilterChainProxy.java:235)
	at org.springframework.security.web.FilterChainProxy$VirtualFilterChain.doFilter(FilterChainProxy.java:371)
	at org.springframework.security.web.access.intercept.AuthorizationFilter.doFilter(AuthorizationFilter.java:101)
	at org.springframework.security.web.FilterChainProxy$VirtualFilterChain.doFilter(FilterChainProxy.java:380)
	at org.springframework.security.web.access.ExceptionTranslationFilter.doFilter(ExceptionTranslationFilter.java:126)
	at org.springframework.security.web.access.ExceptionTranslationFilter.doFilter(ExceptionTranslationFilter.java:120)
	at org.springframework.security.web.FilterChainProxy$VirtualFilterChain.doFilter(FilterChainProxy.java:380)
	at org.springframework.security.web.session.SessionManagementFilter.doFilter(SessionManagementFilter.java:132)
	at org.springframework.security.web.session.SessionManagementFilter.doFilter(SessionManagementFilter.java:86)
	at org.springframework.security.web.FilterChainProxy$VirtualFilterChain.doFilter(FilterChainProxy.java:380)
	at org.springframework.security.web.authentication.AnonymousAuthenticationFilter.doFilter(AnonymousAuthenticationFilter.java:100)
	at org.springframework.security.web.FilterChainProxy$VirtualFilterChain.doFilter(FilterChainProxy.java:380)
	at org.springframework.security.web.servletapi.SecurityContextHolderAwareRequestFilter.doFilter(SecurityContextHolderAwareRequestFilter.java:181)
	at org.springframework.security.web.FilterChainProxy$VirtualFilterChain.doFilter(FilterChainProxy.java:380)
	at org.springframework.security.web.savedrequest.RequestCacheAwareFilter.doFilter(RequestCacheAwareFilter.java:63)
	at org.springframework.security.web.FilterChainProxy$VirtualFilterChain.doFilter(FilterChainProxy.java:380)
	at org.springframework.security.web.authentication.ui.DefaultLogoutPageGeneratingFilter.doFilterInternal(DefaultLogoutPageGeneratingFilter.java:60)
	at org.springframework.web.filter.OncePerRequestFilter.doFilter(OncePerRequestFilter.java:116)
	at org.springframework.security.web.FilterChainProxy$VirtualFilterChain.doFilter(FilterChainProxy.java:380)
	at org.springframework.security.web.authentication.ui.DefaultLoginPageGeneratingFilter.doFilter(DefaultLoginPageGeneratingFilter.java:246)
	at org.springframework.security.web.authentication.ui.DefaultLoginPageGeneratingFilter.doFilter(DefaultLoginPageGeneratingFilter.java:232)
	at org.springframework.security.web.FilterChainProxy$VirtualFilterChain.doFilter(FilterChainProxy.java:380)
	at org.springframework.security.web.authentication.ui.DefaultResourcesFilter.doFilter(DefaultResourcesFilter.java:73)
	at org.springframework.security.web.FilterChainProxy$VirtualFilterChain.doFilter(FilterChainProxy.java:380)
	at com.spring.boot.super30.backend.security.jwt.JwtAuthenticationFilter.doFilterInternal(JwtAuthenticationFilter.java:64)
	at org.springframework.web.filter.OncePerRequestFilter.doFilter(OncePerRequestFilter.java:116)
	at org.springframework.security.web.FilterChainProxy$VirtualFilterChain.doFilter(FilterChainProxy.java:380)
	at org.springframework.security.web.authentication.AbstractAuthenticationProcessingFilter.doFilter(AbstractAuthenticationProcessingFilter.java:245)
	at org.springframework.security.web.authentication.AbstractAuthenticationProcessingFilter.doFilter(AbstractAuthenticationProcessingFilter.java:239)
	at org.springframework.security.web.FilterChainProxy$VirtualFilterChain.doFilter(FilterChainProxy.java:380)
	at org.springframework.security.oauth2.client.web.OAuth2AuthorizationRequestRedirectFilter.doFilterInternal(OAuth2AuthorizationRequestRedirectFilter.java:195)
	at org.springframework.web.filter.OncePerRequestFilter.doFilter(OncePerRequestFilter.java:116)
	at org.springframework.security.web.FilterChainProxy$VirtualFilterChain.doFilter(FilterChainProxy.java:380)
	at org.springframework.security.web.authentication.logout.LogoutFilter.doFilter(LogoutFilter.java:110)
	at org.springframework.security.web.authentication.logout.LogoutFilter.doFilter(LogoutFilter.java:96)
	at org.springframework.security.web.FilterChainProxy$VirtualFilterChain.doFilter(FilterChainProxy.java:380)
	at org.springframework.web.filter.CorsFilter.doFilterInternal(CorsFilter.java:91)
	at org.springframework.web.filter.OncePerRequestFilter.doFilter(OncePerRequestFilter.java:116)
	at org.springframework.security.web.FilterChainProxy$VirtualFilterChain.doFilter(FilterChainProxy.java:380)
	at org.springframework.security.web.header.HeaderWriterFilter.doHeadersAfter(HeaderWriterFilter.java:90)
	at org.springframework.security.web.header.HeaderWriterFilter.doFilterInternal(HeaderWriterFilter.java:75)
	at org.springframework.web.filter.OncePerRequestFilter.doFilter(OncePerRequestFilter.java:116)
	at org.springframework.security.web.FilterChainProxy$VirtualFilterChain.doFilter(FilterChainProxy.java:380)
	at org.springframework.security.web.context.SecurityContextHolderFilter.doFilter(SecurityContextHolderFilter.java:82)
	at org.springframework.security.web.context.SecurityContextHolderFilter.doFilter(SecurityContextHolderFilter.java:69)
	at org.springframework.security.web.FilterChainProxy$VirtualFilterChain.doFilter(FilterChainProxy.java:380)
	at org.springframework.security.web.context.request.async.WebAsyncManagerIntegrationFilter.doFilterInternal(WebAsyncManagerIntegrationFilter.java:62)
	at org.springframework.web.filter.OncePerRequestFilter.doFilter(OncePerRequestFilter.java:116)
	at org.springframework.security.web.FilterChainProxy$VirtualFilterChain.doFilter(FilterChainProxy.java:380)
	at org.springframework.security.web.session.DisableEncodeUrlFilter.doFilterInternal(DisableEncodeUrlFilter.java:42)
	at org.springframework.web.filter.OncePerRequestFilter.doFilter(OncePerRequestFilter.java:116)
	at org.springframework.security.web.FilterChainProxy$VirtualFilterChain.doFilter(FilterChainProxy.java:380)
	at org.springframework.security.web.FilterChainProxy.doFilterInternal(FilterChainProxy.java:237)
	at org.springframework.security.web.FilterChainProxy.doFilter(FilterChainProxy.java:195)
	at org.springframework.web.filter.CompositeFilter$VirtualFilterChain.doFilter(CompositeFilter.java:113)
	at org.springframework.web.filter.ServletRequestPathFilter.doFilter(ServletRequestPathFilter.java:52)
	at org.springframework.web.filter.CompositeFilter$VirtualFilterChain.doFilter(CompositeFilter.java:113)
	at org.springframework.web.filter.CompositeFilter.doFilter(CompositeFilter.java:74)
	at org.springframework.security.config.annotation.web.configuration.WebSecurityConfiguration$CompositeFilterChainProxy.doFilter(WebSecurityConfiguration.java:317)
	at org.springframework.web.filter.DelegatingFilterProxy.invokeDelegate(DelegatingFilterProxy.java:355)
	at org.springframework.web.filter.DelegatingFilterProxy.doFilter(DelegatingFilterProxy.java:272)
	at org.apache.catalina.core.ApplicationFilterChain.doFilter(ApplicationFilterChain.java:107)
	at org.springframework.web.filter.RequestContextFilter.doFilterInternal(RequestContextFilter.java:100)
	at org.springframework.web.filter.OncePerRequestFilter.doFilter(OncePerRequestFilter.java:116)
	at org.apache.catalina.core.ApplicationFilterChain.doFilter(ApplicationFilterChain.java:107)
	at org.springframework.web.filter.FormContentFilter.doFilterInternal(FormContentFilter.java:93)
	at org.springframework.web.filter.OncePerRequestFilter.doFilter(OncePerRequestFilter.java:116)
	at org.apache.catalina.core.ApplicationFilterChain.doFilter(ApplicationFilterChain.java:107)
	at org.springframework.web.filter.CharacterEncodingFilter.doFilterInternal(CharacterEncodingFilter.java:199)
	at org.springframework.web.filter.OncePerRequestFilter.doFilter(OncePerRequestFilter.java:116)
	at org.apache.catalina.core.ApplicationFilterChain.doFilter(ApplicationFilterChain.java:107)
	at org.apache.catalina.core.StandardWrapperValve.invoke(StandardWrapperValve.java:165)
	at org.apache.catalina.core.StandardContextValve.invoke(StandardContextValve.java:77)
	at org.apache.catalina.authenticator.AuthenticatorBase.invoke(AuthenticatorBase.java:492)
	at org.apache.catalina.core.StandardHostValve.invoke(StandardHostValve.java:113)
	at org.apache.catalina.valves.ErrorReportValve.invoke(ErrorReportValve.java:83)
	at org.apache.catalina.core.StandardEngineValve.invoke(StandardEngineValve.java:72)
	at org.apache.catalina.connector.CoyoteAdapter.service(CoyoteAdapter.java:341)
	at org.apache.coyote.http11.Http11Processor.service(Http11Processor.java:397)
	at org.apache.coyote.AbstractProcessorLight.process(AbstractProcessorLight.java:63)
	at org.apache.coyote.AbstractProtocol$ConnectionHandler.process(AbstractProtocol.java:903)
	at org.apache.tomcat.util.net.NioEndpoint$SocketProcessor.doRun(NioEndpoint.java:1779)
	at org.apache.tomcat.util.net.SocketProcessorBase.run(SocketProcessorBase.java:52)
	at org.apache.tomcat.util.threads.ThreadPoolExecutor.runWorker(ThreadPoolExecutor.java:946)
	at org.apache.tomcat.util.threads.ThreadPoolExecutor$Worker.run(ThreadPoolExecutor.java:480)
	at org.apache.tomcat.util.threads.TaskThread$WrappingRunnable.run(TaskThread.java:57)
	at java.base/java.lang.Thread.run(Thread.java:1583)
2026-05-02 17:02:45,015 INFO c.s.b.s.b.s.j.JwtAuthenticationFilter [http-nio-8080-exec-3] JWT validated successfully for context user: pranavparalkar123@gmail.com
2026-05-02 17:02:45,015 INFO c.s.b.s.b.p.c.PrescriptionController [http-nio-8080-exec-3] Fetching prescriptions for doctor ID: DOC-56bdc1fb
2026-05-02 17:02:48,559 INFO c.s.b.s.b.s.j.JwtAuthenticationFilter [http-nio-8080-exec-2] JWT validated successfully for context user: pranavparalkar123@gmail.com
2026-05-02 17:02:48,569 INFO c.s.b.s.b.p.c.PrescriptionController [http-nio-8080-exec-2] Fetching prescriptions for doctor ID: DOC-56bdc1fb
2026-05-02 17:02:48,604 INFO c.s.b.s.b.s.j.JwtAuthenticationFilter [http-nio-8080-exec-5] JWT validated successfully for context user: pranavparalkar123@gmail.com
2026-05-02 17:02:48,604 INFO c.s.b.s.b.p.c.PrescriptionController [http-nio-8080-exec-5] Fetching prescriptions for doctor ID: DOC-56bdc1fb
2026-05-02 17:02:50,149 INFO c.s.b.s.b.s.j.JwtAuthenticationFilter [http-nio-8080-exec-7] JWT validated successfully for context user: pranavparalkar123@gmail.com
2026-05-02 17:02:50,152 INFO c.s.b.s.b.p.c.PrescriptionController [http-nio-8080-exec-7] Fetching prescriptions for doctor ID: DOC-56bdc1fb
2026-05-02 17:02:50,199 INFO c.s.b.s.b.s.j.JwtAuthenticationFilter [http-nio-8080-exec-1] JWT validated successfully for context user: pranavparalkar123@gmail.com
2026-05-02 17:02:50,202 INFO c.s.b.s.b.p.c.PrescriptionController [http-nio-8080-exec-1] Fetching prescriptions for doctor ID: DOC-56bdc1fb
2026-05-02 17:02:50,909 INFO c.s.b.s.b.s.j.JwtAuthenticationFilter [http-nio-8080-exec-4] JWT validated successfully for context user: pranavparalkar123@gmail.com
2026-05-02 17:02:50,915 INFO c.s.b.s.b.d.c.DoctorController [http-nio-8080-exec-4] Received request to fetch doctor by email: pranavparalkar123@gmail.com
2026-05-02 17:02:50,915 INFO c.s.b.s.b.d.s.DoctorService [http-nio-8080-exec-4] Fetching doctor profile by email: pranavparalkar123@gmail.com
2026-05-02 17:02:50,951 INFO c.s.b.s.b.s.j.JwtAuthenticationFilter [http-nio-8080-exec-3] JWT validated successfully for context user: pranavparalkar123@gmail.com
2026-05-02 17:02:50,952 INFO c.s.b.s.b.s.j.JwtAuthenticationFilter [http-nio-8080-exec-2] JWT validated successfully for context user: pranavparalkar123@gmail.com
2026-05-02 17:02:50,952 INFO c.s.b.s.b.p.c.PrescriptionController [http-nio-8080-exec-2] Fetching prescriptions for doctor ID: DOC-56bdc1fb
2026-05-02 17:02:50,952 INFO c.s.b.s.b.d.c.DoctorController [http-nio-8080-exec-3] Received request to fetch doctor by email: pranavparalkar123@gmail.com
2026-05-02 17:02:50,952 INFO c.s.b.s.b.d.s.DoctorService [http-nio-8080-exec-3] Fetching doctor profile by email: pranavparalkar123@gmail.com
2026-05-02 17:02:50,997 INFO c.s.b.s.b.s.j.JwtAuthenticationFilter [http-nio-8080-exec-5] JWT validated successfully for context user: pranavparalkar123@gmail.com
2026-05-02 17:02:51,002 INFO c.s.b.s.b.p.c.PrescriptionController [http-nio-8080-exec-5] Fetching prescriptions for doctor ID: DOC-56bdc1fb
2026-05-02 17:02:51,757 INFO c.s.b.s.b.s.j.JwtAuthenticationFilter [http-nio-8080-exec-6] JWT validated successfully for context user: pranavparalkar123@gmail.com
2026-05-02 17:02:51,757 INFO c.s.b.s.b.d.c.DoctorController [http-nio-8080-exec-6] Received request to fetch doctor by email: pranavparalkar123@gmail.com
2026-05-02 17:02:51,757 INFO c.s.b.s.b.d.s.DoctorService [http-nio-8080-exec-6] Fetching doctor profile by email: pranavparalkar123@gmail.com
2026-05-02 17:02:51,796 INFO c.s.b.s.b.s.j.JwtAuthenticationFilter [http-nio-8080-exec-6] JWT validated successfully for context user: pranavparalkar123@gmail.com
2026-05-02 17:02:51,798 INFO c.s.b.s.b.s.j.JwtAuthenticationFilter [http-nio-8080-exec-7] JWT validated successfully for context user: pranavparalkar123@gmail.com
2026-05-02 17:02:51,799 INFO c.s.b.s.b.d.c.DoctorController [http-nio-8080-exec-6] Received request to fetch doctor by email: pranavparalkar123@gmail.com
2026-05-02 17:02:51,799 INFO c.s.b.s.b.p.c.PrescriptionController [http-nio-8080-exec-7] Fetching prescriptions for doctor ID: DOC-56bdc1fb
2026-05-02 17:02:51,799 INFO c.s.b.s.b.d.s.DoctorService [http-nio-8080-exec-6] Fetching doctor profile by email: pranavparalkar123@gmail.com
2026-05-02 17:02:51,840 INFO c.s.b.s.b.s.j.JwtAuthenticationFilter [http-nio-8080-exec-1] JWT validated successfully for context user: pranavparalkar123@gmail.com
2026-05-02 17:02:51,844 INFO c.s.b.s.b.p.c.PrescriptionController [http-nio-8080-exec-1] Fetching prescriptions for doctor ID: DOC-56bdc1fb
2026-05-02 17:02:52,593 INFO c.s.b.s.b.s.j.JwtAuthenticationFilter [http-nio-8080-exec-9] JWT validated successfully for context user: pranavparalkar123@gmail.com
2026-05-02 17:02:52,597 INFO c.s.b.s.b.p.c.PrescriptionController [http-nio-8080-exec-9] Fetching prescriptions for doctor ID: DOC-56bdc1fb
2026-05-02 17:02:52,632 INFO c.s.b.s.b.s.j.JwtAuthenticationFilter [http-nio-8080-exec-10] JWT validated successfully for context user: pranavparalkar123@gmail.com
2026-05-02 17:02:52,634 INFO c.s.b.s.b.p.c.PrescriptionController [http-nio-8080-exec-10] Fetching prescriptions for doctor ID: DOC-56bdc1fb
2026-05-02 17:02:53,428 INFO c.s.b.s.b.s.j.JwtAuthenticationFilter [http-nio-8080-exec-4] JWT validated successfully for context user: pranavparalkar123@gmail.com
2026-05-02 17:02:53,432 INFO c.s.b.s.b.d.c.DoctorController [http-nio-8080-exec-4] Received request to fetch doctor by email: pranavparalkar123@gmail.com
2026-05-02 17:02:53,434 INFO c.s.b.s.b.d.s.DoctorService [http-nio-8080-exec-4] Fetching doctor profile by email: pranavparalkar123@gmail.com
2026-05-02 17:02:53,467 INFO c.s.b.s.b.s.j.JwtAuthenticationFilter [http-nio-8080-exec-3] JWT validated successfully for context user: pranavparalkar123@gmail.com
2026-05-02 17:02:53,467 INFO c.s.b.s.b.s.j.JwtAuthenticationFilter [http-nio-8080-exec-2] JWT validated successfully for context user: pranavparalkar123@gmail.com
2026-05-02 17:02:53,473 INFO c.s.b.s.b.d.c.DoctorController [http-nio-8080-exec-3] Received request to fetch doctor by email: pranavparalkar123@gmail.com
2026-05-02 17:02:53,474 INFO c.s.b.s.b.p.c.PrescriptionController [http-nio-8080-exec-2] Fetching prescriptions for doctor ID: DOC-56bdc1fb
2026-05-02 17:02:53,474 INFO c.s.b.s.b.d.s.DoctorService [http-nio-8080-exec-3] Fetching doctor profile by email: pranavparalkar123@gmail.com
2026-05-02 17:02:53,541 INFO c.s.b.s.b.s.j.JwtAuthenticationFilter [http-nio-8080-exec-5] JWT validated successfully for context user: pranavparalkar123@gmail.com
2026-05-02 17:02:53,549 INFO c.s.b.s.b.p.c.PrescriptionController [http-nio-8080-exec-5] Fetching prescriptions for doctor ID: DOC-56bdc1fb
2026-05-02 17:02:54,289 INFO c.s.b.s.b.s.j.JwtAuthenticationFilter [http-nio-8080-exec-8] JWT validated successfully for context user: pranavparalkar123@gmail.com
2026-05-02 17:02:54,295 INFO c.s.b.s.b.d.c.DoctorController [http-nio-8080-exec-8] Received request to fetch doctor by email: pranavparalkar123@gmail.com
2026-05-02 17:02:54,298 INFO c.s.b.s.b.d.s.DoctorService [http-nio-8080-exec-8] Fetching doctor profile by email: pranavparalkar123@gmail.com
2026-05-02 17:02:54,338 INFO c.s.b.s.b.s.j.JwtAuthenticationFilter [http-nio-8080-exec-6] JWT validated successfully for context user: pranavparalkar123@gmail.com
2026-05-02 17:02:54,341 INFO c.s.b.s.b.s.j.JwtAuthenticationFilter [http-nio-8080-exec-7] JWT validated successfully for context user: pranavparalkar123@gmail.com
2026-05-02 17:02:54,342 INFO c.s.b.s.b.d.c.DoctorController [http-nio-8080-exec-6] Received request to fetch doctor by email: pranavparalkar123@gmail.com
2026-05-02 17:02:54,343 INFO c.s.b.s.b.d.s.DoctorService [http-nio-8080-exec-6] Fetching doctor profile by email: pranavparalkar123@gmail.com
2026-05-02 17:02:54,343 INFO c.s.b.s.b.p.c.PrescriptionController [http-nio-8080-exec-7] Fetching prescriptions for doctor ID: DOC-56bdc1fb
2026-05-02 17:02:54,390 INFO c.s.b.s.b.s.j.JwtAuthenticationFilter [http-nio-8080-exec-1] JWT validated successfully for context user: pranavparalkar123@gmail.com
2026-05-02 17:02:54,397 INFO c.s.b.s.b.p.c.PrescriptionController [http-nio-8080-exec-1] Fetching prescriptions for doctor ID: DOC-56bdc1fb
2026-05-02 17:02:55,155 INFO c.s.b.s.b.s.j.JwtAuthenticationFilter [http-nio-8080-exec-4] JWT validated successfully for context user: pranavparalkar123@gmail.com
2026-05-02 17:02:55,164 INFO c.s.b.s.b.p.c.PrescriptionController [http-nio-8080-exec-4] Fetching prescriptions for doctor ID: DOC-56bdc1fb
2026-05-02 17:02:55,200 INFO c.s.b.s.b.s.j.JwtAuthenticationFilter [http-nio-8080-exec-3] JWT validated successfully for context user: pranavparalkar123@gmail.com
2026-05-02 17:02:55,202 INFO c.s.b.s.b.p.c.PrescriptionController [http-nio-8080-exec-3] Fetching prescriptions for doctor ID: DOC-56bdc1fb
2026-05-02 17:02:56,615 INFO c.s.b.s.b.s.j.JwtAuthenticationFilter [http-nio-8080-exec-8] JWT validated successfully for context user: pranavparalkar123@gmail.com
2026-05-02 17:02:56,624 INFO c.s.b.s.b.d.c.DoctorController [http-nio-8080-exec-8] Received request to fetch doctor by email: pranavparalkar123@gmail.com
2026-05-02 17:02:56,625 INFO c.s.b.s.b.d.s.DoctorService [http-nio-8080-exec-8] Fetching doctor profile by email: pranavparalkar123@gmail.com
2026-05-02 17:02:56,652 INFO c.s.b.s.b.s.j.JwtAuthenticationFilter [http-nio-8080-exec-6] JWT validated successfully for context user: pranavparalkar123@gmail.com
2026-05-02 17:02:56,655 INFO c.s.b.s.b.d.c.DoctorController [http-nio-8080-exec-6] Received request to fetch doctor by email: pranavparalkar123@gmail.com
2026-05-02 17:02:56,657 INFO c.s.b.s.b.d.s.DoctorService [http-nio-8080-exec-6] Fetching doctor profile by email: pranavparalkar123@gmail.com
2026-05-02 17:02:57,424 INFO c.s.b.s.b.s.j.JwtAuthenticationFilter [http-nio-8080-exec-7] JWT validated successfully for context user: pranavparalkar123@gmail.com
2026-05-02 17:02:57,427 INFO c.s.b.s.b.d.c.DoctorController [http-nio-8080-exec-7] Received request to fetch doctor by email: pranavparalkar123@gmail.com
2026-05-02 17:02:57,427 INFO c.s.b.s.b.d.s.DoctorService [http-nio-8080-exec-7] Fetching doctor profile by email: pranavparalkar123@gmail.com
2026-05-02 17:02:57,462 INFO c.s.b.s.b.s.j.JwtAuthenticationFilter [http-nio-8080-exec-10] JWT validated successfully for context user: pranavparalkar123@gmail.com
2026-05-02 17:02:57,463 INFO c.s.b.s.b.s.j.JwtAuthenticationFilter [http-nio-8080-exec-1] JWT validated successfully for context user: pranavparalkar123@gmail.com
2026-05-02 17:02:57,463 INFO c.s.b.s.b.p.c.PrescriptionController [http-nio-8080-exec-10] Fetching prescriptions for doctor ID: DOC-56bdc1fb
2026-05-02 17:02:57,472 INFO c.s.b.s.b.d.c.DoctorController [http-nio-8080-exec-1] Received request to fetch doctor by email: pranavparalkar123@gmail.com
2026-05-02 17:02:57,474 INFO c.s.b.s.b.d.s.DoctorService [http-nio-8080-exec-1] Fetching doctor profile by email: pranavparalkar123@gmail.com
2026-05-02 17:02:57,505 INFO c.s.b.s.b.s.j.JwtAuthenticationFilter [http-nio-8080-exec-9] JWT validated successfully for context user: pranavparalkar123@gmail.com
2026-05-02 17:02:57,505 INFO c.s.b.s.b.p.c.PrescriptionController [http-nio-8080-exec-9] Fetching prescriptions for doctor ID: DOC-56bdc1fb
2026-05-02 17:02:57,925 INFO c.s.b.s.b.s.j.JwtAuthenticationFilter [http-nio-8080-exec-4] JWT validated successfully for context user: pranavparalkar123@gmail.com
2026-05-02 17:02:57,927 INFO c.s.b.s.b.p.c.PrescriptionController [http-nio-8080-exec-4] Fetching prescriptions for doctor ID: DOC-56bdc1fb
2026-05-02 17:02:57,957 INFO c.s.b.s.b.s.j.JwtAuthenticationFilter [http-nio-8080-exec-3] JWT validated successfully for context user: pranavparalkar123@gmail.com
2026-05-02 17:02:57,957 INFO c.s.b.s.b.p.c.PrescriptionController [http-nio-8080-exec-3] Fetching prescriptions for doctor ID: DOC-56bdc1fb
2026-05-02 17:02:58,475 INFO c.s.b.s.b.s.j.JwtAuthenticationFilter [http-nio-8080-exec-2] JWT validated successfully for context user: pranavparalkar123@gmail.com
2026-05-02 17:02:58,478 INFO c.s.b.s.b.d.c.DoctorController [http-nio-8080-exec-2] Received request to fetch doctor by email: pranavparalkar123@gmail.com
2026-05-02 17:02:58,479 INFO c.s.b.s.b.d.s.DoctorService [http-nio-8080-exec-2] Fetching doctor profile by email: pranavparalkar123@gmail.com
2026-05-02 17:02:58,512 INFO c.s.b.s.b.s.j.JwtAuthenticationFilter [http-nio-8080-exec-5] JWT validated successfully for context user: pranavparalkar123@gmail.com
2026-05-02 17:02:58,512 INFO c.s.b.s.b.s.j.JwtAuthenticationFilter [http-nio-8080-exec-8] JWT validated successfully for context user: pranavparalkar123@gmail.com
2026-05-02 17:02:58,512 INFO c.s.b.s.b.d.c.DoctorController [http-nio-8080-exec-5] Received request to fetch doctor by email: pranavparalkar123@gmail.com
2026-05-02 17:02:58,512 INFO c.s.b.s.b.d.s.DoctorService [http-nio-8080-exec-5] Fetching doctor profile by email: pranavparalkar123@gmail.com
2026-05-02 17:02:58,512 INFO c.s.b.s.b.p.c.PrescriptionController [http-nio-8080-exec-8] Fetching prescriptions for doctor ID: DOC-56bdc1fb
2026-05-02 17:02:58,564 INFO c.s.b.s.b.s.j.JwtAuthenticationFilter [http-nio-8080-exec-6] JWT validated successfully for context user: pranavparalkar123@gmail.com
2026-05-02 17:02:58,575 INFO c.s.b.s.b.p.c.PrescriptionController [http-nio-8080-exec-6] Fetching prescriptions for doctor ID: DOC-56bdc1fb
2026-05-02 17:02:59,374 INFO c.s.b.s.b.s.j.JwtAuthenticationFilter [http-nio-8080-exec-7] JWT validated successfully for context user: pranavparalkar123@gmail.com
2026-05-02 17:02:59,377 INFO c.s.b.s.b.p.c.PrescriptionController [http-nio-8080-exec-7] Fetching prescriptions for doctor ID: DOC-56bdc1fb
2026-05-02 17:02:59,402 INFO c.s.b.s.b.s.j.JwtAuthenticationFilter [http-nio-8080-exec-1] JWT validated successfully for context user: pranavparalkar123@gmail.com
2026-05-02 17:02:59,412 INFO c.s.b.s.b.p.c.PrescriptionController [http-nio-8080-exec-1] Fetching prescriptions for doctor ID: DOC-56bdc1fb
2026-05-02 17:03:00,586 INFO c.s.b.s.b.s.j.JwtAuthenticationFilter [http-nio-8080-exec-10] JWT validated successfully for context user: pranavparalkar123@gmail.com
2026-05-02 17:03:00,591 INFO c.s.b.s.b.d.c.DoctorController [http-nio-8080-exec-10] Received request to fetch doctor by email: pranavparalkar123@gmail.com
2026-05-02 17:03:00,593 INFO c.s.b.s.b.d.s.DoctorService [http-nio-8080-exec-10] Fetching doctor profile by email: pranavparalkar123@gmail.com
2026-05-02 17:03:00,618 INFO c.s.b.s.b.s.j.JwtAuthenticationFilter [http-nio-8080-exec-10] JWT validated successfully for context user: pranavparalkar123@gmail.com
2026-05-02 17:03:00,622 INFO c.s.b.s.b.d.c.DoctorController [http-nio-8080-exec-10] Received request to fetch doctor by email: pranavparalkar123@gmail.com
2026-05-02 17:03:00,625 INFO c.s.b.s.b.d.s.DoctorService [http-nio-8080-exec-10] Fetching doctor profile by email: pranavparalkar123@gmail.com
2026-05-02 17:03:00,625 INFO c.s.b.s.b.s.j.JwtAuthenticationFilter [http-nio-8080-exec-3] JWT validated successfully for context user: pranavparalkar123@gmail.com
2026-05-02 17:03:00,628 INFO c.s.b.s.b.p.c.PrescriptionController [http-nio-8080-exec-3] Fetching prescriptions for doctor ID: DOC-56bdc1fb
2026-05-02 17:03:00,658 INFO c.s.b.s.b.s.j.JwtAuthenticationFilter [http-nio-8080-exec-2] JWT validated successfully for context user: pranavparalkar123@gmail.com
2026-05-02 17:03:00,658 INFO c.s.b.s.b.p.c.PrescriptionController [http-nio-8080-exec-2] Fetching prescriptions for doctor ID: DOC-56bdc1fb
2026-05-02 17:03:01,024 INFO c.s.b.s.b.s.j.JwtAuthenticationFilter [http-nio-8080-exec-8] JWT validated successfully for context user: pranavparalkar123@gmail.com
2026-05-02 17:03:01,027 INFO c.s.b.s.b.p.c.PrescriptionController [http-nio-8080-exec-8] Fetching prescriptions for doctor ID: DOC-56bdc1fb
2026-05-02 17:03:01,062 INFO c.s.b.s.b.s.j.JwtAuthenticationFilter [http-nio-8080-exec-8] JWT validated successfully for context user: pranavparalkar123@gmail.com
2026-05-02 17:03:01,062 INFO c.s.b.s.b.p.c.PrescriptionController [http-nio-8080-exec-8] Fetching prescriptions for doctor ID: DOC-56bdc1fb
2026-05-02 17:03:01,778 INFO c.s.b.s.b.s.j.JwtAuthenticationFilter [http-nio-8080-exec-1] JWT validated successfully for context user: pranavparalkar123@gmail.com
2026-05-02 17:03:01,782 INFO c.s.b.s.b.d.c.DoctorController [http-nio-8080-exec-1] Received request to fetch doctor by email: pranavparalkar123@gmail.com
2026-05-02 17:03:01,782 INFO c.s.b.s.b.d.s.DoctorService [http-nio-8080-exec-1] Fetching doctor profile by email: pranavparalkar123@gmail.com
2026-05-02 17:03:01,809 INFO c.s.b.s.b.s.j.JwtAuthenticationFilter [http-nio-8080-exec-9] JWT validated successfully for context user: pranavparalkar123@gmail.com
2026-05-02 17:03:01,812 INFO c.s.b.s.b.d.c.DoctorController [http-nio-8080-exec-9] Received request to fetch doctor by email: pranavparalkar123@gmail.com
2026-05-02 17:03:01,812 INFO c.s.b.s.b.d.s.DoctorService [http-nio-8080-exec-9] Fetching doctor profile by email: pranavparalkar123@gmail.com
2026-05-02 17:03:03,502 INFO c.s.b.s.b.s.j.JwtAuthenticationFilter [http-nio-8080-exec-4] JWT validated successfully for context user: pranavparalkar123@gmail.com
2026-05-02 17:03:03,507 INFO c.s.b.s.b.d.c.DoctorController [http-nio-8080-exec-4] Received request to fetch doctor by email: pranavparalkar123@gmail.com
2026-05-02 17:03:03,507 INFO c.s.b.s.b.d.s.DoctorService [http-nio-8080-exec-4] Fetching doctor profile by email: pranavparalkar123@gmail.com
2026-05-02 17:03:03,533 INFO c.s.b.s.b.s.j.JwtAuthenticationFilter [http-nio-8080-exec-10] JWT validated successfully for context user: pranavparalkar123@gmail.com
2026-05-02 17:03:03,537 INFO c.s.b.s.b.s.j.JwtAuthenticationFilter [http-nio-8080-exec-3] JWT validated successfully for context user: pranavparalkar123@gmail.com
2026-05-02 17:03:03,537 INFO c.s.b.s.b.d.c.DoctorController [http-nio-8080-exec-10] Received request to fetch doctor by email: pranavparalkar123@gmail.com
2026-05-02 17:03:03,539 INFO c.s.b.s.b.p.c.PrescriptionController [http-nio-8080-exec-3] Fetching prescriptions for doctor ID: DOC-56bdc1fb
2026-05-02 17:03:03,540 INFO c.s.b.s.b.d.s.DoctorService [http-nio-8080-exec-10] Fetching doctor profile by email: pranavparalkar123@gmail.com
2026-05-02 17:03:03,576 INFO c.s.b.s.b.s.j.JwtAuthenticationFilter [http-nio-8080-exec-2] JWT validated successfully for context user: pranavparalkar123@gmail.com
2026-05-02 17:03:03,580 INFO c.s.b.s.b.p.c.PrescriptionController [http-nio-8080-exec-2] Fetching prescriptions for doctor ID: DOC-56bdc1fb
2026-05-02 17:03:06,491 INFO c.s.b.s.b.s.j.JwtAuthenticationFilter [http-nio-8080-exec-7] JWT validated successfully for context user: pranavparalkar123@gmail.com
2026-05-02 17:03:06,495 INFO c.s.b.s.b.p.c.PrescriptionController [http-nio-8080-exec-7] Fetching prescriptions for doctor ID: DOC-56bdc1fb
2026-05-02 17:03:06,524 INFO c.s.b.s.b.s.j.JwtAuthenticationFilter [http-nio-8080-exec-6] JWT validated successfully for context user: pranavparalkar123@gmail.com
2026-05-02 17:03:06,528 INFO c.s.b.s.b.p.c.PrescriptionController [http-nio-8080-exec-6] Fetching prescriptions for doctor ID: DOC-56bdc1fb
2026-05-02 17:03:07,306 INFO c.s.b.s.b.s.j.JwtAuthenticationFilter [http-nio-8080-exec-4] JWT validated successfully for context user: pranavparalkar123@gmail.com
2026-05-02 17:03:07,306 INFO c.s.b.s.b.d.c.DoctorController [http-nio-8080-exec-4] Received request to fetch doctor by email: pranavparalkar123@gmail.com
2026-05-02 17:03:07,306 INFO c.s.b.s.b.d.s.DoctorService [http-nio-8080-exec-4] Fetching doctor profile by email: pranavparalkar123@gmail.com
2026-05-02 17:03:07,347 INFO c.s.b.s.b.s.j.JwtAuthenticationFilter [http-nio-8080-exec-3] JWT validated successfully for context user: pranavparalkar123@gmail.com
2026-05-02 17:03:07,347 INFO c.s.b.s.b.s.j.JwtAuthenticationFilter [http-nio-8080-exec-10] JWT validated successfully for context user: pranavparalkar123@gmail.com
2026-05-02 17:03:07,352 INFO c.s.b.s.b.p.c.PrescriptionController [http-nio-8080-exec-3] Fetching prescriptions for doctor ID: DOC-56bdc1fb
2026-05-02 17:03:07,352 INFO c.s.b.s.b.d.c.DoctorController [http-nio-8080-exec-10] Received request to fetch doctor by email: pranavparalkar123@gmail.com
2026-05-02 17:03:07,356 INFO c.s.b.s.b.d.s.DoctorService [http-nio-8080-exec-10] Fetching doctor profile by email: pranavparalkar123@gmail.com
2026-05-02 17:03:07,387 INFO c.s.b.s.b.s.j.JwtAuthenticationFilter [http-nio-8080-exec-2] JWT validated successfully for context user: pranavparalkar123@gmail.com
2026-05-02 17:03:07,392 INFO c.s.b.s.b.p.c.PrescriptionController [http-nio-8080-exec-2] Fetching prescriptions for doctor ID: DOC-56bdc1fb
2026-05-02 17:03:14,855 INFO c.s.b.s.b.s.j.JwtAuthenticationFilter [http-nio-8080-exec-7] JWT validated successfully for context user: prescribe.services@gmail.com
2026-05-02 17:03:14,855 INFO c.s.b.s.b.d.c.AdminController [http-nio-8080-exec-7] Admin requesting pending doctors list
2026-05-02 17:03:14,869 INFO c.s.b.s.b.d.s.DoctorService [http-nio-8080-exec-7] Fetching all pending doctors
2026-05-02 17:03:15,098 INFO c.s.b.s.b.s.j.JwtAuthenticationFilter [http-nio-8080-exec-6] JWT validated successfully for context user: prescribe.services@gmail.com
2026-05-02 17:03:15,105 INFO c.s.b.s.b.d.c.AdminController [http-nio-8080-exec-6] Admin requesting pending doctors list
2026-05-02 17:03:15,105 INFO c.s.b.s.b.d.s.DoctorService [http-nio-8080-exec-6] Fetching all pending doctors
2026-05-02 17:08:22,755 INFO c.s.b.s.b.s.j.JwtAuthenticationFilter [http-nio-8080-exec-8] JWT validated successfully for context user: prescribe.services@gmail.com
2026-05-02 17:08:22,755 INFO c.s.b.s.b.d.c.AdminController [http-nio-8080-exec-8] Admin requesting pending doctors list
2026-05-02 17:08:22,755 INFO c.s.b.s.b.d.s.DoctorService [http-nio-8080-exec-8] Fetching all pending doctors
2026-05-02 17:08:22,777 INFO c.s.b.s.b.s.j.JwtAuthenticationFilter [http-nio-8080-exec-6] JWT validated successfully for context user: pranavparalkar123@gmail.com
2026-05-02 17:08:22,777 INFO c.s.b.s.b.s.j.JwtAuthenticationFilter [http-nio-8080-exec-9] JWT validated successfully for context user: prescribe.services@gmail.com
2026-05-02 17:08:22,779 INFO c.s.b.s.b.d.c.DoctorController [http-nio-8080-exec-6] Received request to fetch doctor by email: pranavparalkar123@gmail.com
2026-05-02 17:08:22,779 INFO c.s.b.s.b.d.c.AdminController [http-nio-8080-exec-9] Admin requesting pending doctors list
2026-05-02 17:08:22,782 INFO c.s.b.s.b.d.s.DoctorService [http-nio-8080-exec-6] Fetching doctor profile by email: pranavparalkar123@gmail.com
2026-05-02 17:08:22,782 INFO c.s.b.s.b.d.s.DoctorService [http-nio-8080-exec-9] Fetching all pending doctors
2026-05-02 17:08:22,794 INFO c.s.b.s.b.s.j.JwtAuthenticationFilter [http-nio-8080-exec-1] JWT validated successfully for context user: pranavparalkar123@gmail.com
2026-05-02 17:08:22,794 INFO c.s.b.s.b.d.c.DoctorController [http-nio-8080-exec-1] Received request to fetch doctor by email: pranavparalkar123@gmail.com
2026-05-02 17:08:22,797 INFO c.s.b.s.b.d.s.DoctorService [http-nio-8080-exec-1] Fetching doctor profile by email: pranavparalkar123@gmail.com
2026-05-02 17:08:22,802 INFO c.s.b.s.b.s.j.JwtAuthenticationFilter [http-nio-8080-exec-4] JWT validated successfully for context user: pranavparalkar123@gmail.com
2026-05-02 17:08:22,804 INFO c.s.b.s.b.p.c.PrescriptionController [http-nio-8080-exec-4] Fetching prescriptions for doctor ID: DOC-56bdc1fb
2026-05-02 17:08:22,827 INFO c.s.b.s.b.s.j.JwtAuthenticationFilter [http-nio-8080-exec-3] JWT validated successfully for context user: pranavparalkar123@gmail.com
2026-05-02 17:08:22,831 INFO c.s.b.s.b.p.c.PrescriptionController [http-nio-8080-exec-3] Fetching prescriptions for doctor ID: DOC-56bdc1fb
2026-05-02 17:09:47,695 INFO c.s.b.s.b.s.j.JwtAuthenticationFilter [http-nio-8080-exec-9] JWT validated successfully for context user: prescribe.services@gmail.com
2026-05-02 17:09:47,699 INFO c.s.b.s.b.d.c.AdminController [http-nio-8080-exec-9] Admin requesting pending doctors list
2026-05-02 17:09:47,702 INFO c.s.b.s.b.d.s.DoctorService [http-nio-8080-exec-9] Fetching all pending doctors
2026-05-02 17:09:47,755 INFO c.s.b.s.b.s.j.JwtAuthenticationFilter [http-nio-8080-exec-1] JWT validated successfully for context user: prescribe.services@gmail.com
2026-05-02 17:09:47,759 INFO c.s.b.s.b.d.c.AdminController [http-nio-8080-exec-1] Admin requesting pending doctors list
2026-05-02 17:09:47,759 INFO c.s.b.s.b.d.s.DoctorService [http-nio-8080-exec-1] Fetching all pending doctors
2026-05-02 17:10:23,544 INFO o.s.b.t.GracefulShutdown [SpringApplicationShutdownHook] Commencing graceful shutdown. Waiting for active requests to complete
2026-05-02 17:10:23,562 INFO o.s.b.t.GracefulShutdown [tomcat-shutdown] Graceful shutdown complete
2026-05-02 17:10:23,574 INFO o.s.o.j.AbstractEntityManagerFactoryBean [SpringApplicationShutdownHook] Closing JPA EntityManagerFactory for persistence unit 'default'
2026-05-02 17:10:23,579 INFO c.z.h.HikariDataSource [SpringApplicationShutdownHook] HikariPool-1 - Shutdown initiated...
2026-05-02 17:10:23,587 INFO c.z.h.HikariDataSource [SpringApplicationShutdownHook] HikariPool-1 - Shutdown completed.
2026-05-02 17:10:35,293 INFO o.s.b.StartupInfoLogger [main] Starting BackendApplication using Java 21.0.9 with PID 15588 (C:\Projects\prescribe\backend\target\classes started by Pranav in C:\Projects\prescribe\backend)
2026-05-02 17:10:35,297 INFO o.s.b.SpringApplication [main] No active profile set, falling back to 1 default profile: "default"
2026-05-02 17:10:35,550 INFO o.h.v.i.u.Version [background-preinit] HV000001: Hibernate Validator 9.0.1.Final
2026-05-02 17:10:36,215 INFO o.s.d.r.c.RepositoryConfigurationDelegate [main] Bootstrapping Spring Data JPA repositories in DEFAULT mode.
2026-05-02 17:10:36,356 INFO o.s.d.r.c.RepositoryConfigurationDelegate [main] Finished Spring Data repository scanning in 128 ms. Found 11 JPA repository interfaces.
2026-05-02 17:10:36,914 INFO o.s.b.t.TomcatWebServer [main] Tomcat initialized with port 8080 (http)
2026-05-02 17:10:36,932 INFO o.a.j.l.DirectJDKLog [main] Initializing ProtocolHandler ["http-nio-8080"]
2026-05-02 17:10:36,939 INFO o.a.j.l.DirectJDKLog [main] Starting service [Tomcat]
2026-05-02 17:10:36,939 INFO o.a.j.l.DirectJDKLog [main] Starting Servlet engine: [Apache Tomcat/11.0.18]
2026-05-02 17:10:37,032 INFO o.s.b.w.c.s.WebApplicationContextInitializer [main] Root WebApplicationContext: initialization completed in 1682 ms
2026-05-02 17:10:37,224 INFO o.h.j.i.u.LogHelper [main] HHH008540: Processing PersistenceUnitInfo [name: default]
2026-05-02 17:10:37,282 INFO o.h.Version [main] HHH000001: Hibernate ORM core version 7.2.4.Final
2026-05-02 17:10:37,784 INFO o.s.o.j.p.SpringPersistenceUnitInfo [main] No LoadTimeWeaver setup: ignoring JPA class transformer
2026-05-02 17:10:37,823 INFO c.z.h.HikariDataSource [main] HikariPool-1 - Starting...
2026-05-02 17:10:38,029 INFO c.z.h.p.HikariPool [main] HikariPool-1 - Added connection org.postgresql.jdbc.PgConnection@306c9b2c
2026-05-02 17:10:38,032 INFO c.z.h.HikariDataSource [main] HikariPool-1 - Start completed.
2026-05-02 17:10:38,072 WARN o.h.e.j.d.i.DialectFactoryImpl [main] HHH90000025: PostgreSQLDialect does not need to be specified explicitly using 'hibernate.dialect' (remove the property setting and it will be selected by default)
2026-05-02 17:10:38,114 INFO o.h.e.j.e.i.JdbcEnvironmentInitiator [main] HHH10001005: Database info:
	Database JDBC URL [jdbc:postgresql://localhost:5432/postgres]
	Database driver: PostgreSQL JDBC Driver
	Database dialect: PostgreSQLDialect
	Database version: 18.3
	Default catalog/schema: postgres/public
	Autocommit mode: undefined/unknown
	Isolation level: READ_COMMITTED [default READ_COMMITTED]
	JDBC fetch size: none
	Pool: DataSourceConnectionProvider
	Minimum pool size: undefined/unknown
	Maximum pool size: undefined/unknown
2026-05-02 17:10:39,707 INFO o.h.e.t.j.p.i.JtaPlatformInitiator [main] HHH000489: No JTA platform available (set 'hibernate.transaction.jta.platform' to enable JTA platform integration)
2026-05-02 17:10:39,855 INFO o.s.o.j.AbstractEntityManagerFactoryBean [main] Initialized JPA EntityManagerFactory for persistence unit 'default'
2026-05-02 17:10:39,924 INFO o.s.d.j.r.q.QueryEnhancerFactories [main] Hibernate is in classpath; If applicable, HQL parser will be used.
2026-05-02 17:10:41,014 INFO c.s.b.s.b.s.s.SubscriptionService [main] Razorpay client initialized successfully
2026-05-02 17:10:41,078 INFO o.s.s.c.a.a.c.InitializeAuthenticationProviderBeanManagerConfigurer$InitializeAuthenticationProviderManagerConfigurer [main] Global AuthenticationManager configured with AuthenticationProvider bean with name authenticationProvider
2026-05-02 17:10:41,080 WARN o.s.s.c.a.a.c.InitializeUserDetailsBeanManagerConfigurer$InitializeUserDetailsManagerConfigurer [main] Global AuthenticationManager configured with an AuthenticationProvider bean. UserDetailsService beans will not be used by Spring Security for automatically configuring username/password login. Consider removing the AuthenticationProvider bean. Alternatively, consider using the UserDetailsService in a manually instantiated DaoAuthenticationProvider. If the current configuration is intentional, to turn off this warning, increase the logging level of 'org.springframework.security.config.annotation.authentication.configuration.InitializeUserDetailsBeanManagerConfigurer' to ERROR
2026-05-02 17:10:41,233 WARN o.s.b.j.a.JpaBaseConfiguration$JpaWebConfiguration [main] spring.jpa.open-in-view is enabled by default. Therefore, database queries may be performed during view rendering. Explicitly configure spring.jpa.open-in-view to disable this warning
2026-05-02 17:10:41,824 INFO o.a.j.l.DirectJDKLog [main] Starting ProtocolHandler ["http-nio-8080"]
2026-05-02 17:10:41,836 INFO o.s.b.t.TomcatWebServer [main] Tomcat started on port 8080 (http) with context path '/'
2026-05-02 17:10:41,844 INFO o.s.b.StartupInfoLogger [main] Started BackendApplication in 7.198 seconds (process running for 7.722)
2026-05-02 17:10:43,784 INFO o.a.j.l.DirectJDKLog [http-nio-8080-exec-2] Initializing Spring DispatcherServlet 'dispatcherServlet'
2026-05-02 17:10:43,784 INFO o.s.w.s.FrameworkServlet [http-nio-8080-exec-2] Initializing Servlet 'dispatcherServlet'
2026-05-02 17:10:43,789 INFO o.s.w.s.FrameworkServlet [http-nio-8080-exec-2] Completed initialization in 5 ms
2026-05-02 17:10:45,712 INFO c.s.b.s.b.s.j.JwtAuthenticationFilter [http-nio-8080-exec-1] JWT validated successfully for context user: prescribe.services@gmail.com
2026-05-02 17:10:45,787 INFO c.s.b.s.b.d.c.AdminController [http-nio-8080-exec-1] Admin requesting pending doctors list
2026-05-02 17:10:45,791 INFO c.s.b.s.b.d.s.DoctorService [http-nio-8080-exec-1] Fetching all pending doctors
2026-05-02 17:10:46,193 INFO c.s.b.s.b.s.j.JwtAuthenticationFilter [http-nio-8080-exec-3] JWT validated successfully for context user: prescribe.services@gmail.com
2026-05-02 17:10:46,201 INFO c.s.b.s.b.d.c.AdminController [http-nio-8080-exec-3] Admin requesting pending doctors list
2026-05-02 17:10:46,205 INFO c.s.b.s.b.d.s.DoctorService [http-nio-8080-exec-3] Fetching all pending doctors
2026-05-02 17:10:47,497 INFO c.s.b.s.b.s.j.JwtAuthenticationFilter [http-nio-8080-exec-5] JWT validated successfully for context user: prescribe.services@gmail.com
2026-05-02 17:10:47,525 INFO c.s.b.s.b.d.c.AdminController [http-nio-8080-exec-5] Admin rejecting doctor: DOC-56bdc1fb
2026-05-02 17:10:47,525 INFO c.s.b.s.b.d.s.DoctorService [http-nio-8080-exec-5] Rejecting doctor ID: DOC-56bdc1fb
2026-05-02 17:10:50,275 INFO c.s.b.s.b.s.j.JwtAuthenticationFilter [http-nio-8080-exec-7] JWT validated successfully for context user: pranavparalkar123@gmail.com
2026-05-02 17:10:50,284 INFO c.s.b.s.b.d.c.DoctorController [http-nio-8080-exec-7] Received request to fetch doctor by email: pranavparalkar123@gmail.com
2026-05-02 17:10:50,287 INFO c.s.b.s.b.d.s.DoctorService [http-nio-8080-exec-7] Fetching doctor profile by email: pranavparalkar123@gmail.com
2026-05-02 17:10:50,405 INFO c.s.b.s.b.s.j.JwtAuthenticationFilter [http-nio-8080-exec-10] JWT validated successfully for context user: pranavparalkar123@gmail.com
2026-05-02 17:10:50,409 INFO c.s.b.s.b.d.c.DoctorController [http-nio-8080-exec-10] Received request to fetch doctor by email: pranavparalkar123@gmail.com
2026-05-02 17:10:50,409 INFO c.s.b.s.b.d.s.DoctorService [http-nio-8080-exec-10] Fetching doctor profile by email: pranavparalkar123@gmail.com
2026-05-02 17:11:30,875 INFO c.s.b.s.b.s.c.AuthController [http-nio-8080-exec-2] Requesting OTP for email: kartikmandake2611@gmail.com
2026-05-02 17:11:30,917 INFO c.s.b.s.b.s.s.EmailService [http-nio-8080-exec-2] Sending OTP email to kartikmandake2611@gmail.com
2026-05-02 17:11:36,435 INFO c.s.b.s.b.s.s.EmailService [http-nio-8080-exec-2] OTP email sent successfully to kartikmandake2611@gmail.com
2026-05-02 17:12:01,494 INFO c.s.b.s.b.s.c.AuthController [http-nio-8080-exec-6] Verifying OTP for email: kartikmandake2611@gmail.com
2026-05-02 17:12:01,954 INFO c.s.b.s.b.s.c.AuthController [http-nio-8080-exec-6] Successfully authenticated user via OTP: kartikmandake2611@gmail.com
2026-05-02 17:12:01,994 INFO c.s.b.s.b.s.j.JwtAuthenticationFilter [http-nio-8080-exec-7] JWT validated successfully for context user: kartikmandake2611@gmail.com
2026-05-02 17:12:02,003 INFO c.s.b.s.b.d.c.DoctorController [http-nio-8080-exec-7] Received request to fetch doctor by email: kartikmandake2611@gmail.com
2026-05-02 17:12:02,007 INFO c.s.b.s.b.d.s.DoctorService [http-nio-8080-exec-7] Fetching doctor profile by email: kartikmandake2611@gmail.com
2026-05-02 17:12:02,009 ERROR c.s.b.s.b.d.s.DoctorService [http-nio-8080-exec-7] Doctor with email kartikmandake2611@gmail.com not found
2026-05-02 17:12:02,031 WARN c.s.b.s.b.e.GlobalExceptionHandler [http-nio-8080-exec-7] Resource Not Found at /api/doctors/email/kartikmandake2611%40gmail.com: Doctor not found
2026-05-02 17:12:02,093 INFO c.s.b.s.b.s.j.JwtAuthenticationFilter [http-nio-8080-exec-9] JWT validated successfully for context user: kartikmandake2611@gmail.com
2026-05-02 17:12:02,119 INFO c.s.b.s.b.d.c.DoctorController [http-nio-8080-exec-9] Received request to create a new doctor with email: kartikmandake2611@gmail.com
2026-05-02 17:12:02,167 INFO c.s.b.s.b.d.s.DoctorService [http-nio-8080-exec-9] Successfully saved doctor with ID: DOC-84f60701
2026-05-02 17:12:02,168 INFO c.s.b.s.b.d.c.DoctorController [http-nio-8080-exec-9] Successfully created doctor with ID: DOC-84f60701
2026-05-02 17:12:02,219 INFO c.s.b.s.b.s.j.JwtAuthenticationFilter [http-nio-8080-exec-1] JWT validated successfully for context user: kartikmandake2611@gmail.com
2026-05-02 17:12:02,225 INFO c.s.b.s.b.s.j.JwtAuthenticationFilter [http-nio-8080-exec-3] JWT validated successfully for context user: kartikmandake2611@gmail.com
2026-05-02 17:12:02,233 INFO c.s.b.s.b.d.c.DoctorController [http-nio-8080-exec-3] Received request to fetch doctor by email: kartikmandake2611@gmail.com
2026-05-02 17:12:02,235 INFO c.s.b.s.b.d.s.DoctorService [http-nio-8080-exec-3] Fetching doctor profile by email: kartikmandake2611@gmail.com
2026-05-02 17:12:02,284 INFO c.s.b.s.b.s.j.JwtAuthenticationFilter [http-nio-8080-exec-4] JWT validated successfully for context user: kartikmandake2611@gmail.com
2026-05-02 17:12:02,289 INFO c.s.b.s.b.d.c.DoctorController [http-nio-8080-exec-4] Received request to fetch doctor by email: kartikmandake2611@gmail.com
2026-05-02 17:12:02,289 INFO c.s.b.s.b.d.s.DoctorService [http-nio-8080-exec-4] Fetching doctor profile by email: kartikmandake2611@gmail.com
2026-05-02 17:12:02,299 INFO c.s.b.s.b.s.j.JwtAuthenticationFilter [http-nio-8080-exec-6] JWT validated successfully for context user: kartikmandake2611@gmail.com
2026-05-02 17:12:02,305 INFO c.s.b.s.b.p.c.PrescriptionController [http-nio-8080-exec-6] Fetching prescriptions for doctor ID: DOC-84f60701
2026-05-02 17:12:02,328 ERROR c.s.b.s.b.e.GlobalExceptionHandler [http-nio-8080-exec-1] Unhandled logical exception occurred at /doctors/DOC-84f60701/license: No static resource doctors/DOC-84f60701/license for request '/doctors/DOC-84f60701/license'.
org.springframework.web.servlet.resource.NoResourceFoundException: No static resource doctors/DOC-84f60701/license for request '/doctors/DOC-84f60701/license'.
	at org.springframework.web.servlet.resource.ResourceHttpRequestHandler.handleRequest(ResourceHttpRequestHandler.java:527)
	at org.springframework.web.servlet.mvc.HttpRequestHandlerAdapter.handle(HttpRequestHandlerAdapter.java:50)
	at org.springframework.web.servlet.DispatcherServlet.doDispatch(DispatcherServlet.java:963)
	at org.springframework.web.servlet.DispatcherServlet.doService(DispatcherServlet.java:866)
	at org.springframework.web.servlet.FrameworkServlet.processRequest(FrameworkServlet.java:1000)
	at org.springframework.web.servlet.FrameworkServlet.doPost(FrameworkServlet.java:903)
	at jakarta.servlet.http.HttpServlet.service(HttpServlet.java:649)
	at org.springframework.web.servlet.FrameworkServlet.service(FrameworkServlet.java:874)
	at jakarta.servlet.http.HttpServlet.service(HttpServlet.java:710)
	at org.apache.catalina.core.ApplicationFilterChain.doFilter(ApplicationFilterChain.java:128)
	at org.apache.tomcat.websocket.server.WsFilter.doFilter(WsFilter.java:53)
	at org.apache.catalina.core.ApplicationFilterChain.doFilter(ApplicationFilterChain.java:107)
	at org.springframework.web.filter.OncePerRequestFilter.doFilter(OncePerRequestFilter.java:110)
	at org.apache.catalina.core.ApplicationFilterChain.doFilter(ApplicationFilterChain.java:107)
	at org.springframework.web.filter.CompositeFilter$VirtualFilterChain.doFilter(CompositeFilter.java:108)
	at org.springframework.security.web.FilterChainProxy.lambda$doFilterInternal$3(FilterChainProxy.java:235)
	at org.springframework.security.web.FilterChainProxy$VirtualFilterChain.doFilter(FilterChainProxy.java:371)
	at org.springframework.security.web.access.intercept.AuthorizationFilter.doFilter(AuthorizationFilter.java:101)
	at org.springframework.security.web.FilterChainProxy$VirtualFilterChain.doFilter(FilterChainProxy.java:380)
	at org.springframework.security.web.access.ExceptionTranslationFilter.doFilter(ExceptionTranslationFilter.java:126)
	at org.springframework.security.web.access.ExceptionTranslationFilter.doFilter(ExceptionTranslationFilter.java:120)
	at org.springframework.security.web.FilterChainProxy$VirtualFilterChain.doFilter(FilterChainProxy.java:380)
	at org.springframework.security.web.session.SessionManagementFilter.doFilter(SessionManagementFilter.java:132)
	at org.springframework.security.web.session.SessionManagementFilter.doFilter(SessionManagementFilter.java:86)
	at org.springframework.security.web.FilterChainProxy$VirtualFilterChain.doFilter(FilterChainProxy.java:380)
	at org.springframework.security.web.authentication.AnonymousAuthenticationFilter.doFilter(AnonymousAuthenticationFilter.java:100)
	at org.springframework.security.web.FilterChainProxy$VirtualFilterChain.doFilter(FilterChainProxy.java:380)
	at org.springframework.security.web.servletapi.SecurityContextHolderAwareRequestFilter.doFilter(SecurityContextHolderAwareRequestFilter.java:181)
	at org.springframework.security.web.FilterChainProxy$VirtualFilterChain.doFilter(FilterChainProxy.java:380)
	at org.springframework.security.web.savedrequest.RequestCacheAwareFilter.doFilter(RequestCacheAwareFilter.java:63)
	at org.springframework.security.web.FilterChainProxy$VirtualFilterChain.doFilter(FilterChainProxy.java:380)
	at org.springframework.security.web.authentication.ui.DefaultLogoutPageGeneratingFilter.doFilterInternal(DefaultLogoutPageGeneratingFilter.java:60)
	at org.springframework.web.filter.OncePerRequestFilter.doFilter(OncePerRequestFilter.java:116)
	at org.springframework.security.web.FilterChainProxy$VirtualFilterChain.doFilter(FilterChainProxy.java:380)
	at org.springframework.security.web.authentication.ui.DefaultLoginPageGeneratingFilter.doFilter(DefaultLoginPageGeneratingFilter.java:246)
	at org.springframework.security.web.authentication.ui.DefaultLoginPageGeneratingFilter.doFilter(DefaultLoginPageGeneratingFilter.java:232)
	at org.springframework.security.web.FilterChainProxy$VirtualFilterChain.doFilter(FilterChainProxy.java:380)
	at org.springframework.security.web.authentication.ui.DefaultResourcesFilter.doFilter(DefaultResourcesFilter.java:73)
	at org.springframework.security.web.FilterChainProxy$VirtualFilterChain.doFilter(FilterChainProxy.java:380)
	at com.spring.boot.super30.backend.security.jwt.JwtAuthenticationFilter.doFilterInternal(JwtAuthenticationFilter.java:64)
	at org.springframework.web.filter.OncePerRequestFilter.doFilter(OncePerRequestFilter.java:116)
	at org.springframework.security.web.FilterChainProxy$VirtualFilterChain.doFilter(FilterChainProxy.java:380)
	at org.springframework.security.web.authentication.AbstractAuthenticationProcessingFilter.doFilter(AbstractAuthenticationProcessingFilter.java:245)
	at org.springframework.security.web.authentication.AbstractAuthenticationProcessingFilter.doFilter(AbstractAuthenticationProcessingFilter.java:239)
	at org.springframework.security.web.FilterChainProxy$VirtualFilterChain.doFilter(FilterChainProxy.java:380)
	at org.springframework.security.oauth2.client.web.OAuth2AuthorizationRequestRedirectFilter.doFilterInternal(OAuth2AuthorizationRequestRedirectFilter.java:195)
	at org.springframework.web.filter.OncePerRequestFilter.doFilter(OncePerRequestFilter.java:116)
	at org.springframework.security.web.FilterChainProxy$VirtualFilterChain.doFilter(FilterChainProxy.java:380)
	at org.springframework.security.web.authentication.logout.LogoutFilter.doFilter(LogoutFilter.java:110)
	at org.springframework.security.web.authentication.logout.LogoutFilter.doFilter(LogoutFilter.java:96)
	at org.springframework.security.web.FilterChainProxy$VirtualFilterChain.doFilter(FilterChainProxy.java:380)
	at org.springframework.web.filter.CorsFilter.doFilterInternal(CorsFilter.java:91)
	at org.springframework.web.filter.OncePerRequestFilter.doFilter(OncePerRequestFilter.java:116)
	at org.springframework.security.web.FilterChainProxy$VirtualFilterChain.doFilter(FilterChainProxy.java:380)
	at org.springframework.security.web.header.HeaderWriterFilter.doHeadersAfter(HeaderWriterFilter.java:90)
	at org.springframework.security.web.header.HeaderWriterFilter.doFilterInternal(HeaderWriterFilter.java:75)
	at org.springframework.web.filter.OncePerRequestFilter.doFilter(OncePerRequestFilter.java:116)
	at org.springframework.security.web.FilterChainProxy$VirtualFilterChain.doFilter(FilterChainProxy.java:380)
	at org.springframework.security.web.context.SecurityContextHolderFilter.doFilter(SecurityContextHolderFilter.java:82)
	at org.springframework.security.web.context.SecurityContextHolderFilter.doFilter(SecurityContextHolderFilter.java:69)
	at org.springframework.security.web.FilterChainProxy$VirtualFilterChain.doFilter(FilterChainProxy.java:380)
	at org.springframework.security.web.context.request.async.WebAsyncManagerIntegrationFilter.doFilterInternal(WebAsyncManagerIntegrationFilter.java:62)
	at org.springframework.web.filter.OncePerRequestFilter.doFilter(OncePerRequestFilter.java:116)
	at org.springframework.security.web.FilterChainProxy$VirtualFilterChain.doFilter(FilterChainProxy.java:380)
	at org.springframework.security.web.session.DisableEncodeUrlFilter.doFilterInternal(DisableEncodeUrlFilter.java:42)
	at org.springframework.web.filter.OncePerRequestFilter.doFilter(OncePerRequestFilter.java:116)
	at org.springframework.security.web.FilterChainProxy$VirtualFilterChain.doFilter(FilterChainProxy.java:380)
	at org.springframework.security.web.FilterChainProxy.doFilterInternal(FilterChainProxy.java:237)
	at org.springframework.security.web.FilterChainProxy.doFilter(FilterChainProxy.java:195)
	at org.springframework.web.filter.CompositeFilter$VirtualFilterChain.doFilter(CompositeFilter.java:113)
	at org.springframework.web.filter.ServletRequestPathFilter.doFilter(ServletRequestPathFilter.java:52)
	at org.springframework.web.filter.CompositeFilter$VirtualFilterChain.doFilter(CompositeFilter.java:113)
	at org.springframework.web.filter.CompositeFilter.doFilter(CompositeFilter.java:74)
	at org.springframework.security.config.annotation.web.configuration.WebSecurityConfiguration$CompositeFilterChainProxy.doFilter(WebSecurityConfiguration.java:317)
	at org.springframework.web.filter.DelegatingFilterProxy.invokeDelegate(DelegatingFilterProxy.java:355)
	at org.springframework.web.filter.DelegatingFilterProxy.doFilter(DelegatingFilterProxy.java:272)
	at org.apache.catalina.core.ApplicationFilterChain.doFilter(ApplicationFilterChain.java:107)
	at org.springframework.web.filter.RequestContextFilter.doFilterInternal(RequestContextFilter.java:100)
	at org.springframework.web.filter.OncePerRequestFilter.doFilter(OncePerRequestFilter.java:116)
	at org.apache.catalina.core.ApplicationFilterChain.doFilter(ApplicationFilterChain.java:107)
	at org.springframework.web.filter.FormContentFilter.doFilterInternal(FormContentFilter.java:93)
	at org.springframework.web.filter.OncePerRequestFilter.doFilter(OncePerRequestFilter.java:116)
	at org.apache.catalina.core.ApplicationFilterChain.doFilter(ApplicationFilterChain.java:107)
	at org.springframework.web.filter.CharacterEncodingFilter.doFilterInternal(CharacterEncodingFilter.java:199)
	at org.springframework.web.filter.OncePerRequestFilter.doFilter(OncePerRequestFilter.java:116)
	at org.apache.catalina.core.ApplicationFilterChain.doFilter(ApplicationFilterChain.java:107)
	at org.apache.catalina.core.StandardWrapperValve.invoke(StandardWrapperValve.java:165)
	at org.apache.catalina.core.StandardContextValve.invoke(StandardContextValve.java:77)
	at org.apache.catalina.authenticator.AuthenticatorBase.invoke(AuthenticatorBase.java:492)
	at org.apache.catalina.core.StandardHostValve.invoke(StandardHostValve.java:113)
	at org.apache.catalina.valves.ErrorReportValve.invoke(ErrorReportValve.java:83)
	at org.apache.catalina.core.StandardEngineValve.invoke(StandardEngineValve.java:72)
	at org.apache.catalina.connector.CoyoteAdapter.service(CoyoteAdapter.java:341)
	at org.apache.coyote.http11.Http11Processor.service(Http11Processor.java:397)
	at org.apache.coyote.AbstractProcessorLight.process(AbstractProcessorLight.java:63)
	at org.apache.coyote.AbstractProtocol$ConnectionHandler.process(AbstractProtocol.java:903)
	at org.apache.tomcat.util.net.NioEndpoint$SocketProcessor.doRun(NioEndpoint.java:1779)
	at org.apache.tomcat.util.net.SocketProcessorBase.run(SocketProcessorBase.java:52)
	at org.apache.tomcat.util.threads.ThreadPoolExecutor.runWorker(ThreadPoolExecutor.java:946)
	at org.apache.tomcat.util.threads.ThreadPoolExecutor$Worker.run(ThreadPoolExecutor.java:480)
	at org.apache.tomcat.util.threads.TaskThread$WrappingRunnable.run(TaskThread.java:57)
	at java.base/java.lang.Thread.run(Thread.java:1583)
2026-05-02 17:12:02,365 INFO c.s.b.s.b.s.j.JwtAuthenticationFilter [http-nio-8080-exec-8] JWT validated successfully for context user: kartikmandake2611@gmail.com
2026-05-02 17:12:02,375 INFO c.s.b.s.b.p.c.PrescriptionController [http-nio-8080-exec-8] Fetching prescriptions for doctor ID: DOC-84f60701
2026-05-02 17:12:06,514 INFO c.s.b.s.b.s.j.JwtAuthenticationFilter [http-nio-8080-exec-9] JWT validated successfully for context user: prescribe.services@gmail.com
2026-05-02 17:12:06,514 INFO c.s.b.s.b.d.c.AdminController [http-nio-8080-exec-9] Admin requesting pending doctors list
2026-05-02 17:12:06,522 INFO c.s.b.s.b.d.s.DoctorService [http-nio-8080-exec-9] Fetching all pending doctors
2026-05-02 17:12:06,603 INFO c.s.b.s.b.s.j.JwtAuthenticationFilter [http-nio-8080-exec-2] JWT validated successfully for context user: prescribe.services@gmail.com
2026-05-02 17:12:06,605 INFO c.s.b.s.b.d.c.AdminController [http-nio-8080-exec-2] Admin requesting pending doctors list
2026-05-02 17:12:06,605 INFO c.s.b.s.b.d.s.DoctorService [http-nio-8080-exec-2] Fetching all pending doctors
2026-05-02 17:12:06,743 INFO c.s.b.s.b.s.j.JwtAuthenticationFilter [http-nio-8080-exec-3] JWT validated successfully for context user: prescribe.services@gmail.com
2026-05-02 17:12:06,747 INFO c.s.b.s.b.d.c.AdminController [http-nio-8080-exec-3] Admin requesting pending doctors list
2026-05-02 17:12:06,748 INFO c.s.b.s.b.d.s.DoctorService [http-nio-8080-exec-3] Fetching all pending doctors
2026-05-02 17:12:06,806 INFO c.s.b.s.b.s.j.JwtAuthenticationFilter [http-nio-8080-exec-5] JWT validated successfully for context user: prescribe.services@gmail.com
2026-05-02 17:12:06,811 INFO c.s.b.s.b.d.c.AdminController [http-nio-8080-exec-5] Admin requesting pending doctors list
2026-05-02 17:12:06,811 INFO c.s.b.s.b.d.s.DoctorService [http-nio-8080-exec-5] Fetching all pending doctors
2026-05-02 17:13:00,749 INFO c.s.b.s.b.s.j.JwtAuthenticationFilter [http-nio-8080-exec-1] JWT validated successfully for context user: kartikmandake2611@gmail.com
2026-05-02 17:13:00,751 INFO c.s.b.s.b.d.c.DoctorController [http-nio-8080-exec-1] Received request to fetch doctor by email: kartikmandake2611@gmail.com
2026-05-02 17:13:00,752 INFO c.s.b.s.b.d.s.DoctorService [http-nio-8080-exec-1] Fetching doctor profile by email: kartikmandake2611@gmail.com
2026-05-02 17:13:00,752 INFO c.s.b.s.b.s.j.JwtAuthenticationFilter [http-nio-8080-exec-10] JWT validated successfully for context user: prescribe.services@gmail.com
2026-05-02 17:13:00,752 INFO c.s.b.s.b.d.c.AdminController [http-nio-8080-exec-10] Admin requesting pending doctors list
2026-05-02 17:13:00,752 INFO c.s.b.s.b.d.s.DoctorService [http-nio-8080-exec-10] Fetching all pending doctors
2026-05-02 17:13:00,765 INFO c.s.b.s.b.s.j.JwtAuthenticationFilter [http-nio-8080-exec-9] JWT validated successfully for context user: kartikmandake2611@gmail.com
2026-05-02 17:13:00,768 INFO c.s.b.s.b.d.c.DoctorController [http-nio-8080-exec-9] Received request to fetch doctor by email: kartikmandake2611@gmail.com
2026-05-02 17:13:00,768 INFO c.s.b.s.b.d.s.DoctorService [http-nio-8080-exec-9] Fetching doctor profile by email: kartikmandake2611@gmail.com
2026-05-02 17:13:00,777 INFO c.s.b.s.b.s.j.JwtAuthenticationFilter [http-nio-8080-exec-3] JWT validated successfully for context user: kartikmandake2611@gmail.com
2026-05-02 17:13:00,779 INFO c.s.b.s.b.p.c.PrescriptionController [http-nio-8080-exec-3] Fetching prescriptions for doctor ID: DOC-84f60701
2026-05-02 17:13:00,780 INFO c.s.b.s.b.s.j.JwtAuthenticationFilter [http-nio-8080-exec-5] JWT validated successfully for context user: prescribe.services@gmail.com
2026-05-02 17:13:00,782 INFO c.s.b.s.b.d.c.AdminController [http-nio-8080-exec-5] Admin requesting pending doctors list
2026-05-02 17:13:00,784 INFO c.s.b.s.b.d.s.DoctorService [http-nio-8080-exec-5] Fetching all pending doctors
2026-05-02 17:13:00,808 INFO c.s.b.s.b.s.j.JwtAuthenticationFilter [http-nio-8080-exec-4] JWT validated successfully for context user: kartikmandake2611@gmail.com
2026-05-02 17:13:00,812 INFO c.s.b.s.b.p.c.PrescriptionController [http-nio-8080-exec-4] Fetching prescriptions for doctor ID: DOC-84f60701
2026-05-02 17:13:14,901 INFO o.s.b.t.GracefulShutdown [SpringApplicationShutdownHook] Commencing graceful shutdown. Waiting for active requests to complete
2026-05-02 17:13:14,913 INFO o.s.b.t.GracefulShutdown [tomcat-shutdown] Graceful shutdown complete
2026-05-02 17:13:14,927 INFO o.s.o.j.AbstractEntityManagerFactoryBean [SpringApplicationShutdownHook] Closing JPA EntityManagerFactory for persistence unit 'default'
2026-05-02 17:13:14,932 INFO c.z.h.HikariDataSource [SpringApplicationShutdownHook] HikariPool-1 - Shutdown initiated...
2026-05-02 17:13:14,937 INFO c.z.h.HikariDataSource [SpringApplicationShutdownHook] HikariPool-1 - Shutdown completed.
2026-05-02 17:13:24,610 INFO o.s.b.StartupInfoLogger [main] Starting BackendApplication using Java 21.0.9 with PID 2456 (C:\Projects\prescribe\backend\target\classes started by Pranav in C:\Projects\prescribe\backend)
2026-05-02 17:13:24,615 INFO o.s.b.SpringApplication [main] No active profile set, falling back to 1 default profile: "default"
2026-05-02 17:13:24,849 INFO o.h.v.i.u.Version [background-preinit] HV000001: Hibernate Validator 9.0.1.Final
2026-05-02 17:13:25,479 INFO o.s.d.r.c.RepositoryConfigurationDelegate [main] Bootstrapping Spring Data JPA repositories in DEFAULT mode.
2026-05-02 17:13:25,589 INFO o.s.d.r.c.RepositoryConfigurationDelegate [main] Finished Spring Data repository scanning in 98 ms. Found 11 JPA repository interfaces.
2026-05-02 17:13:26,160 INFO o.s.b.t.TomcatWebServer [main] Tomcat initialized with port 8080 (http)
2026-05-02 17:13:26,177 INFO o.a.j.l.DirectJDKLog [main] Initializing ProtocolHandler ["http-nio-8080"]
2026-05-02 17:13:26,182 INFO o.a.j.l.DirectJDKLog [main] Starting service [Tomcat]
2026-05-02 17:13:26,183 INFO o.a.j.l.DirectJDKLog [main] Starting Servlet engine: [Apache Tomcat/11.0.18]
2026-05-02 17:13:26,264 INFO o.s.b.w.c.s.WebApplicationContextInitializer [main] Root WebApplicationContext: initialization completed in 1600 ms
2026-05-02 17:13:26,409 INFO o.h.j.i.u.LogHelper [main] HHH008540: Processing PersistenceUnitInfo [name: default]
2026-05-02 17:13:26,483 INFO o.h.Version [main] HHH000001: Hibernate ORM core version 7.2.4.Final
2026-05-02 17:13:26,932 INFO o.s.o.j.p.SpringPersistenceUnitInfo [main] No LoadTimeWeaver setup: ignoring JPA class transformer
2026-05-02 17:13:26,960 INFO c.z.h.HikariDataSource [main] HikariPool-1 - Starting...
2026-05-02 17:13:27,153 INFO c.z.h.p.HikariPool [main] HikariPool-1 - Added connection org.postgresql.jdbc.PgConnection@306c9b2c
2026-05-02 17:13:27,153 INFO c.z.h.HikariDataSource [main] HikariPool-1 - Start completed.
2026-05-02 17:13:27,194 WARN o.h.e.j.d.i.DialectFactoryImpl [main] HHH90000025: PostgreSQLDialect does not need to be specified explicitly using 'hibernate.dialect' (remove the property setting and it will be selected by default)
2026-05-02 17:13:27,227 INFO o.h.e.j.e.i.JdbcEnvironmentInitiator [main] HHH10001005: Database info:
	Database JDBC URL [jdbc:postgresql://localhost:5432/postgres]
	Database driver: PostgreSQL JDBC Driver
	Database dialect: PostgreSQLDialect
	Database version: 18.3
	Default catalog/schema: postgres/public
	Autocommit mode: undefined/unknown
	Isolation level: READ_COMMITTED [default READ_COMMITTED]
	JDBC fetch size: none
	Pool: DataSourceConnectionProvider
	Minimum pool size: undefined/unknown
	Maximum pool size: undefined/unknown
2026-05-02 17:13:28,616 INFO o.h.e.t.j.p.i.JtaPlatformInitiator [main] HHH000489: No JTA platform available (set 'hibernate.transaction.jta.platform' to enable JTA platform integration)
2026-05-02 17:13:28,734 INFO o.s.o.j.AbstractEntityManagerFactoryBean [main] Initialized JPA EntityManagerFactory for persistence unit 'default'
2026-05-02 17:13:28,796 INFO o.s.d.j.r.q.QueryEnhancerFactories [main] Hibernate is in classpath; If applicable, HQL parser will be used.
2026-05-02 17:13:29,777 INFO c.s.b.s.b.s.s.SubscriptionService [main] Razorpay client initialized successfully
2026-05-02 17:13:29,841 INFO o.s.s.c.a.a.c.InitializeAuthenticationProviderBeanManagerConfigurer$InitializeAuthenticationProviderManagerConfigurer [main] Global AuthenticationManager configured with AuthenticationProvider bean with name authenticationProvider
2026-05-02 17:13:29,844 WARN o.s.s.c.a.a.c.InitializeUserDetailsBeanManagerConfigurer$InitializeUserDetailsManagerConfigurer [main] Global AuthenticationManager configured with an AuthenticationProvider bean. UserDetailsService beans will not be used by Spring Security for automatically configuring username/password login. Consider removing the AuthenticationProvider bean. Alternatively, consider using the UserDetailsService in a manually instantiated DaoAuthenticationProvider. If the current configuration is intentional, to turn off this warning, increase the logging level of 'org.springframework.security.config.annotation.authentication.configuration.InitializeUserDetailsBeanManagerConfigurer' to ERROR
2026-05-02 17:13:29,993 WARN o.s.b.j.a.JpaBaseConfiguration$JpaWebConfiguration [main] spring.jpa.open-in-view is enabled by default. Therefore, database queries may be performed during view rendering. Explicitly configure spring.jpa.open-in-view to disable this warning
2026-05-02 17:13:30,494 INFO o.a.j.l.DirectJDKLog [main] Starting ProtocolHandler ["http-nio-8080"]
2026-05-02 17:13:30,507 INFO o.s.b.t.TomcatWebServer [main] Tomcat started on port 8080 (http) with context path '/'
2026-05-02 17:13:30,515 INFO o.s.b.StartupInfoLogger [main] Started BackendApplication in 6.585 seconds (process running for 7.122)
2026-05-02 17:13:32,908 INFO o.a.j.l.DirectJDKLog [http-nio-8080-exec-2] Initializing Spring DispatcherServlet 'dispatcherServlet'
2026-05-02 17:13:32,908 INFO o.s.w.s.FrameworkServlet [http-nio-8080-exec-2] Initializing Servlet 'dispatcherServlet'
2026-05-02 17:13:32,908 INFO o.s.w.s.FrameworkServlet [http-nio-8080-exec-2] Completed initialization in 0 ms
2026-05-02 17:13:34,907 INFO c.s.b.s.b.s.j.JwtAuthenticationFilter [http-nio-8080-exec-7] JWT validated successfully for context user: prescribe.services@gmail.com
2026-05-02 17:13:34,977 INFO c.s.b.s.b.d.c.AdminController [http-nio-8080-exec-7] Admin requesting pending doctors list
2026-05-02 17:13:34,984 INFO c.s.b.s.b.d.s.DoctorService [http-nio-8080-exec-7] Fetching all pending doctors
2026-05-02 17:13:35,370 INFO c.s.b.s.b.s.j.JwtAuthenticationFilter [http-nio-8080-exec-4] JWT validated successfully for context user: prescribe.services@gmail.com
2026-05-02 17:13:35,372 INFO c.s.b.s.b.d.c.AdminController [http-nio-8080-exec-4] Admin requesting pending doctors list
2026-05-02 17:13:35,372 INFO c.s.b.s.b.d.s.DoctorService [http-nio-8080-exec-4] Fetching all pending doctors
2026-05-02 17:13:37,079 INFO c.s.b.s.b.s.j.JwtAuthenticationFilter [http-nio-8080-exec-6] JWT validated successfully for context user: prescribe.services@gmail.com
2026-05-02 17:13:37,112 INFO c.s.b.s.b.d.c.AdminController [http-nio-8080-exec-6] Admin rejecting doctor: DOC-84f60701
2026-05-02 17:13:37,115 INFO c.s.b.s.b.d.s.DoctorService [http-nio-8080-exec-6] Rejecting doctor ID: DOC-84f60701
2026-05-02 17:13:39,587 INFO c.s.b.s.b.s.j.JwtAuthenticationFilter [http-nio-8080-exec-3] JWT validated successfully for context user: kartikmandake2611@gmail.com
2026-05-02 17:13:39,599 INFO c.s.b.s.b.d.c.DoctorController [http-nio-8080-exec-3] Received request to fetch doctor by email: kartikmandake2611@gmail.com
2026-05-02 17:13:39,602 INFO c.s.b.s.b.d.s.DoctorService [http-nio-8080-exec-3] Fetching doctor profile by email: kartikmandake2611@gmail.com
2026-05-02 17:13:39,717 INFO c.s.b.s.b.s.j.JwtAuthenticationFilter [http-nio-8080-exec-10] JWT validated successfully for context user: kartikmandake2611@gmail.com
2026-05-02 17:13:39,717 INFO c.s.b.s.b.d.c.DoctorController [http-nio-8080-exec-10] Received request to fetch doctor by email: kartikmandake2611@gmail.com
2026-05-02 17:13:39,723 INFO c.s.b.s.b.d.s.DoctorService [http-nio-8080-exec-10] Fetching doctor profile by email: kartikmandake2611@gmail.com
2026-05-02 17:13:43,455 INFO c.s.b.s.b.s.j.JwtAuthenticationFilter [http-nio-8080-exec-1] JWT validated successfully for context user: kartikmandake2611@gmail.com
2026-05-02 17:13:43,459 INFO c.s.b.s.b.d.c.DoctorController [http-nio-8080-exec-1] Received request to delete doctor with ID: DOC-84f60701
2026-05-02 17:13:43,460 INFO c.s.b.s.b.d.s.DoctorService [http-nio-8080-exec-1] Deleting doctor account: DOC-84f60701
2026-05-02 17:13:43,599 INFO c.s.b.s.b.d.s.DoctorService [http-nio-8080-exec-1] Successfully deleted doctor and migrated prescriptions: DOC-84f60701
2026-05-02 17:14:09,054 INFO c.s.b.s.b.s.c.AuthController [http-nio-8080-exec-4] Requesting OTP for email: kartikmandake2611@gmail.com
2026-05-02 17:14:09,080 INFO c.s.b.s.b.s.s.EmailService [http-nio-8080-exec-4] Sending OTP email to kartikmandake2611@gmail.com
2026-05-02 17:14:14,432 INFO c.s.b.s.b.s.s.EmailService [http-nio-8080-exec-4] OTP email sent successfully to kartikmandake2611@gmail.com
2026-05-02 17:14:30,652 INFO c.s.b.s.b.s.c.AuthController [http-nio-8080-exec-6] Verifying OTP for email: kartikmandake2611@gmail.com
2026-05-02 17:14:31,128 INFO c.s.b.s.b.s.c.AuthController [http-nio-8080-exec-6] Successfully authenticated user via OTP: kartikmandake2611@gmail.com
2026-05-02 17:14:31,166 INFO c.s.b.s.b.s.j.JwtAuthenticationFilter [http-nio-8080-exec-9] JWT validated successfully for context user: kartikmandake2611@gmail.com
2026-05-02 17:14:31,172 INFO c.s.b.s.b.d.c.DoctorController [http-nio-8080-exec-9] Received request to fetch doctor by email: kartikmandake2611@gmail.com
2026-05-02 17:14:31,175 INFO c.s.b.s.b.d.s.DoctorService [http-nio-8080-exec-9] Fetching doctor profile by email: kartikmandake2611@gmail.com
2026-05-02 17:14:31,182 ERROR c.s.b.s.b.d.s.DoctorService [http-nio-8080-exec-9] Doctor with email kartikmandake2611@gmail.com not found
2026-05-02 17:14:31,190 WARN c.s.b.s.b.e.GlobalExceptionHandler [http-nio-8080-exec-9] Resource Not Found at /api/doctors/email/kartikmandake2611%40gmail.com: Doctor not found
2026-05-02 17:14:31,240 INFO c.s.b.s.b.s.j.JwtAuthenticationFilter [http-nio-8080-exec-10] JWT validated successfully for context user: kartikmandake2611@gmail.com
2026-05-02 17:14:31,264 INFO c.s.b.s.b.d.c.DoctorController [http-nio-8080-exec-10] Received request to create a new doctor with email: kartikmandake2611@gmail.com
2026-05-02 17:14:31,300 INFO c.s.b.s.b.d.s.DoctorService [http-nio-8080-exec-10] Successfully saved doctor with ID: DOC-4f751b40
2026-05-02 17:14:31,302 INFO c.s.b.s.b.d.c.DoctorController [http-nio-8080-exec-10] Successfully created doctor with ID: DOC-4f751b40
2026-05-02 17:14:31,359 INFO c.s.b.s.b.s.j.JwtAuthenticationFilter [http-nio-8080-exec-7] JWT validated successfully for context user: kartikmandake2611@gmail.com
2026-05-02 17:14:31,367 INFO c.s.b.s.b.d.c.DoctorController [http-nio-8080-exec-7] Received request to fetch doctor by email: kartikmandake2611@gmail.com
2026-05-02 17:14:31,367 INFO c.s.b.s.b.s.j.JwtAuthenticationFilter [http-nio-8080-exec-1] JWT validated successfully for context user: kartikmandake2611@gmail.com
2026-05-02 17:14:31,367 INFO c.s.b.s.b.d.s.DoctorService [http-nio-8080-exec-7] Fetching doctor profile by email: kartikmandake2611@gmail.com
2026-05-02 17:14:31,408 INFO c.s.b.s.b.s.j.JwtAuthenticationFilter [http-nio-8080-exec-4] JWT validated successfully for context user: kartikmandake2611@gmail.com
2026-05-02 17:14:31,408 INFO c.s.b.s.b.d.c.DoctorController [http-nio-8080-exec-4] Received request to fetch doctor by email: kartikmandake2611@gmail.com
2026-05-02 17:14:31,417 INFO c.s.b.s.b.s.j.JwtAuthenticationFilter [http-nio-8080-exec-6] JWT validated successfully for context user: kartikmandake2611@gmail.com
2026-05-02 17:14:31,417 INFO c.s.b.s.b.d.s.DoctorService [http-nio-8080-exec-4] Fetching doctor profile by email: kartikmandake2611@gmail.com
2026-05-02 17:14:31,424 INFO c.s.b.s.b.p.c.PrescriptionController [http-nio-8080-exec-6] Fetching prescriptions for doctor ID: DOC-4f751b40
2026-05-02 17:14:31,453 INFO c.s.b.s.b.d.c.DoctorController [http-nio-8080-exec-1] Received request to upload license for doctor: DOC-4f751b40
2026-05-02 17:14:31,460 INFO c.s.b.s.b.d.s.DoctorService [http-nio-8080-exec-1] Uploading license for doctor ID: DOC-4f751b40
2026-05-02 17:14:31,468 INFO c.s.b.s.b.d.s.S3StorageService [http-nio-8080-exec-1] Uploading file to S3: bucket=prescribe-bucket-new, key=doctor-licenses/DOC-4f751b40/0822e86f-fd42-44c4-a0d2-352c6d7dfaf1_CoverLetter_Hemut.pdf, storageClass=STANDARD
2026-05-02 17:14:31,472 INFO c.s.b.s.b.s.j.JwtAuthenticationFilter [http-nio-8080-exec-8] JWT validated successfully for context user: kartikmandake2611@gmail.com
2026-05-02 17:14:31,476 INFO c.s.b.s.b.p.c.PrescriptionController [http-nio-8080-exec-8] Fetching prescriptions for doctor ID: DOC-4f751b40
2026-05-02 17:14:32,929 INFO c.s.b.s.b.d.s.S3StorageService [http-nio-8080-exec-1] Successfully uploaded file to S3: doctor-licenses/DOC-4f751b40/0822e86f-fd42-44c4-a0d2-352c6d7dfaf1_CoverLetter_Hemut.pdf
2026-05-02 17:14:33,977 INFO c.s.b.s.b.s.j.JwtAuthenticationFilter [http-nio-8080-exec-10] JWT validated successfully for context user: prescribe.services@gmail.com
2026-05-02 17:14:33,980 INFO c.s.b.s.b.d.c.AdminController [http-nio-8080-exec-10] Admin requesting pending doctors list
2026-05-02 17:14:33,980 INFO c.s.b.s.b.d.s.DoctorService [http-nio-8080-exec-10] Fetching all pending doctors
2026-05-02 17:14:34,055 INFO c.s.b.s.b.s.j.JwtAuthenticationFilter [http-nio-8080-exec-2] JWT validated successfully for context user: prescribe.services@gmail.com
2026-05-02 17:14:34,060 INFO c.s.b.s.b.d.c.AdminController [http-nio-8080-exec-2] Admin requesting pending doctors list
2026-05-02 17:14:34,060 INFO c.s.b.s.b.d.s.DoctorService [http-nio-8080-exec-2] Fetching all pending doctors
2026-05-02 17:14:35,174 INFO c.s.b.s.b.s.j.JwtAuthenticationFilter [http-nio-8080-exec-5] JWT validated successfully for context user: prescribe.services@gmail.com
2026-05-02 17:14:35,178 INFO c.s.b.s.b.d.c.AdminController [http-nio-8080-exec-5] Admin requesting license view URL for doctor: DOC-4f751b40
2026-05-02 17:14:35,178 INFO c.s.b.s.b.d.s.DoctorService [http-nio-8080-exec-5] Fetching doctor by ID: DOC-4f751b40
2026-05-02 17:14:44,377 INFO c.s.b.s.b.s.j.JwtAuthenticationFilter [http-nio-8080-exec-6] JWT validated successfully for context user: prescribe.services@gmail.com
2026-05-02 17:14:44,382 INFO c.s.b.s.b.d.c.AdminController [http-nio-8080-exec-6] Admin approving doctor: DOC-4f751b40
2026-05-02 17:14:44,383 INFO c.s.b.s.b.d.s.DoctorService [http-nio-8080-exec-6] Executing doctor verification for ID: DOC-4f751b40
2026-05-02 17:14:46,922 INFO c.s.b.s.b.s.j.JwtAuthenticationFilter [http-nio-8080-exec-9] JWT validated successfully for context user: kartikmandake2611@gmail.com
2026-05-02 17:14:46,928 INFO c.s.b.s.b.d.c.DoctorController [http-nio-8080-exec-9] Received request to fetch doctor by email: kartikmandake2611@gmail.com
2026-05-02 17:14:46,931 INFO c.s.b.s.b.d.s.DoctorService [http-nio-8080-exec-9] Fetching doctor profile by email: kartikmandake2611@gmail.com
2026-05-02 17:14:46,968 INFO c.s.b.s.b.s.j.JwtAuthenticationFilter [http-nio-8080-exec-3] JWT validated successfully for context user: kartikmandake2611@gmail.com
2026-05-02 17:14:46,970 INFO c.s.b.s.b.s.j.JwtAuthenticationFilter [http-nio-8080-exec-2] JWT validated successfully for context user: kartikmandake2611@gmail.com
2026-05-02 17:14:46,975 INFO c.s.b.s.b.d.c.DoctorController [http-nio-8080-exec-3] Received request to fetch doctor by email: kartikmandake2611@gmail.com
2026-05-02 17:14:46,975 INFO c.s.b.s.b.p.c.PrescriptionController [http-nio-8080-exec-2] Fetching prescriptions for doctor ID: DOC-4f751b40
2026-05-02 17:14:46,978 INFO c.s.b.s.b.d.s.DoctorService [http-nio-8080-exec-3] Fetching doctor profile by email: kartikmandake2611@gmail.com
2026-05-02 17:14:47,016 INFO c.s.b.s.b.s.j.JwtAuthenticationFilter [http-nio-8080-exec-7] JWT validated successfully for context user: kartikmandake2611@gmail.com
2026-05-02 17:14:47,016 INFO c.s.b.s.b.p.c.PrescriptionController [http-nio-8080-exec-7] Fetching prescriptions for doctor ID: DOC-4f751b40
2026-05-02 17:14:48,809 INFO c.s.b.s.b.s.j.JwtAuthenticationFilter [http-nio-8080-exec-5] JWT validated successfully for context user: kartikmandake2611@gmail.com
2026-05-02 17:14:48,814 INFO c.s.b.s.b.p.c.PrescriptionController [http-nio-8080-exec-5] Fetching prescriptions for doctor ID: DOC-4f751b40
2026-05-02 17:14:48,860 INFO c.s.b.s.b.s.j.JwtAuthenticationFilter [http-nio-8080-exec-4] JWT validated successfully for context user: kartikmandake2611@gmail.com
2026-05-02 17:14:48,865 INFO c.s.b.s.b.p.c.PrescriptionController [http-nio-8080-exec-4] Fetching prescriptions for doctor ID: DOC-4f751b40
2026-05-02 17:14:49,404 INFO c.s.b.s.b.s.j.JwtAuthenticationFilter [http-nio-8080-exec-6] JWT validated successfully for context user: kartikmandake2611@gmail.com
2026-05-02 17:14:49,408 INFO c.s.b.s.b.d.c.DoctorController [http-nio-8080-exec-6] Received request to fetch doctor by email: kartikmandake2611@gmail.com
2026-05-02 17:14:49,408 INFO c.s.b.s.b.d.s.DoctorService [http-nio-8080-exec-6] Fetching doctor profile by email: kartikmandake2611@gmail.com
2026-05-02 17:14:49,443 INFO c.s.b.s.b.s.j.JwtAuthenticationFilter [http-nio-8080-exec-6] JWT validated successfully for context user: kartikmandake2611@gmail.com
2026-05-02 17:14:49,446 INFO c.s.b.s.b.s.j.JwtAuthenticationFilter [http-nio-8080-exec-1] JWT validated successfully for context user: kartikmandake2611@gmail.com
2026-05-02 17:14:49,448 INFO c.s.b.s.b.d.c.DoctorController [http-nio-8080-exec-6] Received request to fetch doctor by email: kartikmandake2611@gmail.com
2026-05-02 17:14:49,448 INFO c.s.b.s.b.p.c.PrescriptionController [http-nio-8080-exec-1] Fetching prescriptions for doctor ID: DOC-4f751b40
2026-05-02 17:14:49,449 INFO c.s.b.s.b.d.s.DoctorService [http-nio-8080-exec-6] Fetching doctor profile by email: kartikmandake2611@gmail.com
2026-05-02 17:14:49,482 INFO c.s.b.s.b.s.j.JwtAuthenticationFilter [http-nio-8080-exec-9] JWT validated successfully for context user: kartikmandake2611@gmail.com
2026-05-02 17:14:49,487 INFO c.s.b.s.b.p.c.PrescriptionController [http-nio-8080-exec-9] Fetching prescriptions for doctor ID: DOC-4f751b40
2026-05-02 17:17:26,915 INFO c.s.b.s.b.s.j.JwtAuthenticationFilter [http-nio-8080-exec-6] JWT validated successfully for context user: kartikmandake2611@gmail.com
2026-05-02 17:17:26,917 INFO c.s.b.s.b.d.c.DoctorController [http-nio-8080-exec-6] Received request to fetch doctor by email: kartikmandake2611@gmail.com
2026-05-02 17:17:26,917 INFO c.s.b.s.b.d.s.DoctorService [http-nio-8080-exec-6] Fetching doctor profile by email: kartikmandake2611@gmail.com
2026-05-02 17:17:26,949 INFO c.s.b.s.b.s.j.JwtAuthenticationFilter [http-nio-8080-exec-1] JWT validated successfully for context user: kartikmandake2611@gmail.com
2026-05-02 17:17:26,956 INFO c.s.b.s.b.s.j.JwtAuthenticationFilter [http-nio-8080-exec-10] JWT validated successfully for context user: kartikmandake2611@gmail.com
2026-05-02 17:17:26,956 INFO c.s.b.s.b.d.c.DoctorController [http-nio-8080-exec-1] Received request to fetch doctor by email: kartikmandake2611@gmail.com
2026-05-02 17:17:26,957 INFO c.s.b.s.b.d.s.DoctorService [http-nio-8080-exec-1] Fetching doctor profile by email: kartikmandake2611@gmail.com
2026-05-02 17:17:26,958 INFO c.s.b.s.b.p.c.PrescriptionController [http-nio-8080-exec-10] Fetching prescriptions for doctor ID: DOC-4f751b40
2026-05-02 17:17:26,991 INFO c.s.b.s.b.s.j.JwtAuthenticationFilter [http-nio-8080-exec-2] JWT validated successfully for context user: kartikmandake2611@gmail.com
2026-05-02 17:17:26,995 INFO c.s.b.s.b.p.c.PrescriptionController [http-nio-8080-exec-2] Fetching prescriptions for doctor ID: DOC-4f751b40
2026-05-02 17:17:27,771 INFO c.s.b.s.b.s.j.JwtAuthenticationFilter [http-nio-8080-exec-5] JWT validated successfully for context user: prescribe.services@gmail.com
2026-05-02 17:17:27,775 INFO c.s.b.s.b.d.c.AdminController [http-nio-8080-exec-5] Admin requesting pending doctors list
2026-05-02 17:17:27,775 INFO c.s.b.s.b.d.s.DoctorService [http-nio-8080-exec-5] Fetching all pending doctors
2026-05-02 17:17:27,843 INFO c.s.b.s.b.s.j.JwtAuthenticationFilter [http-nio-8080-exec-4] JWT validated successfully for context user: prescribe.services@gmail.com
2026-05-02 17:17:27,848 INFO c.s.b.s.b.d.c.AdminController [http-nio-8080-exec-4] Admin requesting pending doctors list
2026-05-02 17:17:27,850 INFO c.s.b.s.b.d.s.DoctorService [http-nio-8080-exec-4] Fetching all pending doctors
2026-05-02 17:17:55,800 INFO c.s.b.s.b.s.j.JwtAuthenticationFilter [http-nio-8080-exec-9] JWT validated successfully for context user: kartikmandake2611@gmail.com
2026-05-02 17:17:55,803 INFO c.s.b.s.b.d.c.DoctorController [http-nio-8080-exec-9] Received request to fetch doctor by email: kartikmandake2611@gmail.com
2026-05-02 17:17:55,807 INFO c.s.b.s.b.d.s.DoctorService [http-nio-8080-exec-9] Fetching doctor profile by email: kartikmandake2611@gmail.com
2026-05-02 17:17:55,838 INFO c.s.b.s.b.s.j.JwtAuthenticationFilter [http-nio-8080-exec-1] JWT validated successfully for context user: kartikmandake2611@gmail.com
2026-05-02 17:17:55,840 INFO c.s.b.s.b.d.c.DoctorController [http-nio-8080-exec-1] Received request to fetch doctor by email: kartikmandake2611@gmail.com
2026-05-02 17:17:55,843 INFO c.s.b.s.b.d.s.DoctorService [http-nio-8080-exec-1] Fetching doctor profile by email: kartikmandake2611@gmail.com
2026-05-02 17:17:55,843 INFO c.s.b.s.b.s.j.JwtAuthenticationFilter [http-nio-8080-exec-2] JWT validated successfully for context user: kartikmandake2611@gmail.com
2026-05-02 17:17:55,847 INFO c.s.b.s.b.p.c.PrescriptionController [http-nio-8080-exec-2] Fetching prescriptions for doctor ID: DOC-4f751b40
2026-05-02 17:17:55,888 INFO c.s.b.s.b.s.j.JwtAuthenticationFilter [http-nio-8080-exec-3] JWT validated successfully for context user: kartikmandake2611@gmail.com
2026-05-02 17:17:55,894 INFO c.s.b.s.b.p.c.PrescriptionController [http-nio-8080-exec-3] Fetching prescriptions for doctor ID: DOC-4f751b40
2026-05-02 17:17:56,748 INFO c.s.b.s.b.s.j.JwtAuthenticationFilter [http-nio-8080-exec-7] JWT validated successfully for context user: kartikmandake2611@gmail.com
2026-05-02 17:17:56,752 INFO c.s.b.s.b.d.c.DoctorController [http-nio-8080-exec-7] Received request to fetch doctor by email: kartikmandake2611@gmail.com
2026-05-02 17:17:56,752 INFO c.s.b.s.b.d.s.DoctorService [http-nio-8080-exec-7] Fetching doctor profile by email: kartikmandake2611@gmail.com
2026-05-02 17:17:56,777 INFO c.s.b.s.b.s.j.JwtAuthenticationFilter [http-nio-8080-exec-5] JWT validated successfully for context user: kartikmandake2611@gmail.com
2026-05-02 17:17:56,779 INFO c.s.b.s.b.s.j.JwtAuthenticationFilter [http-nio-8080-exec-4] JWT validated successfully for context user: kartikmandake2611@gmail.com
2026-05-02 17:17:56,781 INFO c.s.b.s.b.d.c.DoctorController [http-nio-8080-exec-5] Received request to fetch doctor by email: kartikmandake2611@gmail.com
2026-05-02 17:17:56,782 INFO c.s.b.s.b.p.c.PrescriptionController [http-nio-8080-exec-4] Fetching prescriptions for doctor ID: DOC-4f751b40
2026-05-02 17:17:56,783 INFO c.s.b.s.b.d.s.DoctorService [http-nio-8080-exec-5] Fetching doctor profile by email: kartikmandake2611@gmail.com
2026-05-02 17:17:56,822 INFO c.s.b.s.b.s.j.JwtAuthenticationFilter [http-nio-8080-exec-6] JWT validated successfully for context user: kartikmandake2611@gmail.com
2026-05-02 17:17:56,827 INFO c.s.b.s.b.p.c.PrescriptionController [http-nio-8080-exec-6] Fetching prescriptions for doctor ID: DOC-4f751b40
2026-05-02 17:18:10,297 INFO c.s.b.s.b.s.j.JwtAuthenticationFilter [http-nio-8080-exec-10] JWT validated successfully for context user: kartikmandake2611@gmail.com
2026-05-02 17:18:10,302 INFO c.s.b.s.b.d.c.DoctorController [http-nio-8080-exec-10] Received request to fetch doctor by email: kartikmandake2611@gmail.com
2026-05-02 17:18:10,304 INFO c.s.b.s.b.d.s.DoctorService [http-nio-8080-exec-10] Fetching doctor profile by email: kartikmandake2611@gmail.com
2026-05-02 17:18:10,338 INFO c.s.b.s.b.s.j.JwtAuthenticationFilter [http-nio-8080-exec-1] JWT validated successfully for context user: kartikmandake2611@gmail.com
2026-05-02 17:18:10,341 INFO c.s.b.s.b.s.j.JwtAuthenticationFilter [http-nio-8080-exec-2] JWT validated successfully for context user: kartikmandake2611@gmail.com
2026-05-02 17:18:10,344 INFO c.s.b.s.b.p.c.PrescriptionController [http-nio-8080-exec-2] Fetching prescriptions for doctor ID: DOC-4f751b40
2026-05-02 17:18:10,344 INFO c.s.b.s.b.d.c.DoctorController [http-nio-8080-exec-1] Received request to fetch doctor by email: kartikmandake2611@gmail.com
2026-05-02 17:18:10,346 INFO c.s.b.s.b.d.s.DoctorService [http-nio-8080-exec-1] Fetching doctor profile by email: kartikmandake2611@gmail.com
2026-05-02 17:18:10,370 INFO c.s.b.s.b.s.j.JwtAuthenticationFilter [http-nio-8080-exec-3] JWT validated successfully for context user: kartikmandake2611@gmail.com
2026-05-02 17:18:10,373 INFO c.s.b.s.b.p.c.PrescriptionController [http-nio-8080-exec-3] Fetching prescriptions for doctor ID: DOC-4f751b40
2026-05-02 17:18:11,320 INFO c.s.b.s.b.s.j.JwtAuthenticationFilter [http-nio-8080-exec-7] JWT validated successfully for context user: kartikmandake2611@gmail.com
2026-05-02 17:18:11,324 INFO c.s.b.s.b.p.c.PrescriptionController [http-nio-8080-exec-7] Fetching prescriptions for doctor ID: DOC-4f751b40
2026-05-02 17:18:11,360 INFO c.s.b.s.b.s.j.JwtAuthenticationFilter [http-nio-8080-exec-5] JWT validated successfully for context user: kartikmandake2611@gmail.com
2026-05-02 17:18:11,362 INFO c.s.b.s.b.p.c.PrescriptionController [http-nio-8080-exec-5] Fetching prescriptions for doctor ID: DOC-4f751b40
2026-05-02 17:18:13,789 INFO c.s.b.s.b.s.j.JwtAuthenticationFilter [http-nio-8080-exec-4] JWT validated successfully for context user: kartikmandake2611@gmail.com
2026-05-02 17:18:13,793 INFO c.s.b.s.b.d.c.DoctorController [http-nio-8080-exec-4] Received request to fetch doctor by email: kartikmandake2611@gmail.com
2026-05-02 17:18:13,795 INFO c.s.b.s.b.d.s.DoctorService [http-nio-8080-exec-4] Fetching doctor profile by email: kartikmandake2611@gmail.com
2026-05-02 17:18:13,831 INFO c.s.b.s.b.s.j.JwtAuthenticationFilter [http-nio-8080-exec-8] JWT validated successfully for context user: kartikmandake2611@gmail.com
2026-05-02 17:18:13,832 INFO c.s.b.s.b.s.j.JwtAuthenticationFilter [http-nio-8080-exec-6] JWT validated successfully for context user: kartikmandake2611@gmail.com
2026-05-02 17:18:13,836 INFO c.s.b.s.b.d.c.DoctorController [http-nio-8080-exec-6] Received request to fetch doctor by email: kartikmandake2611@gmail.com
2026-05-02 17:18:13,836 INFO c.s.b.s.b.p.c.PrescriptionController [http-nio-8080-exec-8] Fetching prescriptions for doctor ID: DOC-4f751b40
2026-05-02 17:18:13,838 INFO c.s.b.s.b.d.s.DoctorService [http-nio-8080-exec-6] Fetching doctor profile by email: kartikmandake2611@gmail.com
2026-05-02 17:18:13,880 INFO c.s.b.s.b.s.j.JwtAuthenticationFilter [http-nio-8080-exec-9] JWT validated successfully for context user: kartikmandake2611@gmail.com
2026-05-02 17:18:13,882 INFO c.s.b.s.b.p.c.PrescriptionController [http-nio-8080-exec-9] Fetching prescriptions for doctor ID: DOC-4f751b40
2026-05-02 17:18:14,475 INFO c.s.b.s.b.s.j.JwtAuthenticationFilter [http-nio-8080-exec-10] JWT validated successfully for context user: kartikmandake2611@gmail.com
2026-05-02 17:18:14,480 INFO c.s.b.s.b.p.c.PrescriptionController [http-nio-8080-exec-10] Fetching prescriptions for doctor ID: DOC-4f751b40
2026-05-02 17:18:14,509 INFO c.s.b.s.b.s.j.JwtAuthenticationFilter [http-nio-8080-exec-2] JWT validated successfully for context user: kartikmandake2611@gmail.com
2026-05-02 17:18:14,517 INFO c.s.b.s.b.p.c.PrescriptionController [http-nio-8080-exec-2] Fetching prescriptions for doctor ID: DOC-4f751b40
2026-05-02 17:18:15,216 INFO c.s.b.s.b.s.j.JwtAuthenticationFilter [http-nio-8080-exec-1] JWT validated successfully for context user: kartikmandake2611@gmail.com
2026-05-02 17:18:15,224 INFO c.s.b.s.b.d.c.DoctorController [http-nio-8080-exec-1] Received request to fetch doctor by email: kartikmandake2611@gmail.com
2026-05-02 17:18:15,225 INFO c.s.b.s.b.d.s.DoctorService [http-nio-8080-exec-1] Fetching doctor profile by email: kartikmandake2611@gmail.com
2026-05-02 17:18:15,252 INFO c.s.b.s.b.s.j.JwtAuthenticationFilter [http-nio-8080-exec-7] JWT validated successfully for context user: kartikmandake2611@gmail.com
2026-05-02 17:18:15,252 INFO c.s.b.s.b.s.j.JwtAuthenticationFilter [http-nio-8080-exec-3] JWT validated successfully for context user: kartikmandake2611@gmail.com
2026-05-02 17:18:15,259 INFO c.s.b.s.b.d.c.DoctorController [http-nio-8080-exec-3] Received request to fetch doctor by email: kartikmandake2611@gmail.com
2026-05-02 17:18:15,259 INFO c.s.b.s.b.p.c.PrescriptionController [http-nio-8080-exec-7] Fetching prescriptions for doctor ID: DOC-4f751b40
2026-05-02 17:18:15,259 INFO c.s.b.s.b.d.s.DoctorService [http-nio-8080-exec-3] Fetching doctor profile by email: kartikmandake2611@gmail.com
2026-05-02 17:18:15,294 INFO c.s.b.s.b.s.j.JwtAuthenticationFilter [http-nio-8080-exec-5] JWT validated successfully for context user: kartikmandake2611@gmail.com
2026-05-02 17:18:15,305 INFO c.s.b.s.b.p.c.PrescriptionController [http-nio-8080-exec-5] Fetching prescriptions for doctor ID: DOC-4f751b40
2026-05-02 17:22:16,252 INFO c.s.b.s.b.s.j.JwtAuthenticationFilter [http-nio-8080-exec-1] JWT validated successfully for context user: kartikmandake2611@gmail.com
2026-05-02 17:22:16,256 INFO c.s.b.s.b.d.c.DoctorController [http-nio-8080-exec-1] Received request to fetch doctor by email: kartikmandake2611@gmail.com
2026-05-02 17:22:16,256 INFO c.s.b.s.b.d.s.DoctorService [http-nio-8080-exec-1] Fetching doctor profile by email: kartikmandake2611@gmail.com
2026-05-02 17:22:16,284 INFO c.s.b.s.b.s.j.JwtAuthenticationFilter [http-nio-8080-exec-3] JWT validated successfully for context user: kartikmandake2611@gmail.com
2026-05-02 17:22:16,287 INFO c.s.b.s.b.d.c.DoctorController [http-nio-8080-exec-3] Received request to fetch doctor by email: kartikmandake2611@gmail.com
2026-05-02 17:22:16,289 INFO c.s.b.s.b.s.j.JwtAuthenticationFilter [http-nio-8080-exec-5] JWT validated successfully for context user: kartikmandake2611@gmail.com
2026-05-02 17:22:16,290 INFO c.s.b.s.b.d.s.DoctorService [http-nio-8080-exec-3] Fetching doctor profile by email: kartikmandake2611@gmail.com
2026-05-02 17:22:16,292 INFO c.s.b.s.b.p.c.PrescriptionController [http-nio-8080-exec-5] Fetching prescriptions for doctor ID: DOC-4f751b40
2026-05-02 17:22:16,334 INFO c.s.b.s.b.s.j.JwtAuthenticationFilter [http-nio-8080-exec-4] JWT validated successfully for context user: kartikmandake2611@gmail.com
2026-05-02 17:22:16,337 INFO c.s.b.s.b.p.c.PrescriptionController [http-nio-8080-exec-4] Fetching prescriptions for doctor ID: DOC-4f751b40
2026-05-02 17:22:17,641 INFO c.s.b.s.b.s.j.JwtAuthenticationFilter [http-nio-8080-exec-6] JWT validated successfully for context user: kartikmandake2611@gmail.com
2026-05-02 17:22:17,645 INFO c.s.b.s.b.d.c.DoctorController [http-nio-8080-exec-6] Received request to fetch doctor by email: kartikmandake2611@gmail.com
2026-05-02 17:22:17,645 INFO c.s.b.s.b.d.s.DoctorService [http-nio-8080-exec-6] Fetching doctor profile by email: kartikmandake2611@gmail.com
2026-05-02 17:22:17,673 INFO c.s.b.s.b.s.j.JwtAuthenticationFilter [http-nio-8080-exec-8] JWT validated successfully for context user: kartikmandake2611@gmail.com
2026-05-02 17:22:17,677 INFO c.s.b.s.b.d.c.DoctorController [http-nio-8080-exec-8] Received request to fetch doctor by email: kartikmandake2611@gmail.com
2026-05-02 17:22:17,677 INFO c.s.b.s.b.d.s.DoctorService [http-nio-8080-exec-8] Fetching doctor profile by email: kartikmandake2611@gmail.com
2026-05-02 17:22:38,804 INFO c.s.b.s.b.s.c.AuthController [http-nio-8080-exec-10] Requesting OTP for email: pranavparalkar21@gmail.com
2026-05-02 17:22:38,838 INFO c.s.b.s.b.s.s.EmailService [http-nio-8080-exec-10] Sending OTP email to pranavparalkar21@gmail.com
2026-05-02 17:22:44,181 INFO c.s.b.s.b.s.s.EmailService [http-nio-8080-exec-10] OTP email sent successfully to pranavparalkar21@gmail.com
2026-05-02 17:23:17,528 INFO c.s.b.s.b.s.j.JwtAuthenticationFilter [http-nio-8080-exec-7] JWT validated successfully for context user: prescribe.services@gmail.com
2026-05-02 17:23:17,531 INFO c.s.b.s.b.d.c.AdminController [http-nio-8080-exec-7] Admin requesting pending doctors list
2026-05-02 17:23:17,531 INFO c.s.b.s.b.d.s.DoctorService [http-nio-8080-exec-7] Fetching all pending doctors
2026-05-02 17:23:17,643 INFO c.s.b.s.b.s.j.JwtAuthenticationFilter [http-nio-8080-exec-3] JWT validated successfully for context user: prescribe.services@gmail.com
2026-05-02 17:23:17,646 INFO c.s.b.s.b.d.c.AdminController [http-nio-8080-exec-3] Admin requesting pending doctors list
2026-05-02 17:23:17,647 INFO c.s.b.s.b.d.s.DoctorService [http-nio-8080-exec-3] Fetching all pending doctors
2026-05-02 17:23:18,427 INFO c.s.b.s.b.s.j.JwtAuthenticationFilter [http-nio-8080-exec-8] JWT validated successfully for context user: prescribe.services@gmail.com
2026-05-02 17:23:18,432 INFO c.s.b.s.b.d.c.AdminController [http-nio-8080-exec-8] Admin requesting all doctors list
2026-05-02 17:23:18,446 INFO c.s.b.s.b.d.s.DoctorService [http-nio-8080-exec-8] Fetching all doctors
2026-05-02 17:23:18,503 INFO c.s.b.s.b.s.j.JwtAuthenticationFilter [http-nio-8080-exec-9] JWT validated successfully for context user: prescribe.services@gmail.com
2026-05-02 17:23:18,509 INFO c.s.b.s.b.d.c.AdminController [http-nio-8080-exec-9] Admin requesting all doctors list
2026-05-02 17:23:18,509 INFO c.s.b.s.b.d.s.DoctorService [http-nio-8080-exec-9] Fetching all doctors
2026-05-02 17:23:24,704 INFO c.s.b.s.b.s.c.AuthController [http-nio-8080-exec-1] Requesting OTP for email: pranavparalkar123@gmail.com
2026-05-02 17:23:24,733 INFO c.s.b.s.b.s.s.EmailService [http-nio-8080-exec-1] Sending OTP email to pranavparalkar123@gmail.com
2026-05-02 17:23:29,850 INFO c.s.b.s.b.s.s.EmailService [http-nio-8080-exec-1] OTP email sent successfully to pranavparalkar123@gmail.com
2026-05-02 17:23:32,891 INFO c.s.b.s.b.s.j.JwtAuthenticationFilter [http-nio-8080-exec-3] JWT validated successfully for context user: prescribe.services@gmail.com
2026-05-02 17:23:32,893 INFO c.s.b.s.b.d.c.AdminController [http-nio-8080-exec-3] Admin requesting all doctors list
2026-05-02 17:23:32,895 INFO c.s.b.s.b.d.s.DoctorService [http-nio-8080-exec-3] Fetching all doctors
2026-05-02 17:23:32,940 INFO c.s.b.s.b.s.j.JwtAuthenticationFilter [http-nio-8080-exec-4] JWT validated successfully for context user: prescribe.services@gmail.com
2026-05-02 17:23:32,943 INFO c.s.b.s.b.d.c.AdminController [http-nio-8080-exec-4] Admin requesting all doctors list
2026-05-02 17:23:32,947 INFO c.s.b.s.b.d.s.DoctorService [http-nio-8080-exec-4] Fetching all doctors
2026-05-02 17:25:36,233 INFO o.s.b.t.GracefulShutdown [SpringApplicationShutdownHook] Commencing graceful shutdown. Waiting for active requests to complete
2026-05-02 17:25:36,244 INFO o.s.b.t.GracefulShutdown [tomcat-shutdown] Graceful shutdown complete
2026-05-02 17:25:36,252 INFO o.s.o.j.AbstractEntityManagerFactoryBean [SpringApplicationShutdownHook] Closing JPA EntityManagerFactory for persistence unit 'default'
2026-05-02 17:25:36,257 INFO c.z.h.HikariDataSource [SpringApplicationShutdownHook] HikariPool-1 - Shutdown initiated...
2026-05-02 17:25:36,262 INFO c.z.h.HikariDataSource [SpringApplicationShutdownHook] HikariPool-1 - Shutdown completed.
2026-05-02 17:25:57,016 INFO o.s.b.StartupInfoLogger [main] Starting BackendApplication using Java 21.0.9 with PID 27972 (C:\Projects\prescribe\backend\target\classes started by Pranav in C:\Projects\prescribe\backend)
2026-05-02 17:25:57,017 INFO o.s.b.SpringApplication [main] No active profile set, falling back to 1 default profile: "default"
2026-05-02 17:25:57,257 INFO o.h.v.i.u.Version [background-preinit] HV000001: Hibernate Validator 9.0.1.Final
2026-05-02 17:25:57,904 INFO o.s.d.r.c.RepositoryConfigurationDelegate [main] Bootstrapping Spring Data JPA repositories in DEFAULT mode.
2026-05-02 17:25:58,016 INFO o.s.d.r.c.RepositoryConfigurationDelegate [main] Finished Spring Data repository scanning in 101 ms. Found 11 JPA repository interfaces.
2026-05-02 17:25:58,621 INFO o.s.b.t.TomcatWebServer [main] Tomcat initialized with port 8080 (http)
2026-05-02 17:25:58,637 INFO o.a.j.l.DirectJDKLog [main] Initializing ProtocolHandler ["http-nio-8080"]
2026-05-02 17:25:58,639 INFO o.a.j.l.DirectJDKLog [main] Starting service [Tomcat]
2026-05-02 17:25:58,640 INFO o.a.j.l.DirectJDKLog [main] Starting Servlet engine: [Apache Tomcat/11.0.18]
2026-05-02 17:25:58,737 INFO o.s.b.w.c.s.WebApplicationContextInitializer [main] Root WebApplicationContext: initialization completed in 1671 ms
2026-05-02 17:25:58,911 INFO o.h.j.i.u.LogHelper [main] HHH008540: Processing PersistenceUnitInfo [name: default]
2026-05-02 17:25:58,981 INFO o.h.Version [main] HHH000001: Hibernate ORM core version 7.2.4.Final
2026-05-02 17:25:59,459 INFO o.s.o.j.p.SpringPersistenceUnitInfo [main] No LoadTimeWeaver setup: ignoring JPA class transformer
2026-05-02 17:25:59,495 INFO c.z.h.HikariDataSource [main] HikariPool-1 - Starting...
2026-05-02 17:25:59,690 INFO c.z.h.p.HikariPool [main] HikariPool-1 - Added connection org.postgresql.jdbc.PgConnection@306c9b2c
2026-05-02 17:25:59,693 INFO c.z.h.HikariDataSource [main] HikariPool-1 - Start completed.
2026-05-02 17:25:59,730 WARN o.h.e.j.d.i.DialectFactoryImpl [main] HHH90000025: PostgreSQLDialect does not need to be specified explicitly using 'hibernate.dialect' (remove the property setting and it will be selected by default)
2026-05-02 17:25:59,762 INFO o.h.e.j.e.i.JdbcEnvironmentInitiator [main] HHH10001005: Database info:
	Database JDBC URL [jdbc:postgresql://localhost:5432/postgres]
	Database driver: PostgreSQL JDBC Driver
	Database dialect: PostgreSQLDialect
	Database version: 18.3
	Default catalog/schema: postgres/public
	Autocommit mode: undefined/unknown
	Isolation level: READ_COMMITTED [default READ_COMMITTED]
	JDBC fetch size: none
	Pool: DataSourceConnectionProvider
	Minimum pool size: undefined/unknown
	Maximum pool size: undefined/unknown
2026-05-02 17:26:01,298 INFO o.h.e.t.j.p.i.JtaPlatformInitiator [main] HHH000489: No JTA platform available (set 'hibernate.transaction.jta.platform' to enable JTA platform integration)
2026-05-02 17:26:01,427 INFO o.s.o.j.AbstractEntityManagerFactoryBean [main] Initialized JPA EntityManagerFactory for persistence unit 'default'
2026-05-02 17:26:01,499 INFO o.s.d.j.r.q.QueryEnhancerFactories [main] Hibernate is in classpath; If applicable, HQL parser will be used.
2026-05-02 17:26:02,550 INFO c.s.b.s.b.s.s.SubscriptionService [main] Razorpay client initialized successfully
2026-05-02 17:26:02,610 INFO o.s.s.c.a.a.c.InitializeAuthenticationProviderBeanManagerConfigurer$InitializeAuthenticationProviderManagerConfigurer [main] Global AuthenticationManager configured with AuthenticationProvider bean with name authenticationProvider
2026-05-02 17:26:02,617 WARN o.s.s.c.a.a.c.InitializeUserDetailsBeanManagerConfigurer$InitializeUserDetailsManagerConfigurer [main] Global AuthenticationManager configured with an AuthenticationProvider bean. UserDetailsService beans will not be used by Spring Security for automatically configuring username/password login. Consider removing the AuthenticationProvider bean. Alternatively, consider using the UserDetailsService in a manually instantiated DaoAuthenticationProvider. If the current configuration is intentional, to turn off this warning, increase the logging level of 'org.springframework.security.config.annotation.authentication.configuration.InitializeUserDetailsBeanManagerConfigurer' to ERROR
2026-05-02 17:26:02,767 WARN o.s.b.j.a.JpaBaseConfiguration$JpaWebConfiguration [main] spring.jpa.open-in-view is enabled by default. Therefore, database queries may be performed during view rendering. Explicitly configure spring.jpa.open-in-view to disable this warning
2026-05-02 17:26:03,399 INFO o.a.j.l.DirectJDKLog [main] Starting ProtocolHandler ["http-nio-8080"]
2026-05-02 17:26:03,411 INFO o.s.b.t.TomcatWebServer [main] Tomcat started on port 8080 (http) with context path '/'
2026-05-02 17:26:03,429 INFO o.s.b.StartupInfoLogger [main] Started BackendApplication in 7.126 seconds (process running for 7.709)
2026-05-02 17:26:08,683 INFO o.a.j.l.DirectJDKLog [http-nio-8080-exec-2] Initializing Spring DispatcherServlet 'dispatcherServlet'
2026-05-02 17:26:08,686 INFO o.s.w.s.FrameworkServlet [http-nio-8080-exec-2] Initializing Servlet 'dispatcherServlet'
2026-05-02 17:26:08,691 INFO o.s.w.s.FrameworkServlet [http-nio-8080-exec-2] Completed initialization in 4 ms
2026-05-02 17:26:10,789 INFO c.s.b.s.b.s.j.JwtAuthenticationFilter [http-nio-8080-exec-2] JWT validated successfully for context user: prescribe.services@gmail.com
2026-05-02 17:26:10,857 INFO c.s.b.s.b.d.c.AdminController [http-nio-8080-exec-2] Admin requesting all doctors list
2026-05-02 17:26:10,859 INFO c.s.b.s.b.d.s.DoctorService [http-nio-8080-exec-2] Fetching all doctors
2026-05-02 17:26:11,294 INFO c.s.b.s.b.s.j.JwtAuthenticationFilter [http-nio-8080-exec-3] JWT validated successfully for context user: prescribe.services@gmail.com
2026-05-02 17:26:11,300 INFO c.s.b.s.b.d.c.AdminController [http-nio-8080-exec-3] Admin requesting all doctors list
2026-05-02 17:26:11,300 INFO c.s.b.s.b.d.s.DoctorService [http-nio-8080-exec-3] Fetching all doctors
2026-05-02 17:26:28,093 INFO c.s.b.s.b.s.c.AuthController [http-nio-8080-exec-5] Requesting OTP for email: pranavparalkar123@gmail.com
2026-05-02 17:26:28,220 INFO c.s.b.s.b.s.s.EmailService [http-nio-8080-exec-5] Sending OTP email to pranavparalkar123@gmail.com
2026-05-02 17:26:33,966 INFO c.s.b.s.b.s.s.EmailService [http-nio-8080-exec-5] OTP email sent successfully to pranavparalkar123@gmail.com
2026-05-02 17:26:49,589 INFO c.s.b.s.b.s.c.AuthController [http-nio-8080-exec-7] Requesting OTP for email: gamestamitaoe@gmail.com
2026-05-02 17:26:49,595 WARN c.s.b.s.b.s.c.AuthController [http-nio-8080-exec-7] Account not found for email: gamestamitaoe@gmail.com
2026-05-02 17:27:39,584 INFO c.s.b.s.b.s.c.AuthController [http-nio-8080-exec-10] Requesting OTP for email: gamestamitaoe@gmail.com
2026-05-02 17:27:39,600 INFO c.s.b.s.b.s.s.EmailService [http-nio-8080-exec-10] Sending OTP email to gamestamitaoe@gmail.com
2026-05-02 17:27:44,724 INFO c.s.b.s.b.s.s.EmailService [http-nio-8080-exec-10] OTP email sent successfully to gamestamitaoe@gmail.com
2026-05-02 17:27:56,258 INFO c.s.b.s.b.s.c.AuthController [http-nio-8080-exec-3] Verifying OTP for email: gamestamitaoe@gmail.com
2026-05-02 17:27:56,744 INFO c.s.b.s.b.s.c.AuthController [http-nio-8080-exec-3] Successfully authenticated user via OTP: gamestamitaoe@gmail.com
2026-05-02 17:27:56,784 INFO c.s.b.s.b.s.j.JwtAuthenticationFilter [http-nio-8080-exec-5] JWT validated successfully for context user: gamestamitaoe@gmail.com
2026-05-02 17:27:56,806 INFO c.s.b.s.b.d.c.DoctorController [http-nio-8080-exec-5] Received request to fetch doctor by email: gamestamitaoe@gmail.com
2026-05-02 17:27:56,808 INFO c.s.b.s.b.d.s.DoctorService [http-nio-8080-exec-5] Fetching doctor profile by email: gamestamitaoe@gmail.com
2026-05-02 17:27:56,859 ERROR c.s.b.s.b.d.s.DoctorService [http-nio-8080-exec-5] Doctor with email gamestamitaoe@gmail.com not found
2026-05-02 17:27:56,865 WARN c.s.b.s.b.e.GlobalExceptionHandler [http-nio-8080-exec-5] Resource Not Found at /api/doctors/email/gamestamitaoe%40gmail.com: Doctor not found
2026-05-02 17:27:56,929 INFO c.s.b.s.b.s.j.JwtAuthenticationFilter [http-nio-8080-exec-7] JWT validated successfully for context user: gamestamitaoe@gmail.com
2026-05-02 17:27:56,954 INFO c.s.b.s.b.d.c.DoctorController [http-nio-8080-exec-7] Received request to create a new doctor with email: gamestamitaoe@gmail.com
2026-05-02 17:27:57,010 INFO c.s.b.s.b.d.s.DoctorService [http-nio-8080-exec-7] Successfully saved doctor with ID: DOC-3161d822
2026-05-02 17:27:57,010 INFO c.s.b.s.b.d.c.DoctorController [http-nio-8080-exec-7] Successfully created doctor with ID: DOC-3161d822
2026-05-02 17:27:57,085 INFO c.s.b.s.b.s.j.JwtAuthenticationFilter [http-nio-8080-exec-6] JWT validated successfully for context user: gamestamitaoe@gmail.com
2026-05-02 17:27:57,088 INFO c.s.b.s.b.s.j.JwtAuthenticationFilter [http-nio-8080-exec-9] JWT validated successfully for context user: gamestamitaoe@gmail.com
2026-05-02 17:27:57,089 INFO c.s.b.s.b.d.c.DoctorController [http-nio-8080-exec-6] Received request to fetch doctor by email: gamestamitaoe@gmail.com
2026-05-02 17:27:57,091 INFO c.s.b.s.b.d.s.DoctorService [http-nio-8080-exec-6] Fetching doctor profile by email: gamestamitaoe@gmail.com
2026-05-02 17:27:57,134 INFO c.s.b.s.b.s.j.JwtAuthenticationFilter [http-nio-8080-exec-6] JWT validated successfully for context user: gamestamitaoe@gmail.com
2026-05-02 17:27:57,142 INFO c.s.b.s.b.d.c.DoctorController [http-nio-8080-exec-6] Received request to fetch doctor by email: gamestamitaoe@gmail.com
2026-05-02 17:27:57,143 INFO c.s.b.s.b.d.s.DoctorService [http-nio-8080-exec-6] Fetching doctor profile by email: gamestamitaoe@gmail.com
2026-05-02 17:27:57,159 INFO c.s.b.s.b.d.c.DoctorController [http-nio-8080-exec-9] Received request to upload license for doctor: DOC-3161d822
2026-05-02 17:27:57,159 INFO c.s.b.s.b.d.s.DoctorService [http-nio-8080-exec-9] Uploading license for doctor ID: DOC-3161d822
2026-05-02 17:27:57,184 INFO c.s.b.s.b.s.j.JwtAuthenticationFilter [http-nio-8080-exec-10] JWT validated successfully for context user: gamestamitaoe@gmail.com
2026-05-02 17:27:57,184 INFO c.s.b.s.b.d.s.S3StorageService [http-nio-8080-exec-9] Uploading file to S3: bucket=prescribe-bucket-new, key=doctor-licenses/DOC-3161d822/39a26908-395b-4933-ae1b-520f15aeeee2_CoverLetter_Hemut.pdf, storageClass=STANDARD
2026-05-02 17:27:57,187 INFO c.s.b.s.b.d.c.DoctorController [http-nio-8080-exec-10] Received request to fetch doctor by email: gamestamitaoe@gmail.com
2026-05-02 17:27:57,190 INFO c.s.b.s.b.d.s.DoctorService [http-nio-8080-exec-10] Fetching doctor profile by email: gamestamitaoe@gmail.com
2026-05-02 17:27:57,232 INFO c.s.b.s.b.s.j.JwtAuthenticationFilter [http-nio-8080-exec-2] JWT validated successfully for context user: gamestamitaoe@gmail.com
2026-05-02 17:27:57,238 INFO c.s.b.s.b.d.c.DoctorController [http-nio-8080-exec-2] Received request to fetch doctor by email: gamestamitaoe@gmail.com
2026-05-02 17:27:57,239 INFO c.s.b.s.b.d.s.DoctorService [http-nio-8080-exec-2] Fetching doctor profile by email: gamestamitaoe@gmail.com
2026-05-02 17:27:58,713 INFO c.s.b.s.b.d.s.S3StorageService [http-nio-8080-exec-9] Successfully uploaded file to S3: doctor-licenses/DOC-3161d822/39a26908-395b-4933-ae1b-520f15aeeee2_CoverLetter_Hemut.pdf
2026-05-02 17:28:01,511 INFO c.s.b.s.b.s.j.JwtAuthenticationFilter [http-nio-8080-exec-3] JWT validated successfully for context user: gamestamitaoe@gmail.com
2026-05-02 17:28:01,515 INFO c.s.b.s.b.d.c.DoctorController [http-nio-8080-exec-3] Received request to fetch doctor by email: gamestamitaoe@gmail.com
2026-05-02 17:28:01,515 INFO c.s.b.s.b.d.s.DoctorService [http-nio-8080-exec-3] Fetching doctor profile by email: gamestamitaoe@gmail.com
2026-05-02 17:28:01,549 INFO c.s.b.s.b.s.j.JwtAuthenticationFilter [http-nio-8080-exec-3] JWT validated successfully for context user: gamestamitaoe@gmail.com
2026-05-02 17:28:01,552 INFO c.s.b.s.b.d.c.DoctorController [http-nio-8080-exec-3] Received request to fetch doctor by email: gamestamitaoe@gmail.com
2026-05-02 17:28:01,556 INFO c.s.b.s.b.d.s.DoctorService [http-nio-8080-exec-3] Fetching doctor profile by email: gamestamitaoe@gmail.com
2026-05-02 17:28:01,589 INFO c.s.b.s.b.s.j.JwtAuthenticationFilter [http-nio-8080-exec-5] JWT validated successfully for context user: gamestamitaoe@gmail.com
2026-05-02 17:28:01,591 INFO c.s.b.s.b.d.c.DoctorController [http-nio-8080-exec-5] Received request to fetch doctor by email: gamestamitaoe@gmail.com
2026-05-02 17:28:01,593 INFO c.s.b.s.b.d.s.DoctorService [http-nio-8080-exec-5] Fetching doctor profile by email: gamestamitaoe@gmail.com
2026-05-02 17:28:01,641 INFO c.s.b.s.b.s.j.JwtAuthenticationFilter [http-nio-8080-exec-1] JWT validated successfully for context user: gamestamitaoe@gmail.com
2026-05-02 17:28:01,645 INFO c.s.b.s.b.d.c.DoctorController [http-nio-8080-exec-1] Received request to fetch doctor by email: gamestamitaoe@gmail.com
2026-05-02 17:28:01,647 INFO c.s.b.s.b.d.s.DoctorService [http-nio-8080-exec-1] Fetching doctor profile by email: gamestamitaoe@gmail.com
2026-05-02 17:28:05,403 INFO c.s.b.s.b.s.j.JwtAuthenticationFilter [http-nio-8080-exec-6] JWT validated successfully for context user: prescribe.services@gmail.com
2026-05-02 17:28:05,403 INFO c.s.b.s.b.d.c.AdminController [http-nio-8080-exec-6] Admin requesting all doctors list
2026-05-02 17:28:05,403 INFO c.s.b.s.b.d.s.DoctorService [http-nio-8080-exec-6] Fetching all doctors
2026-05-02 17:28:05,494 INFO c.s.b.s.b.s.j.JwtAuthenticationFilter [http-nio-8080-exec-10] JWT validated successfully for context user: prescribe.services@gmail.com
2026-05-02 17:28:05,498 INFO c.s.b.s.b.d.c.AdminController [http-nio-8080-exec-10] Admin requesting all doctors list
2026-05-02 17:28:05,501 INFO c.s.b.s.b.d.s.DoctorService [http-nio-8080-exec-10] Fetching all doctors
2026-05-02 17:28:07,160 INFO c.s.b.s.b.s.j.JwtAuthenticationFilter [http-nio-8080-exec-2] JWT validated successfully for context user: prescribe.services@gmail.com
2026-05-02 17:28:07,162 INFO c.s.b.s.b.d.c.AdminController [http-nio-8080-exec-2] Admin requesting all doctors list
2026-05-02 17:28:07,162 INFO c.s.b.s.b.d.s.DoctorService [http-nio-8080-exec-2] Fetching all doctors
2026-05-02 17:28:07,332 INFO c.s.b.s.b.s.j.JwtAuthenticationFilter [http-nio-8080-exec-9] JWT validated successfully for context user: prescribe.services@gmail.com
2026-05-02 17:28:07,337 INFO c.s.b.s.b.d.c.AdminController [http-nio-8080-exec-9] Admin requesting all doctors list
2026-05-02 17:28:07,339 INFO c.s.b.s.b.d.s.DoctorService [http-nio-8080-exec-9] Fetching all doctors
2026-05-02 17:28:07,403 INFO c.s.b.s.b.s.j.JwtAuthenticationFilter [http-nio-8080-exec-4] JWT validated successfully for context user: prescribe.services@gmail.com
2026-05-02 17:28:07,411 INFO c.s.b.s.b.d.c.AdminController [http-nio-8080-exec-4] Admin requesting all doctors list
2026-05-02 17:28:07,415 INFO c.s.b.s.b.d.s.DoctorService [http-nio-8080-exec-4] Fetching all doctors
2026-05-02 17:28:08,832 INFO c.s.b.s.b.s.j.JwtAuthenticationFilter [http-nio-8080-exec-1] JWT validated successfully for context user: prescribe.services@gmail.com
2026-05-02 17:28:08,834 INFO c.s.b.s.b.d.c.AdminController [http-nio-8080-exec-1] Admin requesting pending doctors list
2026-05-02 17:28:08,845 INFO c.s.b.s.b.d.s.DoctorService [http-nio-8080-exec-1] Fetching all pending doctors
2026-05-02 17:28:08,934 INFO c.s.b.s.b.s.j.JwtAuthenticationFilter [http-nio-8080-exec-8] JWT validated successfully for context user: prescribe.services@gmail.com
2026-05-02 17:28:08,937 INFO c.s.b.s.b.d.c.AdminController [http-nio-8080-exec-8] Admin requesting pending doctors list
2026-05-02 17:28:08,941 INFO c.s.b.s.b.d.s.DoctorService [http-nio-8080-exec-8] Fetching all pending doctors
2026-05-02 17:28:10,561 INFO c.s.b.s.b.s.j.JwtAuthenticationFilter [http-nio-8080-exec-6] JWT validated successfully for context user: prescribe.services@gmail.com
2026-05-02 17:28:10,562 INFO c.s.b.s.b.d.c.AdminController [http-nio-8080-exec-6] Admin requesting license view URL for doctor: DOC-3161d822
2026-05-02 17:28:10,562 INFO c.s.b.s.b.d.s.DoctorService [http-nio-8080-exec-6] Fetching doctor by ID: DOC-3161d822
2026-05-02 17:28:19,152 INFO c.s.b.s.b.s.j.JwtAuthenticationFilter [http-nio-8080-exec-2] JWT validated successfully for context user: prescribe.services@gmail.com
2026-05-02 17:28:19,160 INFO c.s.b.s.b.d.c.AdminController [http-nio-8080-exec-2] Admin approving doctor: DOC-3161d822
2026-05-02 17:28:19,162 INFO c.s.b.s.b.d.s.DoctorService [http-nio-8080-exec-2] Executing doctor verification for ID: DOC-3161d822
2026-05-02 17:28:21,941 INFO c.s.b.s.b.s.j.JwtAuthenticationFilter [http-nio-8080-exec-1] JWT validated successfully for context user: gamestamitaoe@gmail.com
2026-05-02 17:28:21,947 INFO c.s.b.s.b.d.c.DoctorController [http-nio-8080-exec-1] Received request to fetch doctor by email: gamestamitaoe@gmail.com
2026-05-02 17:28:21,949 INFO c.s.b.s.b.d.s.DoctorService [http-nio-8080-exec-1] Fetching doctor profile by email: gamestamitaoe@gmail.com
2026-05-02 17:28:21,988 INFO c.s.b.s.b.s.j.JwtAuthenticationFilter [http-nio-8080-exec-8] JWT validated successfully for context user: gamestamitaoe@gmail.com
2026-05-02 17:28:21,993 INFO c.s.b.s.b.d.c.DoctorController [http-nio-8080-exec-8] Received request to fetch doctor by email: gamestamitaoe@gmail.com
2026-05-02 17:28:21,993 INFO c.s.b.s.b.d.s.DoctorService [http-nio-8080-exec-8] Fetching doctor profile by email: gamestamitaoe@gmail.com
2026-05-02 17:28:22,043 INFO c.s.b.s.b.s.j.JwtAuthenticationFilter [http-nio-8080-exec-7] JWT validated successfully for context user: gamestamitaoe@gmail.com
2026-05-02 17:28:22,049 INFO c.s.b.s.b.d.c.DoctorController [http-nio-8080-exec-7] Received request to fetch doctor by email: gamestamitaoe@gmail.com
2026-05-02 17:28:22,049 INFO c.s.b.s.b.d.s.DoctorService [http-nio-8080-exec-7] Fetching doctor profile by email: gamestamitaoe@gmail.com
2026-05-02 17:28:22,090 INFO c.s.b.s.b.s.j.JwtAuthenticationFilter [http-nio-8080-exec-6] JWT validated successfully for context user: gamestamitaoe@gmail.com
2026-05-02 17:28:22,092 INFO c.s.b.s.b.d.c.DoctorController [http-nio-8080-exec-6] Received request to fetch doctor by email: gamestamitaoe@gmail.com
2026-05-02 17:28:22,093 INFO c.s.b.s.b.d.s.DoctorService [http-nio-8080-exec-6] Fetching doctor profile by email: gamestamitaoe@gmail.com
2026-05-02 17:28:22,797 INFO c.s.b.s.b.s.j.JwtAuthenticationFilter [http-nio-8080-exec-10] JWT validated successfully for context user: gamestamitaoe@gmail.com
2026-05-02 17:28:22,800 INFO c.s.b.s.b.d.c.DoctorController [http-nio-8080-exec-10] Received request to fetch doctor by email: gamestamitaoe@gmail.com
2026-05-02 17:28:22,809 INFO c.s.b.s.b.d.s.DoctorService [http-nio-8080-exec-10] Fetching doctor profile by email: gamestamitaoe@gmail.com
2026-05-02 17:28:22,851 INFO c.s.b.s.b.s.j.JwtAuthenticationFilter [http-nio-8080-exec-2] JWT validated successfully for context user: gamestamitaoe@gmail.com
2026-05-02 17:28:22,852 INFO c.s.b.s.b.d.c.DoctorController [http-nio-8080-exec-2] Received request to fetch doctor by email: gamestamitaoe@gmail.com
2026-05-02 17:28:22,861 INFO c.s.b.s.b.d.s.DoctorService [http-nio-8080-exec-2] Fetching doctor profile by email: gamestamitaoe@gmail.com
2026-05-02 17:28:22,902 INFO c.s.b.s.b.s.j.JwtAuthenticationFilter [http-nio-8080-exec-4] JWT validated successfully for context user: gamestamitaoe@gmail.com
2026-05-02 17:28:22,906 INFO c.s.b.s.b.s.j.JwtAuthenticationFilter [http-nio-8080-exec-9] JWT validated successfully for context user: gamestamitaoe@gmail.com
2026-05-02 17:28:22,909 INFO c.s.b.s.b.d.c.DoctorController [http-nio-8080-exec-9] Received request to fetch doctor by email: gamestamitaoe@gmail.com
2026-05-02 17:28:22,909 INFO c.s.b.s.b.p.c.PrescriptionController [http-nio-8080-exec-4] Fetching prescriptions for doctor ID: DOC-3161d822
2026-05-02 17:28:22,909 INFO c.s.b.s.b.d.s.DoctorService [http-nio-8080-exec-9] Fetching doctor profile by email: gamestamitaoe@gmail.com
2026-05-02 17:28:22,948 INFO c.s.b.s.b.s.j.JwtAuthenticationFilter [http-nio-8080-exec-5] JWT validated successfully for context user: gamestamitaoe@gmail.com
2026-05-02 17:28:22,952 INFO c.s.b.s.b.d.c.DoctorController [http-nio-8080-exec-5] Received request to fetch doctor by email: gamestamitaoe@gmail.com
2026-05-02 17:28:22,954 INFO c.s.b.s.b.d.s.DoctorService [http-nio-8080-exec-5] Fetching doctor profile by email: gamestamitaoe@gmail.com
2026-05-02 17:28:22,987 INFO c.s.b.s.b.s.j.JwtAuthenticationFilter [http-nio-8080-exec-1] JWT validated successfully for context user: gamestamitaoe@gmail.com
2026-05-02 17:28:22,989 INFO c.s.b.s.b.p.c.PrescriptionController [http-nio-8080-exec-1] Fetching prescriptions for doctor ID: DOC-3161d822
2026-05-02 17:28:23,195 INFO c.s.b.s.b.s.j.JwtAuthenticationFilter [http-nio-8080-exec-8] JWT validated successfully for context user: gamestamitaoe@gmail.com
2026-05-02 17:28:23,197 INFO c.s.b.s.b.d.c.DoctorController [http-nio-8080-exec-8] Received request to fetch doctor by email: gamestamitaoe@gmail.com
2026-05-02 17:28:23,199 INFO c.s.b.s.b.d.s.DoctorService [http-nio-8080-exec-8] Fetching doctor profile by email: gamestamitaoe@gmail.com
2026-05-02 17:28:23,239 INFO c.s.b.s.b.s.j.JwtAuthenticationFilter [http-nio-8080-exec-7] JWT validated successfully for context user: gamestamitaoe@gmail.com
2026-05-02 17:28:23,243 INFO c.s.b.s.b.d.c.DoctorController [http-nio-8080-exec-7] Received request to fetch doctor by email: gamestamitaoe@gmail.com
2026-05-02 17:28:23,244 INFO c.s.b.s.b.d.s.DoctorService [http-nio-8080-exec-7] Fetching doctor profile by email: gamestamitaoe@gmail.com
2026-05-02 17:28:23,690 INFO c.s.b.s.b.s.j.JwtAuthenticationFilter [http-nio-8080-exec-6] JWT validated successfully for context user: gamestamitaoe@gmail.com
2026-05-02 17:28:23,693 INFO c.s.b.s.b.d.c.DoctorController [http-nio-8080-exec-6] Received request to fetch doctor by email: gamestamitaoe@gmail.com
2026-05-02 17:28:23,696 INFO c.s.b.s.b.d.s.DoctorService [http-nio-8080-exec-6] Fetching doctor profile by email: gamestamitaoe@gmail.com
2026-05-02 17:28:23,730 INFO c.s.b.s.b.s.j.JwtAuthenticationFilter [http-nio-8080-exec-10] JWT validated successfully for context user: gamestamitaoe@gmail.com
2026-05-02 17:28:23,734 INFO c.s.b.s.b.d.c.DoctorController [http-nio-8080-exec-10] Received request to fetch doctor by email: gamestamitaoe@gmail.com
2026-05-02 17:28:23,734 INFO c.s.b.s.b.d.s.DoctorService [http-nio-8080-exec-10] Fetching doctor profile by email: gamestamitaoe@gmail.com
2026-05-02 17:28:23,765 INFO c.s.b.s.b.s.j.JwtAuthenticationFilter [http-nio-8080-exec-2] JWT validated successfully for context user: gamestamitaoe@gmail.com
2026-05-02 17:28:23,772 INFO c.s.b.s.b.s.j.JwtAuthenticationFilter [http-nio-8080-exec-3] JWT validated successfully for context user: gamestamitaoe@gmail.com
2026-05-02 17:28:23,772 INFO c.s.b.s.b.d.c.DoctorController [http-nio-8080-exec-2] Received request to fetch doctor by email: gamestamitaoe@gmail.com
2026-05-02 17:28:23,772 INFO c.s.b.s.b.d.s.DoctorService [http-nio-8080-exec-2] Fetching doctor profile by email: gamestamitaoe@gmail.com
2026-05-02 17:28:23,774 INFO c.s.b.s.b.p.c.PrescriptionController [http-nio-8080-exec-3] Fetching prescriptions for doctor ID: DOC-3161d822
2026-05-02 17:28:23,808 INFO c.s.b.s.b.s.j.JwtAuthenticationFilter [http-nio-8080-exec-9] JWT validated successfully for context user: gamestamitaoe@gmail.com
2026-05-02 17:28:23,808 INFO c.s.b.s.b.d.c.DoctorController [http-nio-8080-exec-9] Received request to fetch doctor by email: gamestamitaoe@gmail.com
2026-05-02 17:28:23,812 INFO c.s.b.s.b.d.s.DoctorService [http-nio-8080-exec-9] Fetching doctor profile by email: gamestamitaoe@gmail.com
2026-05-02 17:28:23,859 INFO c.s.b.s.b.s.j.JwtAuthenticationFilter [http-nio-8080-exec-4] JWT validated successfully for context user: gamestamitaoe@gmail.com
2026-05-02 17:28:23,862 INFO c.s.b.s.b.p.c.PrescriptionController [http-nio-8080-exec-4] Fetching prescriptions for doctor ID: DOC-3161d822
2026-05-02 17:28:24,063 INFO c.s.b.s.b.s.j.JwtAuthenticationFilter [http-nio-8080-exec-1] JWT validated successfully for context user: gamestamitaoe@gmail.com
2026-05-02 17:28:24,063 INFO c.s.b.s.b.s.j.JwtAuthenticationFilter [http-nio-8080-exec-5] JWT validated successfully for context user: gamestamitaoe@gmail.com
2026-05-02 17:28:24,066 INFO c.s.b.s.b.d.c.DoctorController [http-nio-8080-exec-1] Received request to fetch doctor by email: gamestamitaoe@gmail.com
2026-05-02 17:28:24,066 INFO c.s.b.s.b.p.c.PrescriptionController [http-nio-8080-exec-5] Fetching prescriptions for doctor ID: DOC-3161d822
2026-05-02 17:28:24,074 INFO c.s.b.s.b.d.s.DoctorService [http-nio-8080-exec-1] Fetching doctor profile by email: gamestamitaoe@gmail.com
2026-05-02 17:28:24,109 INFO c.s.b.s.b.s.j.JwtAuthenticationFilter [http-nio-8080-exec-7] JWT validated successfully for context user: gamestamitaoe@gmail.com
2026-05-02 17:28:24,111 INFO c.s.b.s.b.s.j.JwtAuthenticationFilter [http-nio-8080-exec-8] JWT validated successfully for context user: gamestamitaoe@gmail.com
2026-05-02 17:28:24,111 INFO c.s.b.s.b.p.c.PrescriptionController [http-nio-8080-exec-7] Fetching prescriptions for doctor ID: DOC-3161d822
2026-05-02 17:28:24,111 INFO c.s.b.s.b.d.c.DoctorController [http-nio-8080-exec-8] Received request to fetch doctor by email: gamestamitaoe@gmail.com
2026-05-02 17:28:24,117 INFO c.s.b.s.b.d.s.DoctorService [http-nio-8080-exec-8] Fetching doctor profile by email: gamestamitaoe@gmail.com
2026-05-02 17:28:25,016 INFO c.s.b.s.b.s.j.JwtAuthenticationFilter [http-nio-8080-exec-6] JWT validated successfully for context user: gamestamitaoe@gmail.com
2026-05-02 17:28:25,016 INFO c.s.b.s.b.d.c.DoctorController [http-nio-8080-exec-6] Received request to fetch doctor by email: gamestamitaoe@gmail.com
2026-05-02 17:28:25,016 INFO c.s.b.s.b.d.s.DoctorService [http-nio-8080-exec-6] Fetching doctor profile by email: gamestamitaoe@gmail.com
2026-05-02 17:28:25,052 INFO c.s.b.s.b.s.j.JwtAuthenticationFilter [http-nio-8080-exec-10] JWT validated successfully for context user: gamestamitaoe@gmail.com
2026-05-02 17:28:25,064 INFO c.s.b.s.b.d.c.DoctorController [http-nio-8080-exec-10] Received request to fetch doctor by email: gamestamitaoe@gmail.com
2026-05-02 17:28:25,065 INFO c.s.b.s.b.d.s.DoctorService [http-nio-8080-exec-10] Fetching doctor profile by email: gamestamitaoe@gmail.com
2026-05-02 17:28:25,416 INFO c.s.b.s.b.s.j.JwtAuthenticationFilter [http-nio-8080-exec-2] JWT validated successfully for context user: gamestamitaoe@gmail.com
2026-05-02 17:28:25,425 INFO c.s.b.s.b.d.c.DoctorController [http-nio-8080-exec-2] Received request to fetch doctor by email: gamestamitaoe@gmail.com
2026-05-02 17:28:25,425 INFO c.s.b.s.b.d.s.DoctorService [http-nio-8080-exec-2] Fetching doctor profile by email: gamestamitaoe@gmail.com
2026-05-02 17:28:25,452 INFO c.s.b.s.b.s.j.JwtAuthenticationFilter [http-nio-8080-exec-3] JWT validated successfully for context user: gamestamitaoe@gmail.com
2026-05-02 17:28:25,454 INFO c.s.b.s.b.d.c.DoctorController [http-nio-8080-exec-3] Received request to fetch doctor by email: gamestamitaoe@gmail.com
2026-05-02 17:28:25,456 INFO c.s.b.s.b.d.s.DoctorService [http-nio-8080-exec-3] Fetching doctor profile by email: gamestamitaoe@gmail.com
2026-05-02 17:28:25,492 INFO c.s.b.s.b.s.j.JwtAuthenticationFilter [http-nio-8080-exec-9] JWT validated successfully for context user: gamestamitaoe@gmail.com
2026-05-02 17:28:25,492 INFO c.s.b.s.b.s.j.JwtAuthenticationFilter [http-nio-8080-exec-4] JWT validated successfully for context user: gamestamitaoe@gmail.com
2026-05-02 17:28:25,497 INFO c.s.b.s.b.d.c.DoctorController [http-nio-8080-exec-9] Received request to fetch doctor by email: gamestamitaoe@gmail.com
2026-05-02 17:28:25,497 INFO c.s.b.s.b.p.c.PrescriptionController [http-nio-8080-exec-4] Fetching prescriptions for doctor ID: DOC-3161d822
2026-05-02 17:28:25,498 INFO c.s.b.s.b.d.s.DoctorService [http-nio-8080-exec-9] Fetching doctor profile by email: gamestamitaoe@gmail.com
2026-05-02 17:28:25,540 INFO c.s.b.s.b.s.j.JwtAuthenticationFilter [http-nio-8080-exec-1] JWT validated successfully for context user: gamestamitaoe@gmail.com
2026-05-02 17:28:25,543 INFO c.s.b.s.b.d.c.DoctorController [http-nio-8080-exec-1] Received request to fetch doctor by email: gamestamitaoe@gmail.com
2026-05-02 17:28:25,547 INFO c.s.b.s.b.d.s.DoctorService [http-nio-8080-exec-1] Fetching doctor profile by email: gamestamitaoe@gmail.com
2026-05-02 17:28:25,664 INFO c.s.b.s.b.s.j.JwtAuthenticationFilter [http-nio-8080-exec-5] JWT validated successfully for context user: gamestamitaoe@gmail.com
2026-05-02 17:28:25,675 INFO c.s.b.s.b.p.c.PrescriptionController [http-nio-8080-exec-5] Fetching prescriptions for doctor ID: DOC-3161d822
2026-05-02 17:28:27,528 INFO c.s.b.s.b.s.j.JwtAuthenticationFilter [http-nio-8080-exec-6] JWT validated successfully for context user: gamestamitaoe@gmail.com
2026-05-02 17:28:27,530 INFO c.s.b.s.b.d.c.DoctorController [http-nio-8080-exec-6] Received request to fetch doctor by email: gamestamitaoe@gmail.com
2026-05-02 17:28:27,530 INFO c.s.b.s.b.d.s.DoctorService [http-nio-8080-exec-6] Fetching doctor profile by email: gamestamitaoe@gmail.com
2026-05-02 17:28:27,578 INFO c.s.b.s.b.s.j.JwtAuthenticationFilter [http-nio-8080-exec-10] JWT validated successfully for context user: gamestamitaoe@gmail.com
2026-05-02 17:28:27,584 INFO c.s.b.s.b.d.c.DoctorController [http-nio-8080-exec-10] Received request to fetch doctor by email: gamestamitaoe@gmail.com
2026-05-02 17:28:27,584 INFO c.s.b.s.b.d.s.DoctorService [http-nio-8080-exec-10] Fetching doctor profile by email: gamestamitaoe@gmail.com
2026-05-02 17:28:28,053 INFO c.s.b.s.b.s.j.JwtAuthenticationFilter [http-nio-8080-exec-9] JWT validated successfully for context user: gamestamitaoe@gmail.com
2026-05-02 17:28:28,053 INFO c.s.b.s.b.s.j.JwtAuthenticationFilter [http-nio-8080-exec-4] JWT validated successfully for context user: gamestamitaoe@gmail.com
2026-05-02 17:28:28,057 INFO c.s.b.s.b.d.c.DoctorController [http-nio-8080-exec-9] Received request to fetch doctor by email: gamestamitaoe@gmail.com
2026-05-02 17:28:28,057 INFO c.s.b.s.b.p.c.PrescriptionController [http-nio-8080-exec-4] Fetching prescriptions for doctor ID: DOC-3161d822
2026-05-02 17:28:28,057 INFO c.s.b.s.b.d.s.DoctorService [http-nio-8080-exec-9] Fetching doctor profile by email: gamestamitaoe@gmail.com
2026-05-02 17:28:28,087 INFO c.s.b.s.b.s.j.JwtAuthenticationFilter [http-nio-8080-exec-1] JWT validated successfully for context user: gamestamitaoe@gmail.com
2026-05-02 17:28:28,090 INFO c.s.b.s.b.d.c.DoctorController [http-nio-8080-exec-1] Received request to fetch doctor by email: gamestamitaoe@gmail.com
2026-05-02 17:28:28,092 INFO c.s.b.s.b.s.j.JwtAuthenticationFilter [http-nio-8080-exec-5] JWT validated successfully for context user: gamestamitaoe@gmail.com
2026-05-02 17:28:28,091 INFO c.s.b.s.b.d.s.DoctorService [http-nio-8080-exec-1] Fetching doctor profile by email: gamestamitaoe@gmail.com
2026-05-02 17:28:28,094 INFO c.s.b.s.b.p.c.PrescriptionController [http-nio-8080-exec-5] Fetching prescriptions for doctor ID: DOC-3161d822
2026-05-02 17:28:28,525 INFO c.s.b.s.b.s.j.JwtAuthenticationFilter [http-nio-8080-exec-7] JWT validated successfully for context user: gamestamitaoe@gmail.com
2026-05-02 17:28:28,529 INFO c.s.b.s.b.d.c.DoctorController [http-nio-8080-exec-7] Received request to fetch doctor by email: gamestamitaoe@gmail.com
2026-05-02 17:28:28,530 INFO c.s.b.s.b.d.s.DoctorService [http-nio-8080-exec-7] Fetching doctor profile by email: gamestamitaoe@gmail.com
2026-05-02 17:28:28,562 INFO c.s.b.s.b.s.j.JwtAuthenticationFilter [http-nio-8080-exec-8] JWT validated successfully for context user: gamestamitaoe@gmail.com
2026-05-02 17:28:28,563 INFO c.s.b.s.b.d.c.DoctorController [http-nio-8080-exec-8] Received request to fetch doctor by email: gamestamitaoe@gmail.com
2026-05-02 17:28:28,576 INFO c.s.b.s.b.d.s.DoctorService [http-nio-8080-exec-8] Fetching doctor profile by email: gamestamitaoe@gmail.com
2026-05-02 17:28:29,084 INFO c.s.b.s.b.s.j.JwtAuthenticationFilter [http-nio-8080-exec-6] JWT validated successfully for context user: gamestamitaoe@gmail.com
2026-05-02 17:28:29,089 INFO c.s.b.s.b.d.c.DoctorController [http-nio-8080-exec-6] Received request to fetch doctor by email: gamestamitaoe@gmail.com
2026-05-02 17:28:29,089 INFO c.s.b.s.b.d.s.DoctorService [http-nio-8080-exec-6] Fetching doctor profile by email: gamestamitaoe@gmail.com
2026-05-02 17:28:29,117 INFO c.s.b.s.b.s.j.JwtAuthenticationFilter [http-nio-8080-exec-10] JWT validated successfully for context user: gamestamitaoe@gmail.com
2026-05-02 17:28:29,117 INFO c.s.b.s.b.d.c.DoctorController [http-nio-8080-exec-10] Received request to fetch doctor by email: gamestamitaoe@gmail.com
2026-05-02 17:28:29,122 INFO c.s.b.s.b.d.s.DoctorService [http-nio-8080-exec-10] Fetching doctor profile by email: gamestamitaoe@gmail.com
2026-05-02 17:28:29,150 INFO c.s.b.s.b.s.j.JwtAuthenticationFilter [http-nio-8080-exec-3] JWT validated successfully for context user: gamestamitaoe@gmail.com
2026-05-02 17:28:29,152 INFO c.s.b.s.b.d.c.DoctorController [http-nio-8080-exec-3] Received request to fetch doctor by email: gamestamitaoe@gmail.com
2026-05-02 17:28:29,160 INFO c.s.b.s.b.d.s.DoctorService [http-nio-8080-exec-3] Fetching doctor profile by email: gamestamitaoe@gmail.com
2026-05-02 17:28:29,199 INFO c.s.b.s.b.s.j.JwtAuthenticationFilter [http-nio-8080-exec-2] JWT validated successfully for context user: gamestamitaoe@gmail.com
2026-05-02 17:28:29,205 INFO c.s.b.s.b.d.c.DoctorController [http-nio-8080-exec-2] Received request to fetch doctor by email: gamestamitaoe@gmail.com
2026-05-02 17:28:29,205 INFO c.s.b.s.b.d.s.DoctorService [http-nio-8080-exec-2] Fetching doctor profile by email: gamestamitaoe@gmail.com
2026-05-02 17:28:30,006 INFO c.s.b.s.b.s.j.JwtAuthenticationFilter [http-nio-8080-exec-9] JWT validated successfully for context user: gamestamitaoe@gmail.com
2026-05-02 17:28:30,006 INFO c.s.b.s.b.d.c.DoctorController [http-nio-8080-exec-9] Received request to fetch doctor by email: gamestamitaoe@gmail.com
2026-05-02 17:28:30,014 INFO c.s.b.s.b.d.s.DoctorService [http-nio-8080-exec-9] Fetching doctor profile by email: gamestamitaoe@gmail.com
2026-05-02 17:28:30,043 INFO c.s.b.s.b.s.j.JwtAuthenticationFilter [http-nio-8080-exec-4] JWT validated successfully for context user: gamestamitaoe@gmail.com
2026-05-02 17:28:30,049 INFO c.s.b.s.b.d.c.DoctorController [http-nio-8080-exec-4] Received request to fetch doctor by email: gamestamitaoe@gmail.com
2026-05-02 17:28:30,050 INFO c.s.b.s.b.d.s.DoctorService [http-nio-8080-exec-4] Fetching doctor profile by email: gamestamitaoe@gmail.com
2026-05-02 17:28:34,155 INFO c.s.b.s.b.s.j.JwtAuthenticationFilter [http-nio-8080-exec-7] JWT validated successfully for context user: prescribe.services@gmail.com
2026-05-02 17:28:34,163 INFO c.s.b.s.b.d.c.AdminController [http-nio-8080-exec-7] Admin requesting all doctors list
2026-05-02 17:28:34,165 INFO c.s.b.s.b.d.s.DoctorService [http-nio-8080-exec-7] Fetching all doctors
2026-05-02 17:28:34,215 INFO c.s.b.s.b.s.j.JwtAuthenticationFilter [http-nio-8080-exec-8] JWT validated successfully for context user: prescribe.services@gmail.com
2026-05-02 17:28:34,215 INFO c.s.b.s.b.d.c.AdminController [http-nio-8080-exec-8] Admin requesting all doctors list
2026-05-02 17:28:34,215 INFO c.s.b.s.b.d.s.DoctorService [http-nio-8080-exec-8] Fetching all doctors
2026-05-02 17:28:34,614 INFO c.s.b.s.b.s.j.JwtAuthenticationFilter [http-nio-8080-exec-3] JWT validated successfully for context user: prescribe.services@gmail.com
2026-05-02 17:28:34,625 INFO c.s.b.s.b.d.c.AdminController [http-nio-8080-exec-3] Admin requesting all patients list
2026-05-02 17:28:34,625 INFO c.s.b.s.b.p.s.PatientService [http-nio-8080-exec-3] Fetching all patients
2026-05-02 17:28:34,677 INFO c.s.b.s.b.s.j.JwtAuthenticationFilter [http-nio-8080-exec-2] JWT validated successfully for context user: prescribe.services@gmail.com
2026-05-02 17:28:34,680 INFO c.s.b.s.b.d.c.AdminController [http-nio-8080-exec-2] Admin requesting all patients list
2026-05-02 17:28:34,682 INFO c.s.b.s.b.p.s.PatientService [http-nio-8080-exec-2] Fetching all patients
2026-05-02 17:28:46,052 INFO c.s.b.s.b.s.j.JwtAuthenticationFilter [http-nio-8080-exec-4] JWT validated successfully for context user: gamestamitaoe@gmail.com
2026-05-02 17:28:46,056 INFO c.s.b.s.b.a.c.AccessOtpController [http-nio-8080-exec-4] POST /api/access/request-otp - doctor: DOC-3161d822, patient: PAT-2026-0001
2026-05-02 17:28:46,102 INFO c.s.b.s.b.a.s.AccessOtpService [http-nio-8080-exec-4] OTP generated for doctor DOC-3161d822 requesting access to patient PAT-2026-0001. Expires at 2026-05-02T17:30:46.098825
2026-05-02 17:28:46,104 INFO c.s.b.s.b.s.s.EmailService [http-nio-8080-exec-4] Sending email to pranavparalkar21@gmail.com with subject Medical Records Access Request
2026-05-02 17:28:51,182 INFO c.s.b.s.b.s.s.EmailService [http-nio-8080-exec-4] Email sent successfully to pranavparalkar21@gmail.com
2026-05-02 17:28:51,184 INFO c.s.b.s.b.a.s.AccessOtpService [http-nio-8080-exec-4] Sent access OTP email to pranavparalkar21@gmail.com
2026-05-02 17:29:04,157 INFO c.s.b.s.b.s.j.JwtAuthenticationFilter [http-nio-8080-exec-5] JWT validated successfully for context user: gamestamitaoe@gmail.com
2026-05-02 17:29:04,175 INFO c.s.b.s.b.a.c.AccessOtpController [http-nio-8080-exec-5] POST /api/access/verify-otp - doctor: DOC-3161d822, patient: PAT-2026-0001
2026-05-02 17:29:04,232 INFO c.s.b.s.b.a.s.AccessOtpService [http-nio-8080-exec-5] OTP verified. Doctor DOC-3161d822 accessed 0 documents for patient PAT-2026-0001 (category: DERMATOLOGY)
2026-05-02 17:29:13,732 INFO c.s.b.s.b.s.j.JwtAuthenticationFilter [http-nio-8080-exec-10] JWT validated successfully for context user: prescribe.services@gmail.com
2026-05-02 17:29:13,733 INFO c.s.b.s.b.d.c.AdminController [http-nio-8080-exec-10] Admin requesting pending doctors list
2026-05-02 17:29:13,738 INFO c.s.b.s.b.d.s.DoctorService [http-nio-8080-exec-10] Fetching all pending doctors
2026-05-02 17:29:13,787 INFO c.s.b.s.b.s.j.JwtAuthenticationFilter [http-nio-8080-exec-6] JWT validated successfully for context user: prescribe.services@gmail.com
2026-05-02 17:29:13,791 INFO c.s.b.s.b.d.c.AdminController [http-nio-8080-exec-6] Admin requesting pending doctors list
2026-05-02 17:29:13,793 INFO c.s.b.s.b.d.s.DoctorService [http-nio-8080-exec-6] Fetching all pending doctors
2026-05-02 17:29:54,909 INFO c.s.b.s.b.s.c.AuthController [http-nio-8080-exec-1] Requesting OTP for email: pranavparalkar21@gmail.com
2026-05-02 17:29:54,937 INFO c.s.b.s.b.s.s.EmailService [http-nio-8080-exec-1] Sending OTP email to pranavparalkar21@gmail.com
2026-05-02 17:30:00,094 INFO c.s.b.s.b.s.s.EmailService [http-nio-8080-exec-1] OTP email sent successfully to pranavparalkar21@gmail.com
2026-05-02 17:30:13,466 INFO c.s.b.s.b.s.c.AuthController [http-nio-8080-exec-7] Verifying OTP for email: pranavparalkar21@gmail.com
2026-05-02 17:30:13,484 INFO c.s.b.s.b.s.c.AuthController [http-nio-8080-exec-7] Successfully authenticated user via OTP: pranavparalkar21@gmail.com
2026-05-02 17:30:13,505 INFO c.s.b.s.b.s.j.JwtAuthenticationFilter [http-nio-8080-exec-6] JWT validated successfully for context user: pranavparalkar21@gmail.com
2026-05-02 17:30:13,511 INFO c.s.b.s.b.p.c.PatientController [http-nio-8080-exec-6] Received request to fetch patient by email: pranavparalkar21@gmail.com
2026-05-02 17:30:13,511 INFO c.s.b.s.b.p.s.PatientService [http-nio-8080-exec-6] Fetching patient profile by email: pranavparalkar21@gmail.com
2026-05-02 17:30:13,599 INFO c.s.b.s.b.s.j.JwtAuthenticationFilter [http-nio-8080-exec-8] JWT validated successfully for context user: pranavparalkar21@gmail.com
2026-05-02 17:30:13,599 INFO c.s.b.s.b.s.j.JwtAuthenticationFilter [http-nio-8080-exec-7] JWT validated successfully for context user: pranavparalkar21@gmail.com
2026-05-02 17:30:13,601 INFO c.s.b.s.b.s.j.JwtAuthenticationFilter [http-nio-8080-exec-6] JWT validated successfully for context user: pranavparalkar21@gmail.com
2026-05-02 17:30:13,602 INFO c.s.b.s.b.p.c.PrescriptionController [http-nio-8080-exec-7] Fetching prescriptions for patient ID: PAT-2026-0001
2026-05-02 17:30:13,602 INFO c.s.b.s.b.s.c.SubscriptionController [http-nio-8080-exec-8] GET /api/subscription/status for patient: PAT-2026-0001
2026-05-02 17:30:13,605 INFO c.s.b.s.b.a.c.AccessOtpController [http-nio-8080-exec-6] GET /api/access/pending-otp - patient: PAT-2026-0001
2026-05-02 17:30:13,605 INFO c.s.b.s.b.s.s.SubscriptionService [http-nio-8080-exec-8] Fetching subscription status for patient: PAT-2026-0001
2026-05-02 17:30:13,686 INFO c.s.b.s.b.s.j.JwtAuthenticationFilter [http-nio-8080-exec-2] JWT validated successfully for context user: pranavparalkar21@gmail.com
2026-05-02 17:30:13,692 INFO c.s.b.s.b.p.c.PrescriptionController [http-nio-8080-exec-2] Fetching prescriptions for patient ID: PAT-2026-0001
2026-05-02 17:30:13,698 INFO c.s.b.s.b.s.j.JwtAuthenticationFilter [http-nio-8080-exec-3] JWT validated successfully for context user: pranavparalkar21@gmail.com
2026-05-02 17:30:13,698 INFO c.s.b.s.b.s.j.JwtAuthenticationFilter [http-nio-8080-exec-5] JWT validated successfully for context user: pranavparalkar21@gmail.com
2026-05-02 17:30:13,703 INFO c.s.b.s.b.a.c.AccessOtpController [http-nio-8080-exec-3] GET /api/access/pending-otp - patient: PAT-2026-0001
2026-05-02 17:30:13,703 INFO c.s.b.s.b.s.c.SubscriptionController [http-nio-8080-exec-5] GET /api/subscription/status for patient: PAT-2026-0001
2026-05-02 17:30:13,703 INFO c.s.b.s.b.s.s.SubscriptionService [http-nio-8080-exec-5] Fetching subscription status for patient: PAT-2026-0001
2026-05-02 17:30:13,752 INFO c.s.b.s.b.s.j.JwtAuthenticationFilter [http-nio-8080-exec-1] JWT validated successfully for context user: pranavparalkar21@gmail.com
2026-05-02 17:30:13,761 INFO c.s.b.s.b.s.c.SubscriptionController [http-nio-8080-exec-1] GET /api/subscription/status for patient: PAT-2026-0001
2026-05-02 17:30:13,761 INFO c.s.b.s.b.s.s.SubscriptionService [http-nio-8080-exec-1] Fetching subscription status for patient: PAT-2026-0001
2026-05-02 17:30:13,845 INFO c.s.b.s.b.s.j.JwtAuthenticationFilter [http-nio-8080-exec-4] JWT validated successfully for context user: pranavparalkar21@gmail.com
2026-05-02 17:30:13,849 INFO c.s.b.s.b.s.c.SubscriptionController [http-nio-8080-exec-4] GET /api/subscription/status for patient: PAT-2026-0001
2026-05-02 17:30:13,849 INFO c.s.b.s.b.s.s.SubscriptionService [http-nio-8080-exec-4] Fetching subscription status for patient: PAT-2026-0001
2026-05-02 17:30:16,686 INFO c.s.b.s.b.s.j.JwtAuthenticationFilter [http-nio-8080-exec-6] JWT validated successfully for context user: pranavparalkar21@gmail.com
2026-05-02 17:30:16,687 INFO c.s.b.s.b.s.j.JwtAuthenticationFilter [http-nio-8080-exec-3] JWT validated successfully for context user: pranavparalkar21@gmail.com
2026-05-02 17:30:16,691 INFO c.s.b.s.b.s.c.SubscriptionController [http-nio-8080-exec-6] GET /api/subscription/status for patient: PAT-2026-0001
2026-05-02 17:30:16,694 INFO c.s.b.s.b.d.c.PatientDocumentController [http-nio-8080-exec-3] GET /api/documents - patient: PAT-2026-0001, category: null
2026-05-02 17:30:16,694 INFO c.s.b.s.b.s.s.SubscriptionService [http-nio-8080-exec-6] Fetching subscription status for patient: PAT-2026-0001
2026-05-02 17:30:16,725 INFO c.s.b.s.b.s.j.JwtAuthenticationFilter [http-nio-8080-exec-2] JWT validated successfully for context user: pranavparalkar21@gmail.com
2026-05-02 17:30:16,731 INFO c.s.b.s.b.s.c.SubscriptionController [http-nio-8080-exec-2] GET /api/subscription/status for patient: PAT-2026-0001
2026-05-02 17:30:16,732 INFO c.s.b.s.b.s.j.JwtAuthenticationFilter [http-nio-8080-exec-5] JWT validated successfully for context user: pranavparalkar21@gmail.com
2026-05-02 17:30:16,732 INFO c.s.b.s.b.s.s.SubscriptionService [http-nio-8080-exec-2] Fetching subscription status for patient: PAT-2026-0001
2026-05-02 17:30:16,737 INFO c.s.b.s.b.d.c.PatientDocumentController [http-nio-8080-exec-5] GET /api/documents - patient: PAT-2026-0001, category: null
2026-05-02 17:30:16,769 INFO c.s.b.s.b.s.j.JwtAuthenticationFilter [http-nio-8080-exec-1] JWT validated successfully for context user: pranavparalkar21@gmail.com
2026-05-02 17:30:16,769 INFO c.s.b.s.b.s.c.SubscriptionController [http-nio-8080-exec-1] GET /api/subscription/status for patient: PAT-2026-0001
2026-05-02 17:30:16,772 INFO c.s.b.s.b.s.s.SubscriptionService [http-nio-8080-exec-1] Fetching subscription status for patient: PAT-2026-0001
2026-05-02 17:30:16,798 INFO c.s.b.s.b.s.j.JwtAuthenticationFilter [http-nio-8080-exec-4] JWT validated successfully for context user: pranavparalkar21@gmail.com
2026-05-02 17:30:16,798 INFO c.s.b.s.b.s.c.SubscriptionController [http-nio-8080-exec-4] GET /api/subscription/status for patient: PAT-2026-0001
2026-05-02 17:30:16,802 INFO c.s.b.s.b.s.s.SubscriptionService [http-nio-8080-exec-4] Fetching subscription status for patient: PAT-2026-0001
2026-05-02 17:30:17,610 INFO c.s.b.s.b.s.j.JwtAuthenticationFilter [http-nio-8080-exec-10] JWT validated successfully for context user: pranavparalkar21@gmail.com
2026-05-02 17:30:17,610 INFO c.s.b.s.b.s.j.JwtAuthenticationFilter [http-nio-8080-exec-9] JWT validated successfully for context user: pranavparalkar21@gmail.com
2026-05-02 17:30:17,612 INFO c.s.b.s.b.p.c.PatientController [http-nio-8080-exec-10] Received request to fetch patient by email: pranavparalkar21@gmail.com
2026-05-02 17:30:17,615 INFO c.s.b.s.b.s.c.SubscriptionController [http-nio-8080-exec-9] GET /api/subscription/status for patient: PAT-2026-0001
2026-05-02 17:30:17,617 INFO c.s.b.s.b.p.s.PatientService [http-nio-8080-exec-10] Fetching patient profile by email: pranavparalkar21@gmail.com
2026-05-02 17:30:17,617 INFO c.s.b.s.b.s.s.SubscriptionService [http-nio-8080-exec-9] Fetching subscription status for patient: PAT-2026-0001
2026-05-02 17:30:17,644 INFO c.s.b.s.b.s.j.JwtAuthenticationFilter [http-nio-8080-exec-7] JWT validated successfully for context user: pranavparalkar21@gmail.com
2026-05-02 17:30:17,647 INFO c.s.b.s.b.s.j.JwtAuthenticationFilter [http-nio-8080-exec-8] JWT validated successfully for context user: pranavparalkar21@gmail.com
2026-05-02 17:30:17,649 INFO c.s.b.s.b.p.c.PatientController [http-nio-8080-exec-7] Received request to fetch patient by email: pranavparalkar21@gmail.com
2026-05-02 17:30:17,649 INFO c.s.b.s.b.s.c.SubscriptionController [http-nio-8080-exec-8] GET /api/subscription/status for patient: PAT-2026-0001
2026-05-02 17:30:17,650 INFO c.s.b.s.b.p.s.PatientService [http-nio-8080-exec-7] Fetching patient profile by email: pranavparalkar21@gmail.com
2026-05-02 17:30:17,650 INFO c.s.b.s.b.s.s.SubscriptionService [http-nio-8080-exec-8] Fetching subscription status for patient: PAT-2026-0001
2026-05-02 17:30:18,110 INFO c.s.b.s.b.s.j.JwtAuthenticationFilter [http-nio-8080-exec-6] JWT validated successfully for context user: pranavparalkar21@gmail.com
2026-05-02 17:30:18,110 INFO c.s.b.s.b.s.j.JwtAuthenticationFilter [http-nio-8080-exec-3] JWT validated successfully for context user: pranavparalkar21@gmail.com
2026-05-02 17:30:18,113 INFO c.s.b.s.b.s.c.SubscriptionController [http-nio-8080-exec-3] GET /api/subscription/status for patient: PAT-2026-0001
2026-05-02 17:30:18,113 INFO c.s.b.s.b.d.c.PatientDocumentController [http-nio-8080-exec-6] GET /api/documents - patient: PAT-2026-0001, category: null
2026-05-02 17:30:18,113 INFO c.s.b.s.b.s.s.SubscriptionService [http-nio-8080-exec-3] Fetching subscription status for patient: PAT-2026-0001
2026-05-02 17:30:18,152 INFO c.s.b.s.b.s.j.JwtAuthenticationFilter [http-nio-8080-exec-5] JWT validated successfully for context user: pranavparalkar21@gmail.com
2026-05-02 17:30:18,152 INFO c.s.b.s.b.s.j.JwtAuthenticationFilter [http-nio-8080-exec-2] JWT validated successfully for context user: pranavparalkar21@gmail.com
2026-05-02 17:30:18,157 INFO c.s.b.s.b.s.c.SubscriptionController [http-nio-8080-exec-5] GET /api/subscription/status for patient: PAT-2026-0001
2026-05-02 17:30:18,157 INFO c.s.b.s.b.d.c.PatientDocumentController [http-nio-8080-exec-2] GET /api/documents - patient: PAT-2026-0001, category: null
2026-05-02 17:30:18,157 INFO c.s.b.s.b.s.s.SubscriptionService [http-nio-8080-exec-5] Fetching subscription status for patient: PAT-2026-0001
2026-05-02 17:30:18,211 INFO c.s.b.s.b.s.j.JwtAuthenticationFilter [http-nio-8080-exec-1] JWT validated successfully for context user: pranavparalkar21@gmail.com
2026-05-02 17:30:18,216 INFO c.s.b.s.b.s.c.SubscriptionController [http-nio-8080-exec-1] GET /api/subscription/status for patient: PAT-2026-0001
2026-05-02 17:30:18,217 INFO c.s.b.s.b.s.s.SubscriptionService [http-nio-8080-exec-1] Fetching subscription status for patient: PAT-2026-0001
2026-05-02 17:30:18,249 INFO c.s.b.s.b.s.j.JwtAuthenticationFilter [http-nio-8080-exec-4] JWT validated successfully for context user: pranavparalkar21@gmail.com
2026-05-02 17:30:18,252 INFO c.s.b.s.b.s.c.SubscriptionController [http-nio-8080-exec-4] GET /api/subscription/status for patient: PAT-2026-0001
2026-05-02 17:30:18,252 INFO c.s.b.s.b.s.s.SubscriptionService [http-nio-8080-exec-4] Fetching subscription status for patient: PAT-2026-0001
2026-05-02 17:30:19,525 INFO c.s.b.s.b.s.j.JwtAuthenticationFilter [http-nio-8080-exec-9] JWT validated successfully for context user: pranavparalkar21@gmail.com
2026-05-02 17:30:19,530 INFO c.s.b.s.b.d.c.PatientDocumentController [http-nio-8080-exec-9] GET /api/documents - patient: PAT-2026-0001, category: DERMATOLOGY
2026-05-02 17:30:38,611 INFO c.s.b.s.b.s.j.JwtAuthenticationFilter [http-nio-8080-exec-8] JWT validated successfully for context user: pranavparalkar21@gmail.com
2026-05-02 17:30:38,652 INFO c.s.b.s.b.d.c.PatientDocumentController [http-nio-8080-exec-8] POST /api/documents/upload - patient: PAT-2026-0001, category: DERMATOLOGY, file: CoverLetter_Hemut.pdf
2026-05-02 17:30:38,661 INFO c.s.b.s.b.d.s.PatientDocumentService [http-nio-8080-exec-8] Upload request: patientId=PAT-2026-0001, category=DERMATOLOGY, file=CoverLetter_Hemut.pdf
2026-05-02 17:30:38,747 INFO c.s.b.s.b.d.s.S3StorageService [http-nio-8080-exec-8] Uploading file to S3: bucket=prescribe-bucket-new, key=pranavparalkar21pranavparalkar21-PAT-2026-0001/dermatology/98e1fd4c_CoverLetter_Hemut.pdf, storageClass=STANDARD
2026-05-02 17:30:39,518 INFO c.s.b.s.b.d.s.S3StorageService [http-nio-8080-exec-8] Successfully uploaded file to S3: pranavparalkar21pranavparalkar21-PAT-2026-0001/dermatology/98e1fd4c_CoverLetter_Hemut.pdf
2026-05-02 17:30:39,525 INFO c.s.b.s.b.d.s.PatientDocumentService [http-nio-8080-exec-8] Document saved with ID: b9501a7d-e8bb-4faa-9684-7f8dff093dd0
2026-05-02 17:30:39,612 INFO c.s.b.s.b.s.j.JwtAuthenticationFilter [http-nio-8080-exec-5] JWT validated successfully for context user: pranavparalkar21@gmail.com
2026-05-02 17:30:39,612 INFO c.s.b.s.b.s.j.JwtAuthenticationFilter [http-nio-8080-exec-2] JWT validated successfully for context user: pranavparalkar21@gmail.com
2026-05-02 17:30:39,621 INFO c.s.b.s.b.d.c.PatientDocumentController [http-nio-8080-exec-5] GET /api/documents - patient: PAT-2026-0001, category: DERMATOLOGY
2026-05-02 17:30:39,621 INFO c.s.b.s.b.d.c.PatientDocumentController [http-nio-8080-exec-2] GET /api/documents - patient: PAT-2026-0001, category: null
2026-05-02 17:30:43,044 INFO c.s.b.s.b.s.j.JwtAuthenticationFilter [http-nio-8080-exec-10] JWT validated successfully for context user: gamestamitaoe@gmail.com
2026-05-02 17:30:43,047 INFO c.s.b.s.b.d.c.DoctorController [http-nio-8080-exec-10] Received request to fetch doctor by email: gamestamitaoe@gmail.com
2026-05-02 17:30:43,047 INFO c.s.b.s.b.d.s.DoctorService [http-nio-8080-exec-10] Fetching doctor profile by email: gamestamitaoe@gmail.com
2026-05-02 17:30:43,063 INFO c.s.b.s.b.s.j.JwtAuthenticationFilter [http-nio-8080-exec-10] JWT validated successfully for context user: gamestamitaoe@gmail.com
2026-05-02 17:30:43,063 INFO c.s.b.s.b.d.c.DoctorController [http-nio-8080-exec-10] Received request to fetch doctor by email: gamestamitaoe@gmail.com
2026-05-02 17:30:43,063 INFO c.s.b.s.b.d.s.DoctorService [http-nio-8080-exec-10] Fetching doctor profile by email: gamestamitaoe@gmail.com
2026-05-02 17:30:47,699 INFO c.s.b.s.b.s.j.JwtAuthenticationFilter [http-nio-8080-exec-8] JWT validated successfully for context user: gamestamitaoe@gmail.com
2026-05-02 17:30:47,699 INFO c.s.b.s.b.a.c.AccessOtpController [http-nio-8080-exec-8] POST /api/access/request-otp - doctor: DOC-3161d822, patient: PAT-2026-0001
2026-05-02 17:30:47,713 INFO c.s.b.s.b.a.s.AccessOtpService [http-nio-8080-exec-8] OTP generated for doctor DOC-3161d822 requesting access to patient PAT-2026-0001. Expires at 2026-05-02T17:32:47.713489600
2026-05-02 17:30:47,713 INFO c.s.b.s.b.s.s.EmailService [http-nio-8080-exec-8] Sending email to pranavparalkar21@gmail.com with subject Medical Records Access Request
2026-05-02 17:30:53,446 INFO c.s.b.s.b.s.s.EmailService [http-nio-8080-exec-8] Email sent successfully to pranavparalkar21@gmail.com
2026-05-02 17:30:53,448 INFO c.s.b.s.b.a.s.AccessOtpService [http-nio-8080-exec-8] Sent access OTP email to pranavparalkar21@gmail.com
2026-05-02 17:31:00,006 INFO c.s.b.s.b.s.j.JwtAuthenticationFilter [http-nio-8080-exec-3] JWT validated successfully for context user: gamestamitaoe@gmail.com
2026-05-02 17:31:00,006 INFO c.s.b.s.b.a.c.AccessOtpController [http-nio-8080-exec-3] POST /api/access/verify-otp - doctor: DOC-3161d822, patient: PAT-2026-0001
2026-05-02 17:31:00,034 INFO c.s.b.s.b.a.s.AccessOtpService [http-nio-8080-exec-3] OTP verified. Doctor DOC-3161d822 accessed 1 documents for patient PAT-2026-0001 (category: DERMATOLOGY)
2026-05-02 17:31:02,225 INFO c.s.b.s.b.s.j.JwtAuthenticationFilter [http-nio-8080-exec-2] JWT validated successfully for context user: gamestamitaoe@gmail.com
2026-05-02 17:31:02,229 INFO c.s.b.s.b.d.c.PatientDocumentController [http-nio-8080-exec-2] GET /api/documents/b9501a7d-e8bb-4faa-9684-7f8dff093dd0/view-content
2026-05-02 17:31:09,534 INFO c.s.b.s.b.s.j.JwtAuthenticationFilter [http-nio-8080-exec-4] JWT validated successfully for context user: gamestamitaoe@gmail.com
2026-05-02 17:31:09,538 INFO c.s.b.s.b.d.c.PatientDocumentController [http-nio-8080-exec-4] GET /api/documents/b9501a7d-e8bb-4faa-9684-7f8dff093dd0/download
2026-05-02 17:31:17,070 INFO c.s.b.s.b.s.j.JwtAuthenticationFilter [http-nio-8080-exec-2] JWT validated successfully for context user: gamestamitaoe@gmail.com
2026-05-02 17:31:17,072 INFO c.s.b.s.b.d.c.DoctorController [http-nio-8080-exec-2] Received request to fetch doctor by email: gamestamitaoe@gmail.com
2026-05-02 17:31:17,074 INFO c.s.b.s.b.d.s.DoctorService [http-nio-8080-exec-2] Fetching doctor profile by email: gamestamitaoe@gmail.com
2026-05-02 17:31:17,094 INFO c.s.b.s.b.s.j.JwtAuthenticationFilter [http-nio-8080-exec-1] JWT validated successfully for context user: gamestamitaoe@gmail.com
2026-05-02 17:31:17,097 INFO c.s.b.s.b.d.c.DoctorController [http-nio-8080-exec-1] Received request to fetch doctor by email: gamestamitaoe@gmail.com
2026-05-02 17:31:17,098 INFO c.s.b.s.b.d.s.DoctorService [http-nio-8080-exec-1] Fetching doctor profile by email: gamestamitaoe@gmail.com
2026-05-02 17:31:17,117 INFO c.s.b.s.b.s.j.JwtAuthenticationFilter [http-nio-8080-exec-4] JWT validated successfully for context user: gamestamitaoe@gmail.com
2026-05-02 17:31:17,117 INFO c.s.b.s.b.d.c.DoctorController [http-nio-8080-exec-4] Received request to fetch doctor by email: gamestamitaoe@gmail.com
2026-05-02 17:31:17,117 INFO c.s.b.s.b.d.s.DoctorService [http-nio-8080-exec-4] Fetching doctor profile by email: gamestamitaoe@gmail.com
2026-05-02 17:31:17,122 INFO c.s.b.s.b.s.j.JwtAuthenticationFilter [http-nio-8080-exec-10] JWT validated successfully for context user: gamestamitaoe@gmail.com
2026-05-02 17:31:17,125 INFO c.s.b.s.b.p.c.PrescriptionController [http-nio-8080-exec-10] Fetching prescriptions for doctor ID: DOC-3161d822
2026-05-02 17:31:17,149 INFO c.s.b.s.b.s.j.JwtAuthenticationFilter [http-nio-8080-exec-7] JWT validated successfully for context user: gamestamitaoe@gmail.com
2026-05-02 17:31:17,155 INFO c.s.b.s.b.d.c.DoctorController [http-nio-8080-exec-7] Received request to fetch doctor by email: gamestamitaoe@gmail.com
2026-05-02 17:31:17,159 INFO c.s.b.s.b.d.s.DoctorService [http-nio-8080-exec-7] Fetching doctor profile by email: gamestamitaoe@gmail.com
2026-05-02 17:31:17,195 INFO c.s.b.s.b.s.j.JwtAuthenticationFilter [http-nio-8080-exec-6] JWT validated successfully for context user: gamestamitaoe@gmail.com
2026-05-02 17:31:17,199 INFO c.s.b.s.b.p.c.PrescriptionController [http-nio-8080-exec-6] Fetching prescriptions for doctor ID: DOC-3161d822
2026-05-02 17:31:19,775 INFO c.s.b.s.b.s.j.JwtAuthenticationFilter [http-nio-8080-exec-5] JWT validated successfully for context user: gamestamitaoe@gmail.com
2026-05-02 17:31:19,777 INFO c.s.b.s.b.d.c.DoctorController [http-nio-8080-exec-5] Received request to fetch doctor by email: gamestamitaoe@gmail.com
2026-05-02 17:31:19,777 INFO c.s.b.s.b.d.s.DoctorService [http-nio-8080-exec-5] Fetching doctor profile by email: gamestamitaoe@gmail.com
2026-05-02 17:31:19,798 INFO c.s.b.s.b.s.j.JwtAuthenticationFilter [http-nio-8080-exec-3] JWT validated successfully for context user: gamestamitaoe@gmail.com
2026-05-02 17:31:19,799 INFO c.s.b.s.b.d.c.DoctorController [http-nio-8080-exec-3] Received request to fetch doctor by email: gamestamitaoe@gmail.com
2026-05-02 17:31:19,802 INFO c.s.b.s.b.d.s.DoctorService [http-nio-8080-exec-3] Fetching doctor profile by email: gamestamitaoe@gmail.com
2026-05-02 17:31:19,834 INFO c.s.b.s.b.s.j.JwtAuthenticationFilter [http-nio-8080-exec-2] JWT validated successfully for context user: gamestamitaoe@gmail.com
2026-05-02 17:31:19,837 INFO c.s.b.s.b.s.j.JwtAuthenticationFilter [http-nio-8080-exec-1] JWT validated successfully for context user: gamestamitaoe@gmail.com
2026-05-02 17:31:19,839 INFO c.s.b.s.b.p.c.PrescriptionController [http-nio-8080-exec-1] Fetching prescriptions for doctor ID: DOC-3161d822
2026-05-02 17:31:19,839 INFO c.s.b.s.b.d.c.DoctorController [http-nio-8080-exec-2] Received request to fetch doctor by email: gamestamitaoe@gmail.com
2026-05-02 17:31:19,841 INFO c.s.b.s.b.d.s.DoctorService [http-nio-8080-exec-2] Fetching doctor profile by email: gamestamitaoe@gmail.com
2026-05-02 17:31:19,869 INFO c.s.b.s.b.s.j.JwtAuthenticationFilter [http-nio-8080-exec-9] JWT validated successfully for context user: gamestamitaoe@gmail.com
2026-05-02 17:31:19,876 INFO c.s.b.s.b.d.c.DoctorController [http-nio-8080-exec-9] Received request to fetch doctor by email: gamestamitaoe@gmail.com
2026-05-02 17:31:19,876 INFO c.s.b.s.b.d.s.DoctorService [http-nio-8080-exec-9] Fetching doctor profile by email: gamestamitaoe@gmail.com
2026-05-02 17:31:19,909 INFO c.s.b.s.b.s.j.JwtAuthenticationFilter [http-nio-8080-exec-4] JWT validated successfully for context user: gamestamitaoe@gmail.com
2026-05-02 17:31:19,913 INFO c.s.b.s.b.p.c.PrescriptionController [http-nio-8080-exec-4] Fetching prescriptions for doctor ID: DOC-3161d822
2026-05-02 17:31:41,530 INFO c.s.b.s.b.s.j.JwtAuthenticationFilter [http-nio-8080-exec-2] JWT validated successfully for context user: gamestamitaoe@gmail.com
2026-05-02 17:31:41,534 INFO c.s.b.s.b.d.c.DoctorController [http-nio-8080-exec-2] Received request to fetch doctor by email: gamestamitaoe@gmail.com
2026-05-02 17:31:41,534 INFO c.s.b.s.b.d.s.DoctorService [http-nio-8080-exec-2] Fetching doctor profile by email: gamestamitaoe@gmail.com
2026-05-02 17:31:41,552 INFO c.s.b.s.b.s.j.JwtAuthenticationFilter [http-nio-8080-exec-1] JWT validated successfully for context user: gamestamitaoe@gmail.com
2026-05-02 17:31:41,560 INFO c.s.b.s.b.d.c.DoctorController [http-nio-8080-exec-1] Received request to fetch doctor by email: gamestamitaoe@gmail.com
2026-05-02 17:31:41,563 INFO c.s.b.s.b.d.s.DoctorService [http-nio-8080-exec-1] Fetching doctor profile by email: gamestamitaoe@gmail.com
2026-05-02 17:31:41,589 INFO c.s.b.s.b.s.j.JwtAuthenticationFilter [http-nio-8080-exec-9] JWT validated successfully for context user: gamestamitaoe@gmail.com
2026-05-02 17:31:41,594 INFO c.s.b.s.b.d.c.DoctorController [http-nio-8080-exec-9] Received request to fetch doctor by email: gamestamitaoe@gmail.com
2026-05-02 17:31:41,595 INFO c.s.b.s.b.d.s.DoctorService [http-nio-8080-exec-9] Fetching doctor profile by email: gamestamitaoe@gmail.com
2026-05-02 17:31:41,626 INFO c.s.b.s.b.s.j.JwtAuthenticationFilter [http-nio-8080-exec-4] JWT validated successfully for context user: gamestamitaoe@gmail.com
2026-05-02 17:31:41,627 INFO c.s.b.s.b.d.c.DoctorController [http-nio-8080-exec-4] Received request to fetch doctor by email: gamestamitaoe@gmail.com
2026-05-02 17:31:41,630 INFO c.s.b.s.b.d.s.DoctorService [http-nio-8080-exec-4] Fetching doctor profile by email: gamestamitaoe@gmail.com
